{
"type": "FeatureCollection",
"name": "hong-kong-coastline",
"crs": { "type": "name", "properties": { "name": "urn:ogc:def:crs:OGC:1.3:CRS84" } },
"features": [
{ "type": "Feature", "properties": { }, "geometry": { "type": "LineString", "coordinates": [ [ 114.2467257, 22.4497109 ], [ 114.246883700000012, 22.4496965 ], [ 114.2470287, 22.4497608 ], [ 114.2471251, 22.4498633 ], [ 114.2472392, 22.4501094 ], [ 114.2473787, 22.4503115 ], [ 114.2474199, 22.4505371 ], [ 114.247572, 22.4508798 ], [ 114.2476798, 22.451082 ], [ 114.2478414, 22.4512783 ], [ 114.2479778, 22.4513164 ], [ 114.2480697, 22.4514365 ], [ 114.2482091, 22.4514687 ], [ 114.2483169, 22.451624 ], [ 114.249103, 22.4522831 ], [ 114.2498226, 22.4526639 ], [ 114.250003300000017, 22.4526786 ], [ 114.2502886, 22.4525204 ], [ 114.25052, 22.4525995 ], [ 114.2509701, 22.4530653 ], [ 114.2513441, 22.4533319 ], [ 114.251559700000016, 22.453411 ], [ 114.2518988, 22.4534608 ], [ 114.2520071, 22.4534194 ], [ 114.2521746, 22.4535047 ], [ 114.2522856, 22.4533846 ], [ 114.2524631, 22.4533993 ], [ 114.2529259, 22.453578 ], [ 114.2531826, 22.4535575 ], [ 114.2534077, 22.4534842 ], [ 114.2536074, 22.4533817 ], [ 114.2538388, 22.4531297 ], [ 114.2539973, 22.4530214 ], [ 114.2540638, 22.4526639 ], [ 114.2541386, 22.4525295 ], [ 114.2543935, 22.4526552 ], [ 114.2542699, 22.4527753 ], [ 114.2543491, 22.4529042 ], [ 114.25452660000002, 22.4530096 ], [ 114.2546819, 22.4530829 ], [ 114.2547675, 22.4530419 ], [ 114.2548024, 22.4529657 ], [ 114.2549355, 22.4529569 ], [ 114.2550465, 22.4530682 ], [ 114.2551986, 22.4531473 ], [ 114.2554332, 22.453326 ], [ 114.2556678, 22.4533846 ], [ 114.2558833, 22.4534784 ], [ 114.2559657, 22.4534696 ], [ 114.2564507, 22.4538299 ], [ 114.2566314, 22.4538651 ], [ 114.2568564, 22.4538651 ], [ 114.2568026, 22.4539324 ], [ 114.2569579, 22.4540174 ], [ 114.2570149, 22.4540789 ], [ 114.2570181, 22.4541551 ], [ 114.2572178, 22.4542869 ], [ 114.2573604, 22.4544861 ], [ 114.2574238, 22.4547234 ], [ 114.2574334, 22.4553064 ], [ 114.2573097, 22.455406 ], [ 114.2571829, 22.455447 ], [ 114.2571512, 22.4555378 ], [ 114.2571798, 22.455611 ], [ 114.2574429, 22.4557956 ], [ 114.2577348, 22.4556173 ], [ 114.2579999, 22.4555947 ], [ 114.2580406, 22.4555578 ], [ 114.2582068, 22.455533 ], [ 114.2585217, 22.4555222 ], [ 114.258648400000013, 22.4555417 ], [ 114.2587691, 22.4556031 ], [ 114.2588686, 22.4557146 ], [ 114.2590436, 22.4560854 ], [ 114.259303, 22.4563864 ], [ 114.2594297, 22.4566513 ], [ 114.2595624, 22.4567823 ], [ 114.259564, 22.4568468 ], [ 114.2595125, 22.4568815 ], [ 114.259384200000014, 22.4567857 ], [ 114.2592901, 22.4568411 ], [ 114.259268500000019, 22.4571993 ], [ 114.2594693, 22.4576812 ], [ 114.2599849, 22.4584522 ], [ 114.260160200000016, 22.4585718 ], [ 114.260230100000015, 22.4586809 ], [ 114.2603254, 22.4586325 ], [ 114.2603548, 22.4585672 ], [ 114.2604378, 22.4585998 ], [ 114.2604775, 22.4586969 ], [ 114.2604558, 22.4591051 ], [ 114.2611862, 22.4604956 ], [ 114.2612362, 22.4605199 ] ] } },
{ "type": "Feature", "properties": { }, "geometry": { "type": "LineString", "coordinates": [ [ 114.0000737, 22.271253 ], [ 114.0005243, 22.2716321 ], [ 114.0007898, 22.2718009 ], [ 114.0018822, 22.2723917 ], [ 114.002668700000015, 22.2725145 ], [ 114.002879300000018, 22.2725096 ], [ 114.0031881, 22.272423 ], [ 114.003468, 22.2722645 ], [ 114.0036973, 22.272064 ], [ 114.003759, 22.2719803 ], [ 114.0037912, 22.2717367 ], [ 114.0038351, 22.2716961 ], [ 114.0039686, 22.2716594 ], [ 114.004180500000018, 22.2714215 ], [ 114.0044621, 22.2714084 ], [ 114.0049828, 22.2712207 ], [ 114.005153800000016, 22.2711202 ], [ 114.0053851, 22.2708385 ], [ 114.005414200000018, 22.2705404 ], [ 114.0054582, 22.2704817 ], [ 114.0055601, 22.2704296 ], [ 114.0057646, 22.2702431 ], [ 114.0058485, 22.2701044 ], [ 114.0061254, 22.2699635 ], [ 114.0064238, 22.269666 ], [ 114.006857, 22.2695652 ], [ 114.0069807, 22.269495 ], [ 114.0070474, 22.2694178 ], [ 114.0074035, 22.2694305 ], [ 114.0078132, 22.2692015 ], [ 114.0081478, 22.2690644 ], [ 114.0083741, 22.2690442 ], [ 114.0088217, 22.2689303 ], [ 114.0090178, 22.2689226 ], [ 114.009169, 22.2688304 ], [ 114.0096284, 22.2689198 ], [ 114.0097256, 22.2689074 ], [ 114.0098047, 22.2688565 ], [ 114.0100884, 22.2686195 ], [ 114.0102319, 22.2684438 ], [ 114.0104713, 22.2680814 ], [ 114.0105705, 22.2678096 ], [ 114.010592, 22.2677054 ], [ 114.0105598, 22.2675627 ], [ 114.0103492, 22.2672816 ], [ 114.0103499, 22.2670811 ], [ 114.0103874, 22.2669887 ], [ 114.0106691, 22.2669334 ], [ 114.0107663, 22.2667175 ], [ 114.0108937, 22.2666976 ], [ 114.01106, 22.2667318 ], [ 114.01129, 22.2667026 ], [ 114.011459, 22.2666393 ], [ 114.0114932, 22.2665552 ], [ 114.0115488, 22.2665251 ], [ 114.0117124, 22.2665611 ], [ 114.0119971, 22.2663991 ], [ 114.0123247, 22.26637 ], [ 114.012629100000012, 22.266221 ], [ 114.0134948, 22.2659927 ], [ 114.013596, 22.2658943 ], [ 114.013708, 22.2655766 ], [ 114.013988, 22.2654503 ], [ 114.0139387, 22.2653541 ], [ 114.0139618, 22.2653079 ], [ 114.0142679, 22.2653349 ], [ 114.014561, 22.2652499 ], [ 114.014635, 22.2653181 ], [ 114.0147296, 22.2653411 ], [ 114.0150863, 22.2652251 ], [ 114.0152117, 22.265284 ], [ 114.0154293, 22.2652527 ], [ 114.0156918, 22.2652955 ], [ 114.015812200000013, 22.2653309 ], [ 114.0158994, 22.2653914 ], [ 114.0160516, 22.2653988 ], [ 114.0163051, 22.2654888 ], [ 114.0165503, 22.2654857 ], [ 114.017048700000018, 22.2653653 ], [ 114.01728, 22.2653746 ], [ 114.0174856, 22.2654336 ], [ 114.017955, 22.2654882 ], [ 114.018153400000017, 22.265593 ], [ 114.0182765, 22.2657513 ], [ 114.0184172, 22.2658514 ], [ 114.0189227, 22.2661011 ], [ 114.0193775, 22.2662284 ], [ 114.0196907, 22.2663985 ], [ 114.0199582, 22.2663855 ], [ 114.0202291, 22.2663067 ], [ 114.0204994, 22.2662124 ], [ 114.020820500000013, 22.2660062 ], [ 114.0208782, 22.2659554 ], [ 114.020893, 22.2658928 ], [ 114.020709600000018, 22.2656774 ], [ 114.0207579, 22.2654947 ], [ 114.02081130000002, 22.2654657 ], [ 114.0208651, 22.2654754 ], [ 114.020816900000014, 22.265549 ], [ 114.0208517, 22.2655881 ], [ 114.0208256, 22.2656675 ], [ 114.0208863, 22.2657541 ], [ 114.0210576, 22.2657575 ], [ 114.0214777, 22.2659176 ], [ 114.02167080000001, 22.2659567 ], [ 114.0225144, 22.2659998 ], [ 114.0228912, 22.265957 ], [ 114.0233847, 22.2657839 ], [ 114.0235038, 22.2658366 ] ] } },
{ "type": "Feature", "properties": { }, "geometry": { "type": "LineString", "coordinates": [ [ 114.0259543, 22.3102323 ], [ 114.02614, 22.3105003 ], [ 114.0262239, 22.3105661 ], [ 114.0265833, 22.3106393 ], [ 114.0266718, 22.3106839 ], [ 114.0267992, 22.3107937 ], [ 114.0269051, 22.3110084 ], [ 114.0272994, 22.3112875 ], [ 114.0276032, 22.3116591 ], [ 114.0283262, 22.3121499 ] ] } },
{ "type": "Feature", "properties": { }, "geometry": { "type": "Polygon", "coordinates": [ [ [ 114.3137405, 22.388812 ], [ 114.3139068, 22.3889137 ], [ 114.3139819, 22.3892064 ], [ 114.3138771, 22.3894709 ], [ 114.3137029, 22.3896825 ], [ 114.3136493, 22.3899305 ], [ 114.3135576, 22.3901111 ], [ 114.3133999, 22.3901711 ], [ 114.3132523, 22.3901785 ], [ 114.3130163, 22.3901165 ], [ 114.312882, 22.3899247 ], [ 114.31295870000001, 22.3895657 ], [ 114.313041900000016, 22.3893375 ], [ 114.3133664, 22.3890548 ], [ 114.3135796, 22.3889583 ], [ 114.3137405, 22.388812 ] ] ] } },
{ "type": "Feature", "properties": { }, "geometry": { "type": "LineString", "coordinates": [ [ 114.2470982, 22.5462069 ], [ 114.2471348, 22.5463733 ], [ 114.247085, 22.546384 ], [ 114.2470544, 22.5463547 ], [ 114.2469766, 22.546487 ], [ 114.2469822, 22.5468088 ], [ 114.2466742, 22.5473114 ], [ 114.2467007, 22.5475031 ], [ 114.2468499, 22.5476464 ], [ 114.2467548, 22.5477047 ], [ 114.2467061, 22.5479392 ], [ 114.2467857, 22.5481704 ], [ 114.247084, 22.5483493 ], [ 114.2471098, 22.5484677 ], [ 114.2470923, 22.548671 ], [ 114.2474437, 22.5487784 ], [ 114.24751, 22.54884 ], [ 114.2475799, 22.5491763 ], [ 114.2475839, 22.5493429 ], [ 114.247414, 22.5494611 ], [ 114.247152, 22.5495194 ], [ 114.2469198, 22.5494281 ], [ 114.2465453, 22.5494525 ], [ 114.2463542, 22.5495085 ], [ 114.2463091, 22.5495821 ], [ 114.2461781, 22.5496405 ], [ 114.2451824, 22.5496503 ], [ 114.2448982, 22.5496288 ], [ 114.244708, 22.5491646 ], [ 114.2444183, 22.5488606 ], [ 114.2443539, 22.5487213 ], [ 114.2442932, 22.5484221 ], [ 114.2441441, 22.5483731 ], [ 114.2442011, 22.5483002 ], [ 114.2442935, 22.5482882 ], [ 114.2443831, 22.5481475 ], [ 114.2444922, 22.5472419 ], [ 114.2446547, 22.5467833 ], [ 114.2446738, 22.5465781 ], [ 114.2445626, 22.5464466 ], [ 114.24456, 22.5461709 ], [ 114.244522, 22.5460834 ], [ 114.2443756, 22.5459901 ], [ 114.2437849, 22.5459029 ], [ 114.2437631, 22.5460232 ], [ 114.24395, 22.5462101 ], [ 114.2438725, 22.5464894 ], [ 114.2437595, 22.5471934 ], [ 114.2437795, 22.547616 ], [ 114.2435731, 22.5479683 ], [ 114.2434114, 22.5481587 ], [ 114.2434413, 22.5482156 ], [ 114.2435898, 22.5482537 ], [ 114.2435904, 22.5482831 ], [ 114.2434372, 22.5482632 ], [ 114.2434262, 22.5482917 ], [ 114.2433057, 22.5483237 ], [ 114.2431174, 22.548433 ], [ 114.2430993, 22.5484664 ], [ 114.2431138, 22.5486425 ], [ 114.2430378, 22.5487083 ], [ 114.2429859, 22.5489201 ], [ 114.2430776, 22.5490762 ], [ 114.243074, 22.5491274 ], [ 114.2429316, 22.5492768 ], [ 114.2430041, 22.5493126 ], [ 114.2430475, 22.5493972 ], [ 114.2429883, 22.5495159 ], [ 114.2430179, 22.5495347 ], [ 114.2430403, 22.5498583 ], [ 114.2430899, 22.5499154 ], [ 114.2430409, 22.5500593 ], [ 114.242996, 22.550092 ], [ 114.2430248, 22.5501785 ], [ 114.2429777, 22.5502333 ], [ 114.2429919, 22.5502797 ], [ 114.2428579, 22.5503286 ], [ 114.2427987, 22.5503915 ], [ 114.2427342, 22.5503879 ] ] } },
{ "type": "Feature", "properties": { }, "geometry": { "type": "LineString", "coordinates": [ [ 114.1384837, 22.1883562 ], [ 114.1389021, 22.1882122 ], [ 114.1393205, 22.1880184 ], [ 114.1400287, 22.1879017 ], [ 114.1402191, 22.1878123 ], [ 114.1404042, 22.1876906 ], [ 114.1405946, 22.1875093 ], [ 114.1408923, 22.1869828 ], [ 114.1420752, 22.1862451 ], [ 114.1423219, 22.1861334 ], [ 114.1425472, 22.1859719 ], [ 114.1431467, 22.1854144 ], [ 114.1432486, 22.1852529 ], [ 114.1432889, 22.1851288 ], [ 114.1433063, 22.1846842 ], [ 114.1433519, 22.1844843 ], [ 114.1434753, 22.1842508 ], [ 114.1440922, 22.1837938 ], [ 114.1442692, 22.1836845 ], [ 114.1451865, 22.1834175 ], [ 114.1454387, 22.1834212 ], [ 114.1460609, 22.1835715 ], [ 114.1462071, 22.1835479 ], [ 114.1474074, 22.1830338 ], [ 114.1478419, 22.1828922 ], [ 114.1480511, 22.1827544 ], [ 114.1481356, 22.1824886 ], [ 114.1481262, 22.1821906 ], [ 114.1479908, 22.1819124 ], [ 114.147905600000016, 22.1815218 ], [ 114.1479251, 22.1814324 ], [ 114.1479935, 22.1813287 ], [ 114.1481088, 22.1812828 ], [ 114.1490033, 22.1811847 ], [ 114.1491508, 22.1812406 ], [ 114.1493359, 22.1813672 ], [ 114.1495988, 22.1816454 ], [ 114.1496336, 22.1817323 ], [ 114.1496524, 22.1819037 ], [ 114.1496028, 22.1822936 ], [ 114.1495237, 22.182434 ], [ 114.1490784, 22.182542 ], [ 114.1489403, 22.182614 ], [ 114.1489242, 22.1826799 ], [ 114.1489564, 22.183038799999988 ], [ 114.1491938, 22.183148 ], [ 114.1492581, 22.1832337 ], [ 114.1492487, 22.1833157 ], [ 114.1492139, 22.1833554 ], [ 114.1489322, 22.1834728 ], [ 114.1488598, 22.1836845 ], [ 114.1482671, 22.1839975 ], [ 114.1478956, 22.1843154 ], [ 114.147497300000012, 22.1845799 ], [ 114.1474932, 22.185022 ], [ 114.147457, 22.1851511 ], [ 114.1471204, 22.1857745 ], [ 114.1470091, 22.1863569 ], [ 114.147088200000013, 22.1867593 ], [ 114.147088200000013, 22.1870101 ], [ 114.147048, 22.1871989 ], [ 114.1468361, 22.1875888 ], [ 114.1461199, 22.1885077 ], [ 114.1460395, 22.1887958 ], [ 114.1459604, 22.1893745 ], [ 114.1457954, 22.1896973 ], [ 114.145637100000016, 22.1899084 ], [ 114.1453636, 22.1900972 ], [ 114.1452321, 22.1901419 ], [ 114.144056600000013, 22.1902569 ], [ 114.1436899, 22.1903555 ], [ 114.1434538, 22.1905244 ], [ 114.143338500000013, 22.1907007 ], [ 114.1432554, 22.1910161 ], [ 114.1432956, 22.19119 ], [ 114.1435423, 22.1914557 ], [ 114.1438508, 22.1917289 ], [ 114.1439795, 22.1919251 ], [ 114.1440788, 22.1921685 ], [ 114.1441083, 22.1923274 ], [ 114.1440707, 22.1925509 ], [ 114.1438884, 22.1929359 ], [ 114.1438267, 22.1932985 ], [ 114.1437757, 22.1934127 ], [ 114.1436819, 22.1935416 ], [ 114.1432554, 22.19382 ], [ 114.1430113, 22.1940758 ], [ 114.1427538, 22.1944086 ], [ 114.1424534, 22.1949053 ], [ 114.1422415, 22.1951561 ], [ 114.1422281, 22.1953076 ], [ 114.1423166, 22.1955038 ], [ 114.1423112, 22.1956602 ], [ 114.1422629, 22.1957174 ], [ 114.1421181, 22.1957745 ], [ 114.1420108, 22.1960725 ], [ 114.1419223, 22.1961569 ], [ 114.1418391, 22.1961693 ], [ 114.1417748, 22.1961321 ], [ 114.1416407, 22.1957372 ], [ 114.1415521, 22.1956205 ], [ 114.1411847, 22.1953846 ], [ 114.1409299, 22.1953101 ], [ 114.1406241, 22.195392 ], [ 114.1403183, 22.195623 ], [ 114.1401225, 22.1959136 ], [ 114.1398577, 22.1966541 ], [ 114.139653100000018, 22.1971056 ], [ 114.1396269, 22.1973365 ], [ 114.1396411, 22.1976135 ], [ 114.1397551, 22.1979823 ], [ 114.1398892, 22.1982604 ], [ 114.1401288, 22.1984306 ], [ 114.1402361, 22.1986483 ], [ 114.1405632, 22.1989307 ], [ 114.140844, 22.1990402 ], [ 114.1410184, 22.1990203 ], [ 114.1411847, 22.1989582 ], [ 114.1416353, 22.1984243 ], [ 114.1418217, 22.1983163 ], [ 114.1418619, 22.1983274 ], [ 114.141874, 22.1983672 ], [ 114.141756, 22.1986155 ], [ 114.1418043, 22.1987459 ], [ 114.1422817, 22.1988825 ], [ 114.1424614, 22.1988589 ], [ 114.1425312, 22.1987844 ], [ 114.1425338, 22.1986329 ], [ 114.1424587, 22.1983423 ], [ 114.1425016, 22.1981387 ], [ 114.1426478, 22.1980555 ], [ 114.1427726, 22.1980555 ], [ 114.1430837, 22.1981586 ], [ 114.1432205, 22.1981139 ], [ 114.1434123, 22.1979487 ], [ 114.1435075, 22.197945 ], [ 114.14357720000001, 22.1979773 ], [ 114.143581200000014, 22.1980717 ], [ 114.143482, 22.1981213 ], [ 114.1433305, 22.1982616 ], [ 114.1433077, 22.1983535 ], [ 114.1433358, 22.1984467 ], [ 114.1434029, 22.1984789 ], [ 114.143708600000011, 22.198397 ], [ 114.1438696, 22.1984119 ], [ 114.1440493, 22.1984839 ], [ 114.1441512, 22.1985981 ], [ 114.1441834, 22.1987372 ], [ 114.1441566, 22.1989235 ], [ 114.1440412, 22.1990427 ], [ 114.143765, 22.1990834 ], [ 114.1436228, 22.1990501 ], [ 114.1435102, 22.1990725 ], [ 114.1433921, 22.1991594 ], [ 114.143362600000017, 22.1992736 ], [ 114.1433948, 22.1994152 ], [ 114.1435906, 22.1996114 ], [ 114.1437328, 22.1996772 ], [ 114.1443256, 22.19981 ], [ 114.144853900000015, 22.2000087 ], [ 114.1450457, 22.1999988 ], [ 114.1453394, 22.1998212 ], [ 114.1454829, 22.1998026 ], [ 114.1464096, 22.1999864 ], [ 114.1466939, 22.2001056 ], [ 114.146812, 22.2002446 ], [ 114.1468441, 22.2004334 ], [ 114.146812, 22.2006221 ], [ 114.1466162, 22.2009673 ], [ 114.1466027, 22.2012901 ], [ 114.1466296, 22.2014478 ], [ 114.1466846, 22.2014913 ], [ 114.146934, 22.2015583 ], [ 114.1468441, 22.2017495 ], [ 114.1468361, 22.2018439 ], [ 114.1470909, 22.2024374 ], [ 114.1471821, 22.2025715 ], [ 114.1473082, 22.2026957 ], [ 114.1476823, 22.2028683 ], [ 114.1479653, 22.203038399999986 ], [ 114.1479626, 22.203165 ], [ 114.1478553, 22.2033463 ], [ 114.1478607, 22.2034779 ], [ 114.1479734, 22.2035524 ], [ 114.1482711, 22.2036418 ], [ 114.1485313, 22.2036667 ], [ 114.1489175, 22.2036394 ], [ 114.1493198, 22.203766 ], [ 114.1495914, 22.203753 ], [ 114.1495914, 22.2037896 ], [ 114.149411, 22.2038864 ], [ 114.1494338, 22.2039423 ], [ 114.1495317, 22.203987 ], [ 114.1498455, 22.2039001 ], [ 114.1499408, 22.203946 ], [ 114.1500011, 22.2040218 ], [ 114.150006500000018, 22.2041286 ], [ 114.1499448, 22.2043223 ], [ 114.1495854, 22.2049021 ], [ 114.14958, 22.2049754 ], [ 114.1496336, 22.2050474 ], [ 114.1499019, 22.2052386 ], [ 114.1498455, 22.2053777 ], [ 114.149684600000015, 22.2054894 ], [ 114.1496578, 22.2055366 ], [ 114.1496685, 22.2055788 ], [ 114.1498697, 22.2057204 ], [ 114.1500051, 22.205698 ], [ 114.1501996, 22.2055267 ], [ 114.150376600000016, 22.2054397 ], [ 114.150492, 22.2054174 ], [ 114.1506435, 22.2054435 ], [ 114.1507494, 22.2055167 ], [ 114.1509265, 22.2057675 ], [ 114.1513261, 22.2060134 ], [ 114.1515353, 22.2062567 ], [ 114.1516373, 22.2062965 ], [ 114.1518599, 22.2063089 ], [ 114.1522193, 22.2062791 ], [ 114.1525894, 22.20615 ], [ 114.1528201, 22.2059662 ], [ 114.1529596, 22.2056781 ], [ 114.1530776, 22.2053355 ], [ 114.1532975, 22.204963 ], [ 114.153517500000021, 22.2047444 ], [ 114.1541666, 22.2043173 ], [ 114.1553602, 22.2037946 ], [ 114.1555801, 22.2037523 ], [ 114.1558067, 22.2037474 ], [ 114.156366, 22.2038355 ], [ 114.1569909, 22.2040069 ], [ 114.1574469, 22.2040615 ], [ 114.1575314, 22.2041211 ], [ 114.157569, 22.2043074 ], [ 114.1579136, 22.2045346 ], [ 114.1579565, 22.2046873 ], [ 114.157902900000011, 22.2050002 ], [ 114.1577768, 22.2052212 ], [ 114.1577232, 22.2054571 ], [ 114.1577768, 22.2057924 ], [ 114.1578922, 22.2059662 ], [ 114.158375, 22.2062394 ], [ 114.1590965, 22.2065423 ], [ 114.1595229, 22.2066789 ], [ 114.1597831, 22.2068304 ], [ 114.1600004, 22.2070365 ], [ 114.1601077, 22.2072004 ], [ 114.1601881, 22.2074413 ], [ 114.1601989, 22.2076908 ], [ 114.1601104, 22.2081055 ], [ 114.1603826, 22.2081304 ], [ 114.1604228, 22.2082694 ], [ 114.1604201, 22.2083216 ], [ 114.1603551, 22.2083905 ], [ 114.160056, 22.2084526 ], [ 114.160082200000019, 22.2084817 ], [ 114.160298800000021, 22.2085351 ], [ 114.1603343, 22.2086096 ], [ 114.1603048, 22.2087611 ], [ 114.160142500000021, 22.2089449 ], [ 114.1599883, 22.2090504 ], [ 114.1599052, 22.2091646 ], [ 114.159669100000016, 22.209326 ], [ 114.1596128, 22.2093943 ], [ 114.1595551, 22.2096451 ], [ 114.1593339, 22.2098543 ], [ 114.1591716, 22.2098276 ], [ 114.1591823, 22.2099797 ], [ 114.1588618, 22.2100673 ], [ 114.1584467, 22.2103317 ], [ 114.1583224, 22.210252 ], [ 114.158248, 22.2102901 ], [ 114.158229, 22.2102544 ], [ 114.1584963, 22.2101418 ], [ 114.158489, 22.210094 ], [ 114.1581993, 22.2101126 ], [ 114.1576213, 22.2100524 ], [ 114.1563714, 22.2098699 ], [ 114.1562354, 22.2098078 ], [ 114.1558597, 22.2097444 ], [ 114.1555747, 22.2096476 ], [ 114.1554956, 22.2095818 ], [ 114.1554165, 22.2094564 ], [ 114.1552891, 22.2093596 ], [ 114.1551134, 22.2093 ], [ 114.1547097, 22.2093186 ], [ 114.1541773, 22.2094303 ], [ 114.1537321, 22.2094738 ], [ 114.1535255, 22.2094576 ], [ 114.1530883, 22.2093658 ], [ 114.1529301, 22.2093782 ], [ 114.1527946, 22.2094378 ], [ 114.1525801, 22.2096004 ], [ 114.152400300000011, 22.2097867 ], [ 114.1522595, 22.2100536 ], [ 114.1522247, 22.2103988 ], [ 114.1522381, 22.2104658 ], [ 114.1523266, 22.2105751 ], [ 114.1521764, 22.2107812 ], [ 114.152171, 22.2109302 ], [ 114.1522676, 22.2113151 ], [ 114.1522595, 22.2114516 ], [ 114.1522381, 22.2115808 ], [ 114.1520208, 22.2118788 ], [ 114.1519135, 22.2119259 ], [ 114.1516346, 22.2119508 ], [ 114.150897, 22.2118912 ], [ 114.150618, 22.2119135 ], [ 114.1503471, 22.2118912 ], [ 114.1501647, 22.2118043 ], [ 114.1497892, 22.2114343 ], [ 114.149462, 22.2112008 ], [ 114.1492018, 22.2110593 ], [ 114.148992600000014, 22.210989799999989 ], [ 114.1487378, 22.2109848 ], [ 114.1477856, 22.2111636 ], [ 114.1476542, 22.2111263 ], [ 114.1475281, 22.211037 ], [ 114.147171400000019, 22.2106856 ], [ 114.1471593, 22.2104969 ], [ 114.1470654, 22.2102808 ], [ 114.1469273, 22.2101144 ], [ 114.1465773, 22.2098699 ], [ 114.1466899, 22.2096501 ], [ 114.14669760000001, 22.2095378 ], [ 114.1466667, 22.2093863 ], [ 114.1465491, 22.2092217 ], [ 114.1464673, 22.2091758 ], [ 114.14601, 22.2092292 ], [ 114.1457653, 22.2092102 ], [ 114.1455115, 22.2093216 ], [ 114.1454921, 22.2092835 ], [ 114.1457525, 22.2091853 ], [ 114.145676, 22.2089064 ], [ 114.1456901, 22.2084588 ], [ 114.1456452, 22.2082744 ], [ 114.1455352, 22.2081738 ], [ 114.1452998, 22.2080413 ], [ 114.145115500000017, 22.207959 ], [ 114.144744200000019, 22.2078552 ], [ 114.144516, 22.2078237 ], [ 114.1436818, 22.2078038 ], [ 114.1433895, 22.2078634 ], [ 114.1432741, 22.2079292 ], [ 114.1428691, 22.2083762 ], [ 114.1424628, 22.2085711 ], [ 114.1422334, 22.2087325 ], [ 114.1419558, 22.2087983 ], [ 114.1410452, 22.2089026 ], [ 114.14068180000001, 22.2090417 ], [ 114.1404672, 22.2089747 ], [ 114.1403398, 22.2089871 ], [ 114.1397846, 22.2091808 ], [ 114.139684, 22.2091634 ], [ 114.1394185, 22.2089933 ], [ 114.1391368, 22.2089622 ], [ 114.138945, 22.2089809 ], [ 114.1384864, 22.2088393 ], [ 114.138017, 22.2088542 ], [ 114.1375074, 22.2088269 ], [ 114.1365726, 22.2087052 ], [ 114.136324500000015, 22.2086431 ], [ 114.1357263, 22.2083799 ], [ 114.135485, 22.2081602 ], [ 114.1351028, 22.2080099 ], [ 114.1344671, 22.2079429 ], [ 114.134288700000013, 22.2078584 ], [ 114.1339521, 22.2075009 ], [ 114.1337818, 22.2073904 ], [ 114.133304, 22.2072535 ], [ 114.1332896, 22.2072954 ], [ 114.1329993, 22.2072016 ], [ 114.133014, 22.2071439 ], [ 114.1326767, 22.2070191 ], [ 114.1327042, 22.2069396 ], [ 114.1314473, 22.206131 ], [ 114.1313872, 22.2060457 ], [ 114.130936, 22.2047904 ], [ 114.130649, 22.2042751 ], [ 114.1307361, 22.2042267 ], [ 114.1306928, 22.2038502 ], [ 114.1306498, 22.2037592 ], [ 114.1307147, 22.2036788 ], [ 114.1307657, 22.2035102 ], [ 114.1307133, 22.2032796 ], [ 114.1305028, 22.2028484 ], [ 114.1303499, 22.2022847 ], [ 114.1302453, 22.2023021 ], [ 114.1302104, 22.2021208 ], [ 114.1300119, 22.2021109 ], [ 114.1298658, 22.2022959 ], [ 114.1296163, 22.2027329 ], [ 114.1292837, 22.2029937 ], [ 114.1291738, 22.2031253 ], [ 114.1290235, 22.2036443 ], [ 114.1288277, 22.2038939 ], [ 114.128648, 22.2040466 ], [ 114.1284576, 22.2041335 ], [ 114.1279574, 22.2042689 ], [ 114.127665, 22.2045035 ], [ 114.1273954, 22.2048239 ], [ 114.1273056, 22.2051579 ], [ 114.1272561, 22.2052246 ], [ 114.1271768, 22.2052486 ], [ 114.1270948, 22.2052111 ], [ 114.127043, 22.205147 ], [ 114.1270837, 22.2049938 ], [ 114.1270504, 22.2048994 ], [ 114.1270052, 22.2048835 ], [ 114.126922, 22.2048959 ], [ 114.1267806, 22.2049928 ], [ 114.1265774, 22.2050039 ], [ 114.1266243, 22.2050579 ], [ 114.126766800000013, 22.2050713 ], [ 114.1269393, 22.2049596 ], [ 114.1269762, 22.2051796 ], [ 114.1270133, 22.2052334 ], [ 114.1271285, 22.2052818 ], [ 114.127211, 22.2053566 ], [ 114.1271762, 22.2054379 ], [ 114.1270266, 22.2055155 ], [ 114.1268892, 22.2056483 ], [ 114.1266122, 22.2060599 ], [ 114.1267262, 22.2063486 ], [ 114.126908, 22.2065963 ], [ 114.1269046, 22.2066466 ], [ 114.1266713, 22.2070415 ], [ 114.1266216, 22.2072625 ], [ 114.1267142, 22.2075443 ], [ 114.1270132, 22.2078262 ], [ 114.127036, 22.2079379 ], [ 114.1270266, 22.2084991 ], [ 114.1269509, 22.2089014 ], [ 114.1269536, 22.2090758 ], [ 114.1269267, 22.2090883 ], [ 114.1268941, 22.2092694 ], [ 114.1269918, 22.209547 ], [ 114.1271219, 22.2097296 ], [ 114.1275349, 22.2099294 ], [ 114.1277683, 22.2099779 ], [ 114.127962700000012, 22.2099655 ], [ 114.1280814, 22.2099195 ], [ 114.1282316, 22.2096619 ], [ 114.12852, 22.2096737 ], [ 114.1288961, 22.2095619 ], [ 114.1290329, 22.2095706 ], [ 114.1292851, 22.2096451 ], [ 114.1295563, 22.2098666 ], [ 114.1296637, 22.2100338 ], [ 114.1297048, 22.2102101 ], [ 114.1298255, 22.2103739 ], [ 114.130985, 22.2111085 ], [ 114.1317184, 22.2115329 ], [ 114.1341819, 22.2131068 ], [ 114.1343048, 22.2131507 ], [ 114.1345321, 22.2131613 ], [ 114.134632700000012, 22.2131948 ], [ 114.1346555, 22.213373 ], [ 114.1350049, 22.2138591 ], [ 114.1354018, 22.2142551 ], [ 114.1357264, 22.2145208 ], [ 114.1362977, 22.2152086 ], [ 114.136753700000014, 22.2161125 ], [ 114.1370273, 22.2165023 ], [ 114.1370568, 22.2166464 ], [ 114.1369495, 22.2172746 ], [ 114.1367698, 22.21795 ], [ 114.136751, 22.2182181 ], [ 114.1368663, 22.2185906 ], [ 114.1368422, 22.2187992 ], [ 114.1366598, 22.2190028 ], [ 114.1360509, 22.2199463 ], [ 114.1360429, 22.2200171 ], [ 114.1361421, 22.2201102 ], [ 114.1361314, 22.2202108 ], [ 114.1358203, 22.2206937 ], [ 114.1355118, 22.2209482 ], [ 114.134280700000019, 22.2212524 ], [ 114.134109, 22.2213865 ], [ 114.1339159, 22.2216956 ], [ 114.133720100000019, 22.2217453 ], [ 114.1335498, 22.2216733 ], [ 114.133477400000018, 22.2216112 ], [ 114.1334538, 22.2214741 ], [ 114.1334935, 22.2211543 ], [ 114.1334388, 22.2210554 ], [ 114.133374100000012, 22.2209892 ], [ 114.13279, 22.2206708 ], [ 114.1326278, 22.2207589 ], [ 114.1326385, 22.2207272 ], [ 114.1325265, 22.2205038 ], [ 114.1321953, 22.220109 ], [ 114.132155, 22.220027 ], [ 114.132159700000017, 22.219937 ], [ 114.1320451, 22.2198507 ], [ 114.1320068, 22.2198594 ], [ 114.1318506, 22.2197278 ], [ 114.1319163, 22.2196372 ], [ 114.1318275, 22.2195054 ], [ 114.1317943, 22.2193492 ], [ 114.1319713, 22.2191307 ], [ 114.1319767, 22.2190884 ], [ 114.1319539, 22.2189978 ], [ 114.1318546, 22.2188923 ], [ 114.1316012, 22.2187433 ], [ 114.1314751, 22.2187197 ], [ 114.1313437, 22.2186489 ], [ 114.1306141, 22.2180232 ], [ 114.1303284, 22.2179313 ], [ 114.130142, 22.2179611 ], [ 114.1300026, 22.2180046 ], [ 114.1298604, 22.2181163 ], [ 114.129668600000016, 22.2183597 ], [ 114.1295278, 22.218608 ], [ 114.1289243, 22.2190276 ], [ 114.128459, 22.2192393 ], [ 114.127934600000017, 22.2194174 ], [ 114.1275184, 22.2196567 ], [ 114.1272817, 22.2199036 ], [ 114.1270749, 22.2201735 ], [ 114.1270119, 22.2204554 ], [ 114.127064200000021, 22.2207502 ], [ 114.1269475, 22.2208582 ], [ 114.1268121, 22.2211357 ], [ 114.1264272, 22.2215355 ], [ 114.1258693, 22.2219824 ], [ 114.125469600000017, 22.2222555 ], [ 114.125365, 22.222474 ], [ 114.1253301, 22.2226975 ], [ 114.1253409, 22.2229855 ], [ 114.1254441, 22.2233443 ], [ 114.1256379, 22.2237546 ], [ 114.125872, 22.2237813 ], [ 114.1262895, 22.223707 ], [ 114.1264223, 22.2236294 ], [ 114.1264748, 22.2235649 ], [ 114.1265341, 22.2232644 ], [ 114.1265813, 22.2232361 ], [ 114.126658300000017, 22.2232748 ], [ 114.1266017, 22.2235414 ], [ 114.126737, 22.2236299 ], [ 114.1266813, 22.2237434 ], [ 114.1265941, 22.2238024 ], [ 114.126165, 22.2238949 ], [ 114.1261207, 22.2239322 ], [ 114.1260691, 22.2242295 ], [ 114.1257969, 22.2243958 ], [ 114.125617100000014, 22.2246019 ], [ 114.1255555, 22.2249818 ], [ 114.1255823, 22.2251606 ], [ 114.1257325, 22.2255181 ], [ 114.1259417, 22.2257292 ], [ 114.1260061, 22.2258856 ], [ 114.1259873, 22.2261438 ], [ 114.1258532, 22.2262903 ], [ 114.1255112, 22.2264989 ], [ 114.1252778, 22.2265473 ], [ 114.1249546, 22.2265448 ], [ 114.1247883, 22.2266255 ], [ 114.1245107, 22.2269036 ], [ 114.1244289, 22.2269359 ], [ 114.1241245, 22.2269458 ], [ 114.123954200000014, 22.2270414 ], [ 114.1238227, 22.2270513 ], [ 114.1235894, 22.2271382 ], [ 114.12336950000001, 22.2273282 ], [ 114.1232648, 22.2275467 ], [ 114.1232541, 22.2276212 ], [ 114.123409700000011, 22.2277441 ], [ 114.1233909, 22.2277937 ], [ 114.1231187, 22.2277639 ], [ 114.1225073, 22.2283289 ], [ 114.1220552, 22.2286938 ], [ 114.1218567, 22.2288229 ], [ 114.1209206, 22.2292226 ], [ 114.120706, 22.2293616 ], [ 114.1205692, 22.2295628 ], [ 114.1204968, 22.2297763 ], [ 114.1203117, 22.2306205 ], [ 114.1202313, 22.2321375 ], [ 114.1202795, 22.2326092 ], [ 114.1203922, 22.2329469 ], [ 114.120534400000011, 22.2331604 ], [ 114.1207811, 22.2336743 ], [ 114.1209152, 22.2338009 ], [ 114.1214141, 22.2340194 ], [ 114.1217548, 22.2341274 ], [ 114.1219144, 22.2341311 ], [ 114.1220082, 22.2340678 ], [ 114.122086, 22.2341026 ], [ 114.1220874, 22.234372 ], [ 114.1221517, 22.2346649 ], [ 114.1222107, 22.2348313 ], [ 114.1225621, 22.2354867 ], [ 114.122825, 22.236172 ], [ 114.1230355, 22.2368485 ], [ 114.1230007, 22.2371365 ], [ 114.1228048, 22.2376194 ], [ 114.1225755, 22.2380936 ], [ 114.122371700000016, 22.2383779 ], [ 114.1222711, 22.238471 ], [ 114.12206190000002, 22.2385516 ], [ 114.1215791, 22.2389737 ], [ 114.1215241, 22.2389936 ], [ 114.1212223, 22.2389824 ], [ 114.1211687, 22.239145 ], [ 114.1210842, 22.2392015 ], [ 114.12084950000002, 22.2392245 ], [ 114.1204955, 22.2391872 ], [ 114.1203399, 22.2392058 ], [ 114.1201508, 22.2393039 ], [ 114.1201052, 22.2393014 ], [ 114.1198853, 22.2390743 ], [ 114.1197109, 22.2390494 ], [ 114.1194507, 22.2391016 ], [ 114.1190457, 22.2393126 ], [ 114.1188231, 22.2396279 ], [ 114.1188177, 22.2400425 ], [ 114.1187641, 22.2401393 ], [ 114.1184811, 22.2402995 ], [ 114.1184784, 22.2403913 ], [ 114.1185696, 22.2405167 ], [ 114.1185428, 22.2406296 ], [ 114.1183725, 22.240904 ], [ 114.1181914, 22.2409946 ], [ 114.1180935, 22.2411336 ], [ 114.1180332, 22.2411647 ], [ 114.1179085, 22.2410976 ], [ 114.1177301, 22.240724 ], [ 114.1175786, 22.2405651 ], [ 114.1175517, 22.2404993 ], [ 114.1175584, 22.2403019 ], [ 114.117469900000017, 22.2401691 ], [ 114.1171541, 22.2398861 ], [ 114.1169295, 22.2398327 ], [ 114.1168584, 22.2397769 ], [ 114.116853, 22.2397297 ], [ 114.1168986, 22.2396769 ], [ 114.1172567, 22.2394479 ], [ 114.1172996, 22.2392356 ], [ 114.1172567, 22.2390966 ], [ 114.117144, 22.2389402 ], [ 114.1168597, 22.2386745 ], [ 114.1167001, 22.2386497 ], [ 114.1164976, 22.238713 ], [ 114.1163528, 22.2386944 ], [ 114.1159008, 22.2384635 ], [ 114.11588740000002, 22.2384337 ], [ 114.1159491, 22.2383083 ], [ 114.11588740000002, 22.2382649 ], [ 114.1146845, 22.2380564 ], [ 114.1144297, 22.237967 ], [ 114.1141722, 22.237957 ], [ 114.113799300000011, 22.2380067 ], [ 114.1135901, 22.2379595 ], [ 114.1133568, 22.2378404 ], [ 114.1129571, 22.2373959 ], [ 114.1127687, 22.2372731 ] ] } },
{ "type": "Feature", "properties": { }, "geometry": { "type": "Polygon", "coordinates": [ [ [ 114.3037883, 22.501185 ], [ 114.3036568, 22.5010284 ], [ 114.3037185, 22.5008354 ], [ 114.3041611, 22.500798 ], [ 114.3043258, 22.5008228 ], [ 114.3047939, 22.5010378 ], [ 114.3049778, 22.5011945 ], [ 114.3051307, 22.5015179 ], [ 114.3052192, 22.5016232 ], [ 114.3051194, 22.5017125 ], [ 114.3048611, 22.5016876 ], [ 114.3046043, 22.5015998 ], [ 114.3037883, 22.501185 ] ] ] } },
{ "type": "Feature", "properties": { }, "geometry": { "type": "Polygon", "coordinates": [ [ [ 114.1835368, 22.2322653 ], [ 114.1836682, 22.2321946 ], [ 114.1838184, 22.2320679 ], [ 114.1839015, 22.2320518 ], [ 114.1849637, 22.2322517 ], [ 114.1855846, 22.232423 ], [ 114.1857657, 22.2326191 ], [ 114.1858917, 22.2328097 ], [ 114.1858629, 22.2328736 ], [ 114.1857362, 22.2329717 ], [ 114.1857241, 22.233058 ], [ 114.185769, 22.2330716 ], [ 114.185814600000015, 22.2329692 ], [ 114.1858689, 22.2329363 ], [ 114.185989, 22.232896 ], [ 114.186017100000015, 22.2329177 ], [ 114.1860715, 22.2331194 ], [ 114.1860299, 22.2332609 ], [ 114.1860715, 22.2333186 ], [ 114.1860212, 22.2333801 ], [ 114.1860487, 22.2334639 ], [ 114.1860151, 22.2335632 ], [ 114.1860326, 22.2335967 ], [ 114.1861466, 22.2336433 ], [ 114.186274, 22.2336507 ], [ 114.1864188, 22.2335291 ], [ 114.1864899, 22.2335055 ], [ 114.1869566, 22.2335154 ], [ 114.1871524, 22.23357 ], [ 114.1874287, 22.2335477 ], [ 114.1874515, 22.2334831 ], [ 114.1872825, 22.2334161 ], [ 114.1872731, 22.233364 ], [ 114.1873214, 22.233299399999989 ], [ 114.1875319, 22.23321 ], [ 114.187662, 22.2331902 ], [ 114.1879356, 22.2332473 ], [ 114.188177, 22.2334273 ], [ 114.1883808, 22.2335353 ], [ 114.1886383, 22.2337593 ], [ 114.1888435, 22.2338767 ], [ 114.1889226, 22.2339598 ], [ 114.1889897, 22.2340951 ], [ 114.1892505, 22.234308 ], [ 114.1892351, 22.2344055 ], [ 114.1892948, 22.2343701 ], [ 114.189386, 22.2344421 ], [ 114.1893619, 22.2343471 ], [ 114.1894068, 22.2343037 ], [ 114.1895878, 22.234444 ], [ 114.189609300000015, 22.234506 ], [ 114.1895878, 22.234709599999988 ], [ 114.1894001, 22.2349529 ], [ 114.1893867, 22.23501 ], [ 114.1894202, 22.2351367 ], [ 114.1896716, 22.2355469 ], [ 114.1894148, 22.2357251 ], [ 114.1890433, 22.2358182 ], [ 114.1887563, 22.2360714 ], [ 114.1886772, 22.2361024 ], [ 114.1885941, 22.2360938 ], [ 114.1883803, 22.2359782 ], [ 114.188228, 22.2359684 ], [ 114.1877364, 22.2357263 ], [ 114.1876459, 22.2357617 ], [ 114.1875903, 22.2359423 ], [ 114.1875494, 22.2359336 ], [ 114.1875614, 22.2358765 ], [ 114.1872758, 22.2357853 ], [ 114.1872342, 22.2358436 ], [ 114.1871115, 22.2357971 ], [ 114.18623, 22.2358605 ], [ 114.1861801, 22.2356034 ], [ 114.185970900000015, 22.2355736 ], [ 114.1855402, 22.2357358 ], [ 114.1853043, 22.2356891 ], [ 114.1851836, 22.2356965 ], [ 114.1851139, 22.2357511 ], [ 114.1850857, 22.2359262 ], [ 114.1851139, 22.2359212 ], [ 114.1851233, 22.2359771 ], [ 114.1848108, 22.2360441 ], [ 114.18478, 22.2359522 ], [ 114.18467, 22.2359547 ], [ 114.1840303, 22.2362551 ], [ 114.1836601, 22.2363638 ], [ 114.1834791, 22.2363917 ], [ 114.1833591, 22.2362806 ], [ 114.1832303, 22.2363364 ], [ 114.182942, 22.2363098 ], [ 114.1827288, 22.236352 ], [ 114.1825785, 22.2362303 ], [ 114.182655, 22.2360875 ], [ 114.1825564, 22.2360466 ], [ 114.1824733, 22.2358529 ], [ 114.1823878, 22.235442 ], [ 114.1823626, 22.2354243 ], [ 114.1822681, 22.2354507 ], [ 114.1821434, 22.2353291 ], [ 114.1821367, 22.235272 ], [ 114.1822201, 22.2350628 ], [ 114.1822503, 22.2348828 ], [ 114.1821916, 22.2348648 ], [ 114.1820844, 22.2348996 ], [ 114.1819046, 22.2348549 ], [ 114.181847, 22.2347469 ], [ 114.1818557, 22.234624 ], [ 114.1819516, 22.234331 ], [ 114.1820884, 22.2342069 ], [ 114.182315, 22.2339226 ], [ 114.1825403, 22.2337811 ], [ 114.1828354, 22.2337053 ], [ 114.1831237, 22.2332349 ], [ 114.1833852, 22.2327023 ], [ 114.1835542, 22.2325186 ], [ 114.1835824, 22.2323932 ], [ 114.1836266, 22.2323448 ], [ 114.1835368, 22.2322653 ] ] ] } },
{ "type": "Feature", "properties": { }, "geometry": { "type": "LineString", "coordinates": [ [ 114.2544381, 22.2115703 ], [ 114.2544676, 22.2116703 ], [ 114.2547655, 22.2119446 ], [ 114.255008800000013, 22.2120804 ], [ 114.255375700000016, 22.2123592 ], [ 114.2554817, 22.2124864 ], [ 114.255542, 22.212692 ], [ 114.2557143, 22.2128804 ], [ 114.2556942, 22.2129052 ], [ 114.255634900000018, 22.2128872 ], [ 114.2553628, 22.2126184 ], [ 114.255363, 22.2126879 ], [ 114.2555132, 22.2129328 ], [ 114.2555058, 22.2129974 ], [ 114.2553831, 22.2129459 ], [ 114.2551558, 22.2127069 ], [ 114.2551088, 22.2126883 ], [ 114.2550217, 22.2127106 ], [ 114.2549908, 22.2127665 ], [ 114.2550901, 22.2131067 ], [ 114.2552376, 22.2134109 ], [ 114.2552275, 22.2136654 ], [ 114.255145, 22.2138336 ], [ 114.2551719, 22.2139348 ], [ 114.2552647, 22.2140053 ], [ 114.2552684, 22.2140531 ], [ 114.2549323, 22.2145374 ], [ 114.2547121, 22.2147064 ], [ 114.2546216, 22.2149783 ], [ 114.2546284, 22.2152422 ], [ 114.2546569, 22.2153292 ], [ 114.2549291, 22.2156606 ], [ 114.2550632, 22.2158791 ], [ 114.2551491, 22.2160206 ], [ 114.2552081, 22.2162366 ], [ 114.2551813, 22.2163459 ], [ 114.255074, 22.2164701 ], [ 114.2549667, 22.2165321 ], [ 114.2549184, 22.2166513 ], [ 114.2550596, 22.2175319 ], [ 114.2550423, 22.2176687 ], [ 114.254844, 22.2180508 ], [ 114.2546546, 22.2188736 ], [ 114.2546904, 22.2195099 ], [ 114.2547521, 22.2195646 ], [ 114.2550398, 22.2195888 ], [ 114.2550652, 22.2196484 ], [ 114.2549989, 22.2196931 ], [ 114.2548641, 22.2197191 ], [ 114.2545932, 22.2196204 ], [ 114.2545442, 22.2196428 ], [ 114.2545456, 22.2197688 ], [ 114.2544369, 22.2199327 ], [ 114.254398, 22.2201394 ], [ 114.2546924, 22.2202406 ], [ 114.2547997, 22.2203374 ], [ 114.2547917, 22.2203579 ], [ 114.2546864, 22.2203399 ], [ 114.2546428, 22.2203591 ], [ 114.2546602, 22.2204373 ], [ 114.254725900000011, 22.2205249 ], [ 114.2547373, 22.2206198 ], [ 114.2546931, 22.2206875 ], [ 114.2545898, 22.2206929 ], [ 114.2546314, 22.2207322 ], [ 114.2546177, 22.2207769 ], [ 114.2544886, 22.2208415 ], [ 114.2540722, 22.2208005 ], [ 114.253842, 22.2208355 ], [ 114.2537946, 22.2208666 ], [ 114.2537934, 22.2208917 ], [ 114.2538482, 22.2209144 ], [ 114.254031900000015, 22.2208986 ], [ 114.2541184, 22.2209184 ], [ 114.2539863, 22.2209929 ], [ 114.2538388, 22.2210302 ], [ 114.2537758, 22.2210997 ], [ 114.2538187, 22.2211866 ], [ 114.253971600000014, 22.2213021 ], [ 114.2539729, 22.2214026 ], [ 114.2538992, 22.2215702 ], [ 114.2539233, 22.2216013 ], [ 114.254003800000021, 22.2216 ], [ 114.2540206, 22.2216652 ], [ 114.253989, 22.2217912 ], [ 114.2536564, 22.2221922 ], [ 114.2536725, 22.2222444 ], [ 114.25381, 22.2222437 ], [ 114.2538214, 22.2222804 ], [ 114.2534834, 22.2224269 ], [ 114.2533962, 22.2225088 ], [ 114.253407, 22.2226491 ], [ 114.2533225, 22.2228837 ], [ 114.2532594, 22.223322 ], [ 114.2531817, 22.2233667 ], [ 114.2531468, 22.223358 ], [ 114.2530596, 22.2232686 ], [ 114.2529, 22.2233542 ], [ 114.252499, 22.2237242 ], [ 114.2523569, 22.2239601 ], [ 114.2520887, 22.2240706 ], [ 114.2520672, 22.2241351 ], [ 114.2521638, 22.2242431 ], [ 114.25219460000001, 22.2243338 ], [ 114.2521101, 22.2247149 ], [ 114.2518593, 22.2248167 ], [ 114.2517319, 22.2247335 ], [ 114.2516179, 22.224763299999989 ], [ 114.2516474, 22.2249694 ], [ 114.2515106, 22.2250712 ], [ 114.2513973, 22.2252847 ], [ 114.251384900000019, 22.2254722 ], [ 114.251223, 22.2256882 ], [ 114.2512424, 22.2257248 ], [ 114.2513216, 22.225736 ], [ 114.2513397, 22.2257689 ], [ 114.2512364, 22.2259452 ], [ 114.2512984, 22.2261491 ], [ 114.2514236, 22.2262513 ], [ 114.2514161, 22.2263943 ], [ 114.2513071, 22.2265696 ], [ 114.251190800000018, 22.2266727 ], [ 114.2512605, 22.2267087 ], [ 114.2512511, 22.2267354 ], [ 114.2511023, 22.2268657 ], [ 114.2509789, 22.2270377 ], [ 114.250808600000013, 22.2271544 ], [ 114.2506525, 22.2271764 ], [ 114.2505893, 22.227232 ], [ 114.250569500000012, 22.2273021 ], [ 114.2504492, 22.227353 ], [ 114.250655, 22.2273667 ], [ 114.2506812, 22.227412 ], [ 114.2503428, 22.2275096 ], [ 114.2503062, 22.2275553 ], [ 114.2502916, 22.2277056 ], [ 114.2503211, 22.2278297 ], [ 114.2504761, 22.2281474 ], [ 114.2507608, 22.2284705 ], [ 114.2511012, 22.2287234 ], [ 114.251646100000016, 22.2290414 ], [ 114.252149, 22.2292598 ], [ 114.2524528, 22.2293227 ], [ 114.252592, 22.2294646 ], [ 114.2526701, 22.2294221 ], [ 114.2526092, 22.2293724 ], [ 114.2526028, 22.2293295 ], [ 114.2526725, 22.2293419 ], [ 114.25273270000001, 22.2293026 ], [ 114.2526751, 22.2290465 ], [ 114.252833, 22.2288806 ], [ 114.2531662, 22.2287881 ], [ 114.2535176, 22.228803 ], [ 114.2537822, 22.2286596 ], [ 114.254164, 22.2286515 ], [ 114.2543303, 22.2285206 ], [ 114.2545583, 22.2284374 ], [ 114.255072, 22.2283499 ], [ 114.2551538, 22.2282003 ], [ 114.255739800000015, 22.2281295 ], [ 114.2560429, 22.2279731 ], [ 114.2561167, 22.227975 ], [ 114.2561945, 22.2280637 ], [ 114.2563929, 22.2280526 ], [ 114.2563279, 22.2283418 ], [ 114.2564245, 22.2284244 ], [ 114.2561462, 22.2287217 ], [ 114.2560852, 22.2287695 ], [ 114.2559282, 22.2288049 ], [ 114.2558652, 22.2288806 ], [ 114.2559688, 22.2288977 ], [ 114.255934300000021, 22.2289836 ], [ 114.256057, 22.2290575 ], [ 114.2561395, 22.2290712 ], [ 114.2562595, 22.2290308 ], [ 114.256295, 22.2290532 ], [ 114.2562535, 22.2291003 ], [ 114.2559886, 22.2291245 ], [ 114.2559457, 22.22915 ], [ 114.2560429, 22.2294728 ], [ 114.2558361, 22.2296681 ], [ 114.2557968, 22.2298384 ], [ 114.2557646, 22.2298663 ], [ 114.2556473, 22.2298855 ], [ 114.2556003, 22.2299482 ], [ 114.25542, 22.2299464 ], [ 114.255087, 22.2301766 ], [ 114.254911, 22.2301065 ], [ 114.2548601, 22.2301493 ], [ 114.2546985, 22.2301766 ], [ 114.25462, 22.2302517 ], [ 114.2545107, 22.230276 ], [ 114.2544631, 22.2303504 ], [ 114.254443, 22.2304944 ], [ 114.2546066, 22.2304833 ], [ 114.254614, 22.2305242 ], [ 114.2542586, 22.2306949 ], [ 114.2542478, 22.2306409 ], [ 114.2540225, 22.2306124 ], [ 114.2538281, 22.2306701 ], [ 114.253643700000012, 22.2305987 ], [ 114.253530400000017, 22.2306676 ], [ 114.2534204, 22.2308383 ], [ 114.2533563, 22.2310391 ], [ 114.253525, 22.2311412 ], [ 114.2534935, 22.2312238 ], [ 114.2534164, 22.2312405 ], [ 114.2534331, 22.2311648 ], [ 114.2533694, 22.2311288 ], [ 114.2531857, 22.2312449 ], [ 114.2528873, 22.2312734 ], [ 114.2526358, 22.2311344 ], [ 114.2525071, 22.2311096 ], [ 114.252338100000017, 22.231199 ], [ 114.2520887, 22.231405 ], [ 114.251909, 22.2318594 ], [ 114.2518634, 22.2322517 ], [ 114.2520538, 22.2324652 ], [ 114.2522228, 22.232776799999989 ], [ 114.2523475, 22.2328662 ], [ 114.2523904, 22.232932 ], [ 114.2523877, 22.2332001 ], [ 114.2524266, 22.2332733 ], [ 114.2525312, 22.2333813 ], [ 114.252829, 22.2335353 ], [ 114.252829, 22.233688 ], [ 114.2526801, 22.2337053 ], [ 114.2526251, 22.2337612 ], [ 114.2526251, 22.2338084 ], [ 114.2527083, 22.2339313 ], [ 114.252672, 22.2343136 ], [ 114.2527324, 22.2344837 ], [ 114.2528397, 22.2345545 ], [ 114.2533721, 22.234732 ], [ 114.2534553, 22.2348251 ], [ 114.253550500000017, 22.2350088 ], [ 114.2535947, 22.2352807 ], [ 114.2535773, 22.2355898 ], [ 114.2535424, 22.2357077 ], [ 114.2533842, 22.235982 ], [ 114.2529443, 22.2361558 ], [ 114.2528518, 22.2362502 ], [ 114.2527565, 22.2365903 ], [ 114.252715, 22.2369131 ], [ 114.2526613, 22.2369764 ], [ 114.252449400000017, 22.2370024 ], [ 114.2520176, 22.236882 ], [ 114.2518607, 22.2368845 ], [ 114.2516957, 22.2369292 ], [ 114.251575, 22.2370136 ], [ 114.2515549, 22.2371005 ], [ 114.2515844, 22.2371663 ], [ 114.2518057, 22.2374704 ], [ 114.2518567, 22.2375921 ], [ 114.2518097, 22.2376728 ], [ 114.251681, 22.2377212 ], [ 114.2516515, 22.2377609 ], [ 114.2515469, 22.238075 ], [ 114.25144760000002, 22.2381929 ], [ 114.2512277, 22.2383083 ], [ 114.2509125, 22.2385417 ], [ 114.250765, 22.2385591 ], [ 114.2505115, 22.2384784 ], [ 114.250364, 22.2385492 ], [ 114.2502809, 22.2386696 ], [ 114.2502849, 22.2387974 ], [ 114.2504565, 22.2391239 ], [ 114.2507717, 22.2395422 ], [ 114.2507784, 22.2395733 ], [ 114.2507422, 22.2395956 ], [ 114.2506899, 22.2395435 ], [ 114.2506242, 22.2396701 ], [ 114.2508119, 22.2400698 ], [ 114.2508414, 22.2402672 ], [ 114.2508079, 22.2403814 ], [ 114.250934, 22.240539 ], [ 114.25096210000001, 22.2406532 ], [ 114.250822700000015, 22.2408432 ], [ 114.2507771, 22.2410256 ], [ 114.2506886, 22.2410269 ], [ 114.2504123, 22.2409102 ], [ 114.2502701, 22.240904 ], [ 114.2502889, 22.2410281 ], [ 114.2503989, 22.2411622 ], [ 114.2504619, 22.241187 ], [ 114.2505182, 22.2411436 ], [ 114.2505974, 22.241156 ], [ 114.250761, 22.2413248 ], [ 114.2507918, 22.2414005 ], [ 114.2505652, 22.2416227 ], [ 114.2504753, 22.2416364 ], [ 114.250353300000015, 22.241578 ], [ 114.2502969, 22.2415842 ], [ 114.2502567, 22.2416724 ], [ 114.2503399, 22.2419728 ], [ 114.2502996, 22.242113 ], [ 114.2502339, 22.2421354 ], [ 114.2499563, 22.2420832 ], [ 114.2497498, 22.242113 ], [ 114.2494521, 22.2422719 ], [ 114.2491865, 22.2423514 ], [ 114.2489465, 22.2424767 ], [ 114.2488378, 22.2425078 ], [ 114.2485897, 22.242468 ], [ 114.248270500000018, 22.2425525 ], [ 114.2481954, 22.242680299999989 ], [ 114.24817, 22.242792 ], [ 114.2481807, 22.2428392 ], [ 114.248284, 22.2429348 ], [ 114.2482732, 22.242972 ], [ 114.2481673, 22.242972 ], [ 114.2481069, 22.2429037 ], [ 114.2479755, 22.2429273 ], [ 114.2478521, 22.243229 ], [ 114.2474954, 22.2436312 ], [ 114.2473117, 22.2436585 ], [ 114.2471266, 22.2436138 ], [ 114.2470166, 22.2436659 ], [ 114.2469911, 22.243836 ], [ 114.2472392, 22.2441091 ], [ 114.24725260000001, 22.2442034 ], [ 114.2469791, 22.2443958 ], [ 114.246908, 22.2444765 ], [ 114.2469576, 22.2446341 ], [ 114.2469053, 22.2447371 ], [ 114.2468879, 22.2449866 ], [ 114.2468449, 22.2450475 ], [ 114.24668, 22.2451108 ], [ 114.2466277, 22.2452188 ], [ 114.2466103, 22.2454037 ], [ 114.2466424, 22.2454869 ], [ 114.246886500000016, 22.2454931 ], [ 114.2469576, 22.2455651 ], [ 114.2469107, 22.2458133 ], [ 114.2469361, 22.2461261 ], [ 114.2469898, 22.2462962 ], [ 114.2472205, 22.246506 ], [ 114.2474458, 22.2466127 ], [ 114.248047900000017, 22.2466959 ], [ 114.2481673, 22.246604 ], [ 114.2482169, 22.2465258 ], [ 114.2482665, 22.2463198 ], [ 114.2483336, 22.2462279 ], [ 114.2484006, 22.2461746 ], [ 114.248576300000011, 22.2461199 ], [ 114.2487024, 22.2460306 ], [ 114.2490873, 22.2460827 ], [ 114.2492844, 22.2461485 ], [ 114.249385, 22.2462391 ], [ 114.2497511, 22.246465 ], [ 114.2498745, 22.2465954 ], [ 114.2499898, 22.2469454 ], [ 114.2500985, 22.2469715 ], [ 114.2502165, 22.2469367 ], [ 114.2502795, 22.2469466 ], [ 114.2504472, 22.2471316 ], [ 114.2505665, 22.2474096 ], [ 114.2506295, 22.2477646 ], [ 114.2505759, 22.2479943 ], [ 114.2505477, 22.2480588 ], [ 114.2504793, 22.2481109 ], [ 114.2502299, 22.2481891 ], [ 114.2502406, 22.248276 ], [ 114.2505974, 22.2485963 ], [ 114.25082, 22.2486819 ], [ 114.2510238, 22.2486521 ], [ 114.2511445, 22.2485702 ], [ 114.251196800000017, 22.2484933 ], [ 114.2512505, 22.2484895 ], [ 114.2512572, 22.2486161 ], [ 114.251196800000017, 22.2486732 ], [ 114.2510265, 22.2487415 ], [ 114.2510064, 22.2488644 ], [ 114.2510533, 22.2489525 ], [ 114.2513162, 22.2489786 ], [ 114.2514503, 22.2492566 ], [ 114.25154280000001, 22.2493671 ], [ 114.2519197, 22.249423 ], [ 114.2521477, 22.2493522 ], [ 114.2523032, 22.2493596 ], [ 114.2524427, 22.2493261 ], [ 114.2525205, 22.2492095 ], [ 114.2528222, 22.2489575 ], [ 114.2530784, 22.2489798 ], [ 114.2530623, 22.2488284 ], [ 114.2531052, 22.2486844 ], [ 114.25331180000002, 22.2485404 ], [ 114.2534593, 22.2485379 ], [ 114.2535411, 22.2485019 ], [ 114.2536564, 22.2485131 ], [ 114.2537288, 22.2485454 ], [ 114.2538522, 22.248672 ], [ 114.25407890000001, 22.248703 ], [ 114.254217, 22.2488271 ], [ 114.2544195, 22.2491362 ], [ 114.2544624, 22.2492827 ], [ 114.2544182, 22.2493385 ], [ 114.2542036, 22.2493584 ], [ 114.2541808, 22.2494441 ], [ 114.2545617, 22.2496377 ], [ 114.254618, 22.2497444 ], [ 114.2545992, 22.2499083 ], [ 114.2544678, 22.2504122 ], [ 114.2542827, 22.250864 ], [ 114.2539836, 22.2513407 ], [ 114.253702, 22.2514586 ], [ 114.253698, 22.2516063 ], [ 114.2541875, 22.251713 ], [ 114.2542398, 22.25179 ], [ 114.2542854, 22.2520333 ], [ 114.2543645, 22.2522046 ], [ 114.2544369, 22.252212 ], [ 114.2546381, 22.2521624 ], [ 114.2547333, 22.252176 ], [ 114.2548835, 22.2523101 ], [ 114.2549251, 22.2524267 ], [ 114.2549063, 22.2525695 ], [ 114.255005600000018, 22.2528053 ], [ 114.2549291, 22.2531913 ], [ 114.2549345, 22.2533875 ], [ 114.2549774, 22.2535575 ], [ 114.2550619, 22.2535525 ], [ 114.2551424, 22.2533496 ], [ 114.2551665, 22.2530089 ], [ 114.2552322, 22.2529977 ], [ 114.2553771, 22.2530623 ], [ 114.2554991, 22.2531901 ], [ 114.2556131, 22.2533726 ], [ 114.2556868, 22.2536891 ], [ 114.2556627, 22.2538864 ], [ 114.2554924, 22.2541185 ], [ 114.2552979, 22.2542029 ], [ 114.2552617, 22.2542762 ], [ 114.2553154, 22.2544375 ], [ 114.2555474, 22.2546187 ], [ 114.2555822, 22.2546796 ], [ 114.2555326, 22.2551562 ], [ 114.2555568, 22.2552803 ], [ 114.2556399, 22.2554727 ], [ 114.2556882, 22.2555186 ], [ 114.255808900000019, 22.2555534 ], [ 114.2559484, 22.2555558 ], [ 114.2562447, 22.2554454 ], [ 114.2563185, 22.2554603 ], [ 114.2563601, 22.2555012 ], [ 114.2563681, 22.2555558 ], [ 114.2562957, 22.2556216 ], [ 114.2562836, 22.2556862 ], [ 114.2564258, 22.2558612 ], [ 114.2564432, 22.2559344 ], [ 114.2562796, 22.2561231 ], [ 114.2562756, 22.2562534 ], [ 114.2563212, 22.2563179 ], [ 114.2565063, 22.2563688 ], [ 114.2565572, 22.2564284 ], [ 114.2564996, 22.2565835 ], [ 114.256234, 22.2567263 ], [ 114.2562823, 22.2569745 ], [ 114.2562702, 22.25709 ], [ 114.2562266, 22.2571688 ], [ 114.2560905, 22.2572687 ], [ 114.2560671, 22.2573363 ], [ 114.2561643, 22.2573878 ], [ 114.2561723, 22.2574487 ], [ 114.2560154, 22.2574648 ], [ 114.2560758, 22.2576075 ], [ 114.255892, 22.2578347 ], [ 114.255825, 22.2578508 ], [ 114.2557016, 22.2578061 ], [ 114.2555273, 22.2576845 ], [ 114.2554213, 22.2577192 ], [ 114.2554106, 22.2578061 ], [ 114.2555769, 22.257934 ], [ 114.2555916, 22.2580345 ], [ 114.2554039, 22.2582331 ], [ 114.2553905, 22.2585918 ], [ 114.2553234, 22.2588636 ], [ 114.2551343, 22.259128 ], [ 114.2550673, 22.2592769 ], [ 114.2550673, 22.2594879 ], [ 114.2554951, 22.260559 ], [ 114.2557727, 22.2609301 ], [ 114.2558974, 22.2610505 ], [ 114.2560986, 22.2611858 ], [ 114.256226, 22.2612367 ], [ 114.2564902, 22.2612454 ], [ 114.2567128, 22.2611275 ], [ 114.2567128, 22.2612789 ], [ 114.2568053, 22.261362 ], [ 114.2570937, 22.2612876 ], [ 114.2572519, 22.2613285 ], [ 114.2574812, 22.2612975 ], [ 114.2575349, 22.2613198 ], [ 114.2575443, 22.2613682 ], [ 114.257478600000013, 22.2614502 ], [ 114.2573297, 22.2617853 ], [ 114.2571902, 22.2619466 ], [ 114.257089600000015, 22.2620124 ], [ 114.2570481, 22.262175 ], [ 114.2569864, 22.2622159 ], [ 114.2568938, 22.2622135 ], [ 114.256699400000016, 22.2623934 ], [ 114.2565855, 22.2624409 ], [ 114.2565201, 22.2625247 ], [ 114.2564456, 22.2627098 ], [ 114.2560501, 22.2629535 ], [ 114.2558934, 22.2630872 ], [ 114.2557554, 22.2632868 ], [ 114.2556842, 22.2633392 ], [ 114.2555649, 22.2633633 ], [ 114.2553372, 22.2635619 ], [ 114.2551893, 22.2637103 ], [ 114.2551477, 22.2638555 ], [ 114.2546985, 22.2640702 ], [ 114.2546051, 22.2641518 ], [ 114.2545763, 22.2642563 ], [ 114.2546073, 22.2642765 ], [ 114.2546572, 22.2642421 ], [ 114.2547092, 22.2642539 ], [ 114.2547534, 22.2642936 ], [ 114.2547387, 22.2643594 ], [ 114.2544799, 22.2645629 ], [ 114.2544252, 22.264536 ], [ 114.2544485, 22.2644746 ], [ 114.2544276, 22.2644041 ], [ 114.254363, 22.264408 ], [ 114.25417010000001, 22.2646014 ], [ 114.2540695, 22.2646597 ], [ 114.254023900000021, 22.2647528 ], [ 114.2537443, 22.2649137 ], [ 114.2533971, 22.2649606 ], [ 114.253297, 22.2650122 ], [ 114.253299700000014, 22.2650792 ], [ 114.2533922, 22.2650829 ], [ 114.2534204, 22.2651227 ], [ 114.2531193, 22.2653593 ], [ 114.2530376, 22.2653801 ], [ 114.2529751, 22.2654429 ], [ 114.2528027, 22.2654956 ], [ 114.2527418, 22.2656824 ], [ 114.2488645, 22.2692352 ], [ 114.2474942, 22.2679576 ] ] } },
{ "type": "Feature", "properties": { }, "geometry": { "type": "Polygon", "coordinates": [ [ [ 114.2732954, 22.5269794 ], [ 114.2734613, 22.5269275 ], [ 114.2735061, 22.5269771 ], [ 114.2734983, 22.5271818 ], [ 114.2732479, 22.5273951 ], [ 114.2731081, 22.5273546 ], [ 114.273088, 22.5271873 ], [ 114.2732954, 22.5269794 ] ] ] } },
{ "type": "Feature", "properties": { }, "geometry": { "type": "Polygon", "coordinates": [ [ [ 114.3660477, 22.3476432 ], [ 114.3661308, 22.3477166 ], [ 114.3661978, 22.3476971 ], [ 114.36623950000002, 22.3477352 ], [ 114.3660919, 22.3480689 ], [ 114.3659253, 22.3481532 ], [ 114.3658237, 22.3482847 ], [ 114.3656654, 22.348296 ], [ 114.3653932, 22.3483902 ], [ 114.3653007, 22.3483319 ], [ 114.3652444, 22.3481731 ], [ 114.3654479, 22.3480345 ], [ 114.3655066, 22.347911 ], [ 114.3656522, 22.3478909 ], [ 114.3656308, 22.3477893 ], [ 114.3659138, 22.3475931 ], [ 114.3660477, 22.3476432 ] ] ] } },
{ "type": "Feature", "properties": { }, "geometry": { "type": "LineString", "coordinates": [ [ 114.2217812, 22.5428949 ], [ 114.2219194, 22.5428548 ], [ 114.2220926, 22.5428917 ], [ 114.2224756, 22.5431596 ], [ 114.2226236, 22.5432994 ], [ 114.2227847, 22.5434024 ], [ 114.2230077, 22.5434775 ], [ 114.2230816, 22.5435552 ], [ 114.2231139, 22.5437243 ], [ 114.2230326, 22.5440112 ], [ 114.2229557, 22.5439768 ], [ 114.2229344, 22.5438181 ], [ 114.2229822, 22.5436857 ], [ 114.2228303, 22.5435876 ], [ 114.2219645, 22.5433915 ], [ 114.2217108, 22.5432843 ], [ 114.2215941, 22.5431662 ], [ 114.2216621, 22.5430813 ], [ 114.2217212, 22.5428892 ], [ 114.2217812, 22.5428949 ] ] } },
{ "type": "Feature", "properties": { }, "geometry": { "type": "LineString", "coordinates": [ [ 114.2861675, 22.5084524 ], [ 114.2861138, 22.5085106 ], [ 114.2859019, 22.5086147 ], [ 114.285443300000011, 22.5087076 ], [ 114.2853199, 22.5086989 ], [ 114.2852193, 22.5086729 ], [ 114.2850101, 22.5085466 ], [ 114.2845595, 22.5081241 ], [ 114.2843825, 22.5081043 ], [ 114.2840874, 22.5081687 ], [ 114.2838031, 22.5083694 ], [ 114.2833833, 22.5084363 ], [ 114.2832988, 22.5085515 ], [ 114.2832586, 22.5089876 ], [ 114.2832103, 22.5091103 ], [ 114.2831527, 22.5092094 ], [ 114.2830279, 22.5092912 ], [ 114.2828496, 22.509306 ], [ 114.2827772, 22.5092676 ], [ 114.2826162, 22.5090397 ], [ 114.2825237, 22.5089579 ], [ 114.2824405, 22.5089207 ], [ 114.2823561, 22.508943 ], [ 114.2824057, 22.509285 ], [ 114.2822836, 22.5094089 ], [ 114.2820637, 22.5094832 ], [ 114.2819296, 22.509586 ], [ 114.2817566, 22.509790399999989 ], [ 114.2817673, 22.5098425 ], [ 114.2818129, 22.5098722 ], [ 114.2818907, 22.5098797 ], [ 114.2820986, 22.5098264 ], [ 114.2824405, 22.5096542 ], [ 114.2825532, 22.5096244 ], [ 114.283188900000013, 22.5096467 ], [ 114.2834155, 22.5095823 ], [ 114.2837468, 22.5091797 ], [ 114.28387, 22.5090701 ], [ 114.2839976, 22.5090446 ], [ 114.2841679, 22.5091313 ], [ 114.2844374, 22.5094584 ], [ 114.2848022, 22.5101832 ], [ 114.2853628, 22.5103058 ], [ 114.2855734, 22.5104112 ], [ 114.2858885, 22.5104966 ], [ 114.2859046, 22.5105635 ], [ 114.285682, 22.510851 ], [ 114.285619, 22.5109154 ], [ 114.2854111, 22.5110219 ], [ 114.2848371, 22.5109352 ], [ 114.2845702, 22.5107308 ], [ 114.2844978, 22.5107234 ], [ 114.2843033, 22.5107915 ], [ 114.2840378, 22.5110195 ], [ 114.2840096, 22.5114283 ], [ 114.2839801, 22.511515 ], [ 114.2839345, 22.5115485 ], [ 114.2838541, 22.5115088 ], [ 114.2835765, 22.5104979 ], [ 114.2834759, 22.5103591 ], [ 114.283374, 22.5103207 ], [ 114.2831875, 22.5103281 ], [ 114.282411, 22.5106899 ], [ 114.2819189, 22.5107742 ], [ 114.2815125, 22.5106441 ], [ 114.281304600000013, 22.5105103 ], [ 114.280414100000016, 22.5105982 ], [ 114.2802344, 22.5105858 ], [ 114.2798556, 22.5104793 ], [ 114.2797885, 22.5104471 ], [ 114.279702, 22.510325 ], [ 114.2795847, 22.5100692 ], [ 114.2795666, 22.5099589 ], [ 114.2795122, 22.5099212 ], [ 114.2792816, 22.5101658 ], [ 114.2791629, 22.5102365 ], [ 114.2790382, 22.5104911 ], [ 114.2789423, 22.5105685 ], [ 114.278799400000011, 22.5105927 ], [ 114.2787257, 22.5104161 ], [ 114.2782603, 22.5105189 ], [ 114.278052400000021, 22.5104781 ], [ 114.2779698, 22.5104128 ], [ 114.2779022, 22.5102092 ], [ 114.2779116, 22.5100519 ], [ 114.2779948, 22.509757 ], [ 114.2779613, 22.5093172 ], [ 114.2779773, 22.5092255 ], [ 114.278086, 22.5090384 ], [ 114.278082, 22.5089938 ], [ 114.2779478, 22.5089071 ], [ 114.2778231, 22.5089207 ], [ 114.277646100000013, 22.5090136 ], [ 114.2775911, 22.5090867 ], [ 114.2774329, 22.5094919 ], [ 114.2773189, 22.5096294 ], [ 114.277065400000012, 22.5097384 ], [ 114.2767784, 22.5097644 ], [ 114.2764887, 22.5098487 ], [ 114.2759134, 22.510115 ], [ 114.275801200000018, 22.5101218 ], [ 114.275630400000011, 22.510068 ], [ 114.2753997, 22.5098797 ], [ 114.2753756, 22.5097372 ], [ 114.2754735, 22.5092974 ], [ 114.2755848, 22.5091152 ], [ 114.2757149, 22.5089901 ], [ 114.275885200000019, 22.5084958 ], [ 114.2758678, 22.5083372 ], [ 114.2758074, 22.5082368 ], [ 114.2755097, 22.507932 ], [ 114.275371600000014, 22.5078986 ], [ 114.275089900000012, 22.5079791 ], [ 114.2749237, 22.5079073 ], [ 114.2748472, 22.5079159 ], [ 114.2747319, 22.5079915 ], [ 114.2745334, 22.5082281 ], [ 114.2744261, 22.5082368 ], [ 114.2743792, 22.5081947 ] ] } },
{ "type": "Feature", "properties": { }, "geometry": { "type": "LineString", "coordinates": [ [ 114.2191057, 22.5409923 ], [ 114.2193203, 22.5411756 ], [ 114.2196153, 22.5413218 ], [ 114.2197065, 22.5413986 ], [ 114.2198299, 22.5414506 ], [ 114.2199882, 22.5413961 ], [ 114.2200284, 22.5414258 ], [ 114.2200203, 22.5414754 ], [ 114.2200874, 22.5416191 ], [ 114.2200405, 22.541681 ], [ 114.2200539, 22.5419485 ], [ 114.2202631, 22.5420179 ], [ 114.2202027, 22.5421591 ], [ 114.2200646, 22.5421715 ], [ 114.2197695, 22.5419435 ], [ 114.2197402, 22.5418775 ], [ 114.2193034, 22.5416672 ], [ 114.2190929, 22.5414603 ], [ 114.21897970000002, 22.5415213 ], [ 114.2188187, 22.5415125 ], [ 114.2186256, 22.5413887 ], [ 114.2185263, 22.5411509 ], [ 114.21853440000001, 22.5410319 ], [ 114.2186122, 22.5410641 ], [ 114.2186417, 22.5411459 ], [ 114.2186913, 22.5411756 ], [ 114.2188375, 22.5410295 ], [ 114.2189501, 22.5409824 ], [ 114.2191057, 22.5409923 ] ] } },
{ "type": "Feature", "properties": { }, "geometry": { "type": "LineString", "coordinates": [ [ 114.2089798, 22.5245286 ], [ 114.2088584, 22.5246797 ], [ 114.2087538, 22.5249134 ], [ 114.2085993, 22.5250742 ], [ 114.2083445, 22.5252573 ], [ 114.2082895, 22.5254887 ], [ 114.2082637, 22.5257823 ], [ 114.20835, 22.5263001 ], [ 114.2086301, 22.52683 ], [ 114.20861, 22.52707 ], [ 114.2083173, 22.527592 ], [ 114.2084674, 22.5275168 ], [ 114.2085719, 22.5274986 ], [ 114.2087962, 22.5275917 ], [ 114.2091802, 22.5276555 ], [ 114.2093961, 22.5277961 ], [ 114.209451300000012, 22.5279114 ], [ 114.209458, 22.5280105 ] ] } },
{ "type": "Feature", "properties": { }, "geometry": { "type": "LineString", "coordinates": [ [ 114.0056032, 22.2332381 ], [ 114.0054302, 22.2331907 ], [ 114.0052709, 22.2332363 ], [ 114.004743500000018, 22.2335037 ], [ 114.0045352, 22.2336599 ], [ 114.0040197, 22.2339669 ], [ 114.0037121, 22.2342079 ], [ 114.0034365, 22.2344947 ], [ 114.0033896, 22.2346229 ], [ 114.0033991, 22.2347698 ], [ 114.0036155, 22.2351317 ], [ 114.0037563, 22.235478 ], [ 114.0037651, 22.2360435 ], [ 114.003747, 22.2361322 ], [ 114.003664500000014, 22.2362409 ], [ 114.0035371, 22.2363073 ], [ 114.0031616, 22.2364022 ], [ 114.0031066, 22.2364941 ], [ 114.0030556, 22.2367424 ], [ 114.0028223, 22.2368044 ], [ 114.0025668, 22.2369987 ], [ 114.002444100000019, 22.2371725 ], [ 114.002405900000014, 22.2373438 ], [ 114.002149, 22.2375477 ], [ 114.0020679, 22.237553 ], [ 114.0019492, 22.2375139 ], [ 114.0017393, 22.2376703 ], [ 114.0015509, 22.2378944 ], [ 114.0014517, 22.2381271 ], [ 114.001343, 22.238281 ], [ 114.0011177, 22.2384567 ], [ 114.000889700000016, 22.2385349 ], [ 114.0006685, 22.238525 ], [ 114.0002453, 22.2382363 ], [ 114.0001729, 22.2382239 ], [ 114.0000911, 22.23825 ], [ 113.9997961, 22.2384685 ], [ 113.9996029, 22.2386733 ], [ 113.9993907, 22.2390542 ], [ 113.9993835, 22.239204 ], [ 113.999501, 22.2394169 ], [ 113.9994943, 22.2394969 ], [ 113.999414500000015, 22.2396682 ], [ 113.9993287, 22.2399783 ], [ 113.9990336, 22.2405365 ], [ 113.9989679, 22.2408134 ], [ 113.998751, 22.2408605 ], [ 113.9985602, 22.2407997 ], [ 113.9984241, 22.2407184 ], [ 113.9981706, 22.2404472 ], [ 113.9977173, 22.2400922 ], [ 113.9973794, 22.2396639 ], [ 113.9972748, 22.2396204 ], [ 113.9969449, 22.2396378 ], [ 113.996269, 22.2398513 ], [ 113.995905500000021, 22.2400748 ], [ 113.9955246, 22.2404385 ], [ 113.9953523, 22.2404025 ], [ 113.995298700000021, 22.2403522 ], [ 113.995074, 22.2399171 ], [ 113.9949661, 22.2398637 ], [ 113.9948802, 22.2398786 ], [ 113.9947877, 22.2399811 ], [ 113.9944491, 22.2402126 ], [ 113.9942399, 22.2404149 ], [ 113.9938657, 22.2410318 ], [ 113.9937262, 22.2413831 ], [ 113.9936015, 22.2418586 ], [ 113.993572, 22.2420485 ], [ 113.9936793, 22.2424122 ], [ 113.9937665, 22.2426145 ], [ 113.9939398, 22.2427955 ] ] } },
{ "type": "Feature", "properties": { }, "geometry": { "type": "Polygon", "coordinates": [ [ [ 113.8384557, 22.217037 ], [ 113.8384622, 22.2171604 ], [ 113.8384335, 22.217212 ], [ 113.8381975, 22.2172859 ], [ 113.837965, 22.2172969 ], [ 113.8374983, 22.2172299 ], [ 113.8372233, 22.2173217 ], [ 113.837049, 22.2174434 ], [ 113.836935, 22.2175986 ], [ 113.8368773, 22.2176321 ], [ 113.8359895, 22.2177166 ], [ 113.8355, 22.2177166 ], [ 113.8353243, 22.2176371 ], [ 113.83517950000001, 22.2174906 ], [ 113.8352036, 22.2173702 ], [ 113.8350615, 22.2172857 ], [ 113.8350078, 22.2170722 ], [ 113.8350722, 22.2167407 ], [ 113.8351849, 22.2164825 ], [ 113.8355349, 22.2160877 ], [ 113.8357267, 22.2159983 ], [ 113.8357656, 22.2159461 ], [ 113.8357656, 22.215853 ], [ 113.8360284, 22.2156134 ], [ 113.8360432, 22.2155724 ], [ 113.8359761, 22.2153179 ], [ 113.836002900000011, 22.215234699999989 ], [ 113.83607, 22.2152223 ], [ 113.8362001, 22.2153663 ], [ 113.8362752, 22.2153725 ], [ 113.8364817, 22.2151466 ], [ 113.83642810000002, 22.2150901 ], [ 113.8364448, 22.2150342 ], [ 113.83652330000001, 22.2150367 ], [ 113.8365246, 22.2149007 ], [ 113.8365977, 22.2148008 ], [ 113.8366359, 22.214815 ], [ 113.8366333, 22.2148771 ], [ 113.8366655, 22.2149194 ], [ 113.8369364, 22.214902 ], [ 113.8370275, 22.2149231 ], [ 113.8372659, 22.215051 ], [ 113.8372394, 22.2149603 ], [ 113.837255500000012, 22.2148504 ], [ 113.8372964, 22.2147536 ], [ 113.8373487, 22.2147269 ], [ 113.8374312, 22.214758 ], [ 113.837378900000019, 22.2149678 ], [ 113.8373937, 22.2150087 ], [ 113.8374961, 22.2150641 ], [ 113.8376136, 22.2149988 ], [ 113.837680700000021, 22.2150125 ], [ 113.837680700000021, 22.2151279 ], [ 113.8378027, 22.2152682 ], [ 113.8377625, 22.2155116 ], [ 113.8378, 22.2156059 ], [ 113.8379127, 22.2157003 ], [ 113.8380548, 22.2160007 ], [ 113.8382855, 22.2163236 ], [ 113.8384284, 22.2167329 ], [ 113.8384849, 22.2167814 ], [ 113.8384688, 22.2168661 ], [ 113.8385008, 22.2169909 ], [ 113.8384557, 22.217037 ] ] ] } },
{ "type": "Feature", "properties": { }, "geometry": { "type": "Polygon", "coordinates": [ [ [ 113.9889094, 22.3647427 ], [ 113.9895135, 22.3647334 ], [ 113.9896704, 22.3646476 ], [ 113.989917, 22.3646299 ], [ 113.9901621, 22.3646936 ], [ 113.990559, 22.3647217 ], [ 113.9907906, 22.3652415 ], [ 113.9906495, 22.3655247 ], [ 113.9903718, 22.3657222 ], [ 113.990383200000011, 22.3658693 ], [ 113.9901705, 22.3659845 ], [ 113.990107, 22.3659425 ], [ 113.9898738, 22.3662997 ], [ 113.9896735, 22.3664158 ], [ 113.9895523, 22.366335 ], [ 113.9897314, 22.3658244 ], [ 113.9895961, 22.3657327 ], [ 113.9895015, 22.3657333 ], [ 113.989284, 22.3655729 ], [ 113.9890107, 22.3655745 ], [ 113.9885237, 22.3653022 ], [ 113.988102, 22.3652764 ], [ 113.98793430000002, 22.3652094 ], [ 113.9879406, 22.3650529 ], [ 113.9878874, 22.3649553 ], [ 113.9879017, 22.3647638 ], [ 113.9880985, 22.3646931 ], [ 113.9886226, 22.3647125 ], [ 113.9886551, 22.3646855 ], [ 113.9887152, 22.3647097 ], [ 113.988855, 22.3647029 ], [ 113.9889094, 22.3647427 ] ] ] } },
{ "type": "Feature", "properties": { }, "geometry": { "type": "LineString", "coordinates": [ [ 113.9114501, 22.2065262 ], [ 113.9116862, 22.2064951 ], [ 113.9119685, 22.2064126 ], [ 113.9121877, 22.206397 ], [ 113.9123742, 22.2063343 ], [ 113.9124741, 22.2063778 ], [ 113.912578, 22.2066354 ], [ 113.9125773, 22.2068378 ], [ 113.9125063, 22.2070657 ], [ 113.9125834, 22.2072196 ], [ 113.9129441, 22.2074512 ], [ 113.9132841, 22.2076076 ], [ 113.9133967, 22.2077355 ], [ 113.9134839, 22.2080608 ], [ 113.9137226, 22.2084209 ], [ 113.9142215, 22.2088021 ], [ 113.9143127, 22.2089151 ], [ 113.9142416, 22.2097991 ], [ 113.9143328, 22.2101567 ], [ 113.9142939, 22.2104025 ], [ 113.9142095, 22.210631 ], [ 113.9143489, 22.2107837 ], [ 113.9149095, 22.2111326 ], [ 113.9150704, 22.211212 ], [ 113.915773200000018, 22.2114144 ], [ 113.9159824, 22.2114442 ], [ 113.9161393, 22.2113089 ], [ 113.9162332, 22.211289 ], [ 113.9165725, 22.2113399 ], [ 113.9168541, 22.2113461 ], [ 113.9171679, 22.2113362 ], [ 113.9172994, 22.2112989 ], [ 113.9175273, 22.2109488 ], [ 113.9179216, 22.2107526 ], [ 113.918552, 22.2102448 ], [ 113.9188088, 22.2096904 ], [ 113.918812800000012, 22.2092522 ], [ 113.9188343, 22.2091522 ], [ 113.9189365, 22.2090659 ], [ 113.9189146, 22.2088904 ], [ 113.9189458, 22.2088279 ], [ 113.9190163, 22.2088049 ], [ 113.919081, 22.2088241 ], [ 113.9190954, 22.2089539 ], [ 113.9192715, 22.2092459 ], [ 113.919379400000011, 22.2093459 ], [ 113.9194559, 22.2093757 ], [ 113.9196838, 22.20938 ], [ 113.919828700000011, 22.2093291 ], [ 113.9199984, 22.2092182 ], [ 113.9200701, 22.209115 ], [ 113.9201163, 22.208884 ], [ 113.9201036, 22.208774099999989 ], [ 113.9199809, 22.2084314 ], [ 113.919960100000011, 22.2081657 ], [ 113.9201398, 22.2078411 ], [ 113.9203249, 22.2076455 ], [ 113.9205757, 22.2075474 ], [ 113.920858, 22.2075809 ], [ 113.9210659, 22.2076716 ], [ 113.9214957, 22.2079379 ], [ 113.9216526, 22.2079652 ], [ 113.9218745, 22.2079444 ], [ 113.9221268, 22.2078917 ], [ 113.922652, 22.2076814 ], [ 113.92281, 22.2075331 ], [ 113.9229012, 22.2072566 ], [ 113.9230812, 22.2071489 ], [ 113.9231298, 22.2071855 ], [ 113.923215, 22.2074822 ], [ 113.923252500000018, 22.207923 ], [ 113.9232834, 22.2080397 ], [ 113.9233558, 22.2081527 ], [ 113.9235918, 22.2083005 ], [ 113.924695600000021, 22.2086351 ], [ 113.9249148, 22.208745 ], [ 113.925158900000014, 22.2089318 ], [ 113.9253017, 22.2089896 ], [ 113.9256076, 22.2090511 ], [ 113.9258364, 22.2090538 ], [ 113.9260823, 22.209115 ], [ 113.9266153, 22.2091541 ], [ 113.9267072, 22.2092112 ], [ 113.9268205, 22.2093738 ], [ 113.926870800000017, 22.2093564 ], [ 113.9269325, 22.2092478 ], [ 113.9269895, 22.2092186 ], [ 113.9271303, 22.2092323 ], [ 113.9272363, 22.2093515 ], [ 113.9272383, 22.2095352 ], [ 113.9272772, 22.2095793 ], [ 113.9273442, 22.2095582 ], [ 113.9274415, 22.209362 ], [ 113.927485, 22.2093273 ], [ 113.9277124, 22.2092745 ], [ 113.9278049, 22.2093409 ], [ 113.9278103, 22.2095123 ], [ 113.9278458, 22.2095514 ], [ 113.9280094, 22.2096054 ], [ 113.9288771, 22.2096737 ], [ 113.9293867, 22.20975 ], [ 113.929791100000017, 22.2097122 ], [ 113.9300694, 22.2097258 ], [ 113.9302813, 22.2098252 ], [ 113.9305951, 22.2100561 ], [ 113.9306782, 22.2102163 ], [ 113.930697, 22.2103218 ], [ 113.9306648, 22.2104758 ], [ 113.9304784, 22.2108383 ], [ 113.9304663, 22.2110456 ], [ 113.9305347, 22.2115621 ], [ 113.9303302, 22.2123251 ], [ 113.9302752, 22.2129465 ], [ 113.930414, 22.2134866 ], [ 113.9307211, 22.2138764 ], [ 113.9308727, 22.2141061 ], [ 113.9309733, 22.2143333 ], [ 113.9309974, 22.2144662 ], [ 113.9309545, 22.2149938 ], [ 113.931035, 22.215591 ], [ 113.9308566, 22.2159163 ], [ 113.9306058, 22.2164825 ], [ 113.9304006, 22.2167866 ], [ 113.9300935, 22.2169394 ], [ 113.929718, 22.217354 ], [ 113.9296214, 22.2174236 ], [ 113.9294162, 22.2174869 ], [ 113.9289375, 22.2175638 ], [ 113.9288221, 22.2176408 ], [ 113.9284614, 22.2181263 ], [ 113.9282723, 22.2182839 ], [ 113.9278565, 22.2184677 ], [ 113.927302, 22.2186011 ], [ 113.9261835, 22.2188181 ], [ 113.9259955, 22.218819 ] ] } },
{ "type": "Feature", "properties": { }, "geometry": { "type": "LineString", "coordinates": [ [ 113.8626838, 22.2580921 ], [ 113.8626882, 22.2577848 ], [ 113.8628514, 22.2573953 ], [ 113.8628005, 22.2573706 ], [ 113.8628164, 22.2573253 ], [ 113.86307, 22.256896 ], [ 113.8634541, 22.2564239 ], [ 113.8635771, 22.2563162 ], [ 113.8636646, 22.2561131 ], [ 113.8638858, 22.2558016 ], [ 113.8639204, 22.2554457 ], [ 113.8639496, 22.2553963 ], [ 113.8640749, 22.2553486 ], [ 113.8641889, 22.2553486 ], [ 113.8644364, 22.2554168 ], [ 113.8651907, 22.2552728 ], [ 113.8656601, 22.2551363 ], [ 113.8660061, 22.2549849 ], [ 113.8662886, 22.2549368 ], [ 113.8667086, 22.25493 ], [ 113.8668187, 22.2548666 ], [ 113.866666, 22.2546721 ], [ 113.8668396, 22.2545536 ], [ 113.8670113, 22.2543742 ], [ 113.8673204, 22.2541918 ], [ 113.8675041, 22.2541471 ], [ 113.8678743, 22.2541384 ], [ 113.8683665, 22.2540614 ], [ 113.868381200000016, 22.2540943 ], [ 113.86888350000001, 22.2539007 ], [ 113.8691966, 22.2535836 ], [ 113.8693636, 22.2537086 ], [ 113.8694313, 22.2537127 ], [ 113.8694233, 22.2533291 ], [ 113.8685607, 22.2531232 ], [ 113.8683857, 22.2532865 ], [ 113.86822770000002, 22.253313 ], [ 113.8679796, 22.2530982 ], [ 113.8679025, 22.2531578 ], [ 113.8677751, 22.2533421 ], [ 113.86778240000001, 22.2534632 ], [ 113.8677194, 22.253463799999988 ], [ 113.8677164, 22.2533636 ], [ 113.8675109, 22.2534297 ], [ 113.8658546, 22.2546225 ], [ 113.8657372, 22.2546405 ], [ 113.865689, 22.2546818 ], [ 113.8657855, 22.2547985 ], [ 113.8655716, 22.2549203 ], [ 113.864611400000015, 22.255161099999988 ], [ 113.8642547, 22.2551866 ], [ 113.864146, 22.2551255 ], [ 113.8640994, 22.2550578 ], [ 113.8638396, 22.2549576 ], [ 113.86349220000001, 22.2546566 ], [ 113.8634218, 22.2546622 ], [ 113.8633957, 22.2546206 ], [ 113.8634218, 22.254561 ], [ 113.8632153, 22.2543376 ], [ 113.8632971, 22.254283 ], [ 113.8637491, 22.2541353 ], [ 113.8639261, 22.254157 ], [ 113.863982100000015, 22.2541555 ], [ 113.8639817, 22.2541272 ], [ 113.8641085, 22.2541281 ], [ 113.8641272, 22.2541486 ], [ 113.8642101, 22.2540873 ], [ 113.8641138, 22.2539479 ], [ 113.8640297, 22.2539386 ], [ 113.8636797, 22.254085 ], [ 113.863157, 22.254157 ], [ 113.8630953, 22.2542426 ], [ 113.86299, 22.2541905 ], [ 113.8630188, 22.2541241 ], [ 113.8627882, 22.2541657 ], [ 113.8623727, 22.2539448 ], [ 113.86221350000001, 22.2538244 ], [ 113.8622275, 22.2538002 ], [ 113.8621029, 22.2537437 ], [ 113.8619875, 22.2536493 ], [ 113.8620036, 22.2536276 ], [ 113.861881600000018, 22.2535445 ], [ 113.8619191, 22.2534805 ], [ 113.8618769, 22.25347 ], [ 113.86195, 22.2534023 ], [ 113.8619117, 22.2533769 ], [ 113.8618043, 22.2534989 ], [ 113.8615984, 22.2533539 ], [ 113.8616932, 22.2532388 ], [ 113.8616422, 22.253174 ], [ 113.8617437, 22.2529617 ], [ 113.8605364, 22.2523464 ], [ 113.8604284, 22.2522384 ], [ 113.8613418, 22.2471758 ], [ 113.8613999, 22.2471336 ], [ 113.8617512, 22.247216 ], [ 113.86181, 22.247026 ], [ 113.8617971, 22.2468774 ], [ 113.861733, 22.2467996 ], [ 113.8615559, 22.246786 ], [ 113.8614523, 22.2467417 ], [ 113.8614255, 22.2467146 ], [ 113.8614364, 22.246632 ], [ 113.8613175, 22.2464997 ], [ 113.8611385, 22.2463755 ], [ 113.86105, 22.2462389 ], [ 113.8609307, 22.24614 ], [ 113.8607599, 22.2460985 ], [ 113.8607744, 22.246171 ], [ 113.8607325, 22.2462043 ], [ 113.8606047, 22.2461119 ], [ 113.8606154, 22.2460504 ], [ 113.8603296, 22.2458795 ], [ 113.8603161, 22.2458475 ], [ 113.859981, 22.2457199 ], [ 113.8597734, 22.2456886 ], [ 113.8592204, 22.2455199 ], [ 113.8590817, 22.245408199999989 ], [ 113.8588435, 22.245349 ], [ 113.8587264, 22.245285 ], [ 113.8587256, 22.2453032 ], [ 113.8585591, 22.2452979 ], [ 113.8584873, 22.2452611 ], [ 113.8575285, 22.2452759 ] ] } },
{ "type": "Feature", "properties": { }, "geometry": { "type": "LineString", "coordinates": [ [ 113.8855673, 22.2746875 ], [ 113.885766, 22.2740981 ], [ 113.8861039, 22.2735173 ], [ 113.88634, 22.2732741 ], [ 113.8865733, 22.2731078 ], [ 113.8867664, 22.2729117 ], [ 113.8868791, 22.2726957 ], [ 113.8870078, 22.2725369 ], [ 113.8874343, 22.2723383 ], [ 113.8876247, 22.2721447 ], [ 113.8878849, 22.2715912 ], [ 113.887901, 22.2713752 ], [ 113.887836600000014, 22.2710873 ], [ 113.8877179, 22.270871 ], [ 113.8876221, 22.2702049 ], [ 113.887555, 22.270025 ], [ 113.8876308, 22.2697205 ], [ 113.887614, 22.269598 ], [ 113.8875168, 22.2694907 ], [ 113.8873076, 22.269384 ], [ 113.8872164, 22.2693014 ], [ 113.8871098, 22.2690979 ], [ 113.8869656, 22.2689217 ], [ 113.8866759, 22.2687727 ], [ 113.8865861, 22.2686741 ], [ 113.8864593, 22.2686765 ], [ 113.8862521, 22.2689533 ], [ 113.885713, 22.2694193 ], [ 113.8854119, 22.2695155 ], [ 113.8851256, 22.2695478 ], [ 113.8847005, 22.2696893 ], [ 113.8843494, 22.2699365 ], [ 113.884042, 22.2704296 ], [ 113.8839588, 22.2706989 ], [ 113.8840158, 22.2709396 ], [ 113.8842009, 22.2712623 ], [ 113.8843129, 22.2718717 ], [ 113.8842747, 22.2719294 ], [ 113.8841171, 22.2719877 ], [ 113.883928, 22.272203 ], [ 113.8837349, 22.2723426 ], [ 113.8836188, 22.2726025 ], [ 113.8833103, 22.2727235 ], [ 113.883093100000011, 22.2727218 ], [ 113.8828199, 22.2726054 ], [ 113.8827458, 22.2726538 ], [ 113.882704100000012, 22.2726479 ], [ 113.882609, 22.2724184 ], [ 113.8825574, 22.27236 ], [ 113.8823468, 22.2721974 ], [ 113.8820411, 22.2718648 ], [ 113.8815469, 22.2714634 ], [ 113.8813765, 22.2712611 ], [ 113.8808909, 22.2708951 ], [ 113.8802594, 22.2704947 ], [ 113.8799005, 22.2703374 ], [ 113.8794876, 22.2702252 ], [ 113.8791347, 22.2701841 ], [ 113.8786629, 22.2702074 ], [ 113.8783856, 22.2701586 ], [ 113.8781599, 22.2700486 ], [ 113.8778766, 22.2698584 ] ] } },
{ "type": "Feature", "properties": { }, "geometry": { "type": "LineString", "coordinates": [ [ 113.847628, 22.1968029 ], [ 113.8476916, 22.1970278 ], [ 113.8477762, 22.1971872 ], [ 113.8479193, 22.1973317 ], [ 113.8480512, 22.1973892 ], [ 113.8483499, 22.1972749 ], [ 113.8483761, 22.1973242 ], [ 113.8484331, 22.1973072 ], [ 113.84857, 22.1973633 ], [ 113.848716, 22.1973133 ], [ 113.8487812, 22.1973867 ], [ 113.8488287, 22.1973793 ], [ 113.8488556, 22.1973501 ], [ 113.8488293, 22.1972812 ], [ 113.848997, 22.197194 ], [ 113.8490207, 22.1972198 ], [ 113.8490063, 22.1972727 ], [ 113.8491025, 22.1973293 ], [ 113.8491798, 22.197316 ], [ 113.8492396, 22.1974022 ], [ 113.8493878, 22.1974371 ], [ 113.8496433, 22.1974241 ], [ 113.8499665, 22.1972347 ], [ 113.8509697, 22.1968076 ], [ 113.8513021, 22.1964898 ], [ 113.85171, 22.1965071 ], [ 113.851943300000016, 22.1964773 ], [ 113.852064, 22.1964947 ], [ 113.8522746, 22.1965791 ], [ 113.85252, 22.1967703 ], [ 113.852742600000013, 22.1971354 ], [ 113.8528687, 22.1974384 ], [ 113.8529746, 22.1975563 ], [ 113.8531704, 22.1976408 ], [ 113.8534574, 22.1976557 ], [ 113.853617, 22.1975986 ], [ 113.8538571, 22.1973626 ], [ 113.8539255, 22.1971453 ], [ 113.8539979, 22.1971248 ], [ 113.8540361, 22.1971503 ], [ 113.8541099, 22.1974235 ], [ 113.8543023, 22.1977538 ], [ 113.8542956, 22.1978668 ], [ 113.8539536, 22.1984255 ], [ 113.8538651, 22.1985013 ], [ 113.8536867, 22.1985646 ], [ 113.8533193, 22.1985336 ], [ 113.8531543, 22.198582 ], [ 113.8529491, 22.1987509 ], [ 113.8527788, 22.1989756 ], [ 113.8527386, 22.199445 ], [ 113.8527842, 22.1998523 ], [ 113.8528191, 22.2000509 ], [ 113.853047, 22.2006196 ], [ 113.853275, 22.2010294 ], [ 113.8535848, 22.2014466 ], [ 113.8538289, 22.2017036 ], [ 113.8541803, 22.2019904 ], [ 113.854427, 22.2021295 ], [ 113.855398, 22.2025566 ], [ 113.856229500000012, 22.2028447 ], [ 113.856682800000016, 22.2030521 ], [ 113.857242, 22.2032631 ], [ 113.8577999, 22.2034121 ], [ 113.8582935, 22.2033352 ], [ 113.858356500000014, 22.2034159 ], [ 113.858268, 22.2035574 ], [ 113.8585375, 22.203545 ], [ 113.8587642, 22.2034481 ], [ 113.8588232, 22.20355 ], [ 113.8590941, 22.2034668 ], [ 113.8597358, 22.203093 ], [ 113.8599403, 22.2030055 ], [ 113.8599946, 22.2030067 ], [ 113.8600496, 22.2030489 ], [ 113.8600308, 22.2031247 ], [ 113.8599296, 22.2032563 ], [ 113.8598961, 22.2033836 ], [ 113.859906100000018, 22.2034786 ], [ 113.8600188, 22.2036977 ], [ 113.8604922, 22.203902 ], [ 113.8607416, 22.2041652 ], [ 113.8609401, 22.2042689 ], [ 113.8613485, 22.2043334 ], [ 113.8617709, 22.2043508 ], [ 113.8625702, 22.2042763 ], [ 113.8631071, 22.2042766 ], [ 113.8633362, 22.2041914 ], [ 113.8638776, 22.2039174 ], [ 113.864488400000013, 22.2033929 ], [ 113.8643001, 22.2028903 ], [ 113.8642533, 22.2028299 ], [ 113.8642747, 22.2027056 ], [ 113.864247300000017, 22.2025851 ], [ 113.8643001, 22.2025386 ], [ 113.8642436, 22.2024921 ], [ 113.8642668, 22.2024318 ], [ 113.8641594, 22.2023896 ], [ 113.8641553, 22.202284 ], [ 113.8640842, 22.2022619 ], [ 113.8640495, 22.202207 ], [ 113.864079, 22.2020624 ], [ 113.8641594, 22.2019544 ], [ 113.8642788, 22.2018923 ], [ 113.864420900000013, 22.2018687 ], [ 113.8646355, 22.2019072 ], [ 113.8646905, 22.2019842 ], [ 113.8647844, 22.2022549 ], [ 113.86483, 22.2022971 ], [ 113.8651746, 22.202502 ], [ 113.8657996, 22.2027156 ], [ 113.8661161, 22.2027416 ], [ 113.8669422, 22.2026684 ], [ 113.8673379, 22.2027094 ], [ 113.8675256, 22.2027541 ], [ 113.8676262, 22.2028161 ], [ 113.8677657, 22.2029453 ], [ 113.8677979, 22.2030285 ], [ 113.867847500000011, 22.2033389 ], [ 113.8679615, 22.2037288 ], [ 113.8681948, 22.2040342 ], [ 113.8684094, 22.2042105 ], [ 113.8685274, 22.2043769 ], [ 113.8685837, 22.2045532 ], [ 113.8684062, 22.2052599 ], [ 113.868521, 22.2055644 ], [ 113.8687388, 22.2058301 ], [ 113.8691191, 22.2061242 ], [ 113.8692241, 22.206151 ], [ 113.8696942, 22.2064008 ], [ 113.869788, 22.2065398 ], [ 113.8699275, 22.2071607 ], [ 113.8700858, 22.2076201 ], [ 113.8708609, 22.2082831 ], [ 113.8710735, 22.2086618 ], [ 113.8713565, 22.208884 ], [ 113.871335, 22.2089846 ], [ 113.8712727, 22.2090293 ], [ 113.8711841, 22.2091808 ], [ 113.8711895, 22.2093248 ], [ 113.871282, 22.209403 ], [ 113.871675, 22.2093956 ], [ 113.8719432, 22.2094663 ], [ 113.8722128, 22.2096724 ], [ 113.872373, 22.2098363 ], [ 113.8727029, 22.2099344 ], [ 113.872894, 22.2102498 ], [ 113.8730603, 22.2103553 ], [ 113.8733004, 22.2104366 ], [ 113.8734318, 22.2105273 ], [ 113.873517, 22.2105416 ], [ 113.8739187, 22.210482 ], [ 113.8740896, 22.2104869 ], [ 113.8741379, 22.2105453 ], [ 113.8741259, 22.2106043 ], [ 113.873973, 22.2107048 ], [ 113.8737745, 22.2107023 ], [ 113.8737322, 22.2107694 ], [ 113.8737356, 22.210847 ], [ 113.8737698, 22.2109476 ], [ 113.8738315, 22.2110171 ], [ 113.8741332, 22.2111773 ], [ 113.8744283, 22.2112319 ], [ 113.8747904, 22.2112505 ], [ 113.875136400000017, 22.2112071 ], [ 113.8753912, 22.2112344 ], [ 113.8758069, 22.2113697 ], [ 113.8765791, 22.2117087 ], [ 113.8767434, 22.211686 ], [ 113.8769388, 22.2114579 ], [ 113.8773935, 22.2112853 ], [ 113.8775658, 22.211181 ], [ 113.8776402, 22.2110965 ], [ 113.8777301, 22.2108457 ], [ 113.8778172, 22.210775 ], [ 113.8779708, 22.2107222 ], [ 113.8783362, 22.2107253 ], [ 113.8787701, 22.2106887 ], [ 113.8792053, 22.2107626 ], [ 113.879442, 22.2108743 ], [ 113.8796472, 22.2111779 ], [ 113.8797002, 22.2114529 ], [ 113.8796686, 22.2115423 ], [ 113.8794534, 22.2118806 ], [ 113.8793723, 22.2120917 ], [ 113.8792965, 22.2121718 ], [ 113.8791221, 22.21225 ], [ 113.8786662, 22.2123766 ], [ 113.8785347, 22.2127361 ], [ 113.8785522, 22.2129471 ], [ 113.8785113, 22.2131383 ], [ 113.878279300000017, 22.2135592 ], [ 113.8781126, 22.2137383 ], [ 113.8780519, 22.2138516 ], [ 113.8780546, 22.214167 ], [ 113.8781351, 22.2144202 ], [ 113.8782182, 22.2145742 ], [ 113.878325500000017, 22.2146636 ], [ 113.8784757, 22.2146946 ], [ 113.8785829, 22.2146866 ], [ 113.8787674, 22.2146195 ], [ 113.8790262, 22.2146357 ], [ 113.8792205, 22.214814 ], [ 113.8792455, 22.2149231 ], [ 113.8793676, 22.2150981 ], [ 113.8794655, 22.2151565 ], [ 113.8799174, 22.2152664 ], [ 113.88013, 22.2154526 ], [ 113.8803378, 22.2155432 ], [ 113.8806088, 22.2158847 ], [ 113.8806698, 22.2160082 ], [ 113.8807227, 22.2163602 ], [ 113.8812243, 22.2169946 ], [ 113.8814852, 22.2172255 ], [ 113.8815928, 22.2173727 ], [ 113.881567, 22.2176197 ], [ 113.8817386, 22.217791 ], [ 113.8817561, 22.2178432 ], [ 113.8816749, 22.2181027 ], [ 113.8817846, 22.2182009 ], [ 113.88186060000001, 22.2182266 ], [ 113.881806800000021, 22.218245 ], [ 113.881794, 22.2183037 ] ] } },
{ "type": "Feature", "properties": { }, "geometry": { "type": "LineString", "coordinates": [ [ 113.9362816, 22.2884062 ], [ 113.9354619, 22.2877791 ], [ 113.9351347, 22.2874088 ], [ 113.9349932, 22.287294 ], [ 113.9349812, 22.2870092 ], [ 113.9346399, 22.2866368 ], [ 113.934534600000021, 22.2864008 ], [ 113.9345155, 22.2863068 ], [ 113.93461, 22.2860664 ], [ 113.9344601, 22.2859039 ], [ 113.9344668, 22.2856802 ], [ 113.934326, 22.2854047 ], [ 113.9343072, 22.2852753 ], [ 113.9347238, 22.2854096 ], [ 113.9351685, 22.2854649 ], [ 113.9353219, 22.2856237 ], [ 113.9359182, 22.2859105 ], [ 113.936054, 22.2859222 ], [ 113.936098200000018, 22.2858312 ], [ 113.9359356, 22.2856911 ], [ 113.9353609, 22.2853927 ], [ 113.9349708, 22.2851353 ], [ 113.934516500000015, 22.2847755 ], [ 113.9343984, 22.2846117 ], [ 113.934322, 22.2845596 ], [ 113.9340551, 22.2844777 ], [ 113.9337074, 22.2844749 ], [ 113.9336816, 22.2844411 ], [ 113.9337078, 22.2842978 ], [ 113.9336836, 22.2842816 ], [ 113.933567, 22.2842419 ], [ 113.9334677, 22.2842941 ], [ 113.933347, 22.2842419 ], [ 113.9332679, 22.2841538 ], [ 113.9331941, 22.2839813 ], [ 113.9329668, 22.2837735 ], [ 113.9328421, 22.283431 ], [ 113.9327786, 22.2830706 ], [ 113.9328514, 22.2827386 ], [ 113.933059400000019, 22.2820672 ], [ 113.9334989, 22.2808616 ], [ 113.933863, 22.2795958 ], [ 113.9338812, 22.2794875 ], [ 113.9338552, 22.2794298 ], [ 113.9337668, 22.2794153 ], [ 113.9336992, 22.2794418 ], [ 113.9336367, 22.279514 ], [ 113.9325517, 22.2823011 ], [ 113.9324002, 22.2823458 ], [ 113.9321628, 22.282275 ], [ 113.9320609, 22.2821274 ], [ 113.9319494, 22.2818615 ], [ 113.9319725, 22.2817802 ], [ 113.9323774, 22.2816974 ], [ 113.9324561, 22.2816388 ], [ 113.9325276, 22.2815267 ], [ 113.932461, 22.2814429 ], [ 113.9319646, 22.2813814 ], [ 113.9315407, 22.281172 ], [ 113.9314159, 22.2811913 ], [ 113.9313418, 22.2812213 ], [ 113.9311142, 22.2814127 ], [ 113.9305603, 22.2815931 ], [ 113.9302742, 22.2816148 ], [ 113.93020180000002, 22.2816953 ], [ 113.9301551, 22.2819233 ], [ 113.9300168, 22.2819445 ], [ 113.9298633, 22.2818987 ], [ 113.9296865, 22.2817832 ], [ 113.9295565, 22.281545 ], [ 113.9293952, 22.2809819 ], [ 113.929364, 22.280941 ], [ 113.929325, 22.2809482 ], [ 113.9291846, 22.2815089 ], [ 113.9291378, 22.281845799999989 ], [ 113.9291326, 22.2821177 ], [ 113.9291872, 22.282688 ], [ 113.929119600000021, 22.2828902 ], [ 113.9289968, 22.2831195 ], [ 113.928957, 22.2831397 ], [ 113.9288291, 22.2831039 ], [ 113.9285627, 22.2831508 ], [ 113.928319500000015, 22.283373 ], [ 113.9282432, 22.2834027 ], [ 113.9281626, 22.2833859 ], [ 113.9280352, 22.283215 ], [ 113.9279262, 22.2828086 ], [ 113.9278635, 22.2828156 ], [ 113.9278245, 22.2831476 ], [ 113.9279571, 22.283434 ], [ 113.9279649, 22.2835736 ], [ 113.927886, 22.2836872 ], [ 113.927772, 22.2837592 ], [ 113.9275775, 22.2837829 ], [ 113.9273694, 22.2838647 ], [ 113.927004, 22.2840979 ], [ 113.926758300000017, 22.2843147 ], [ 113.926433200000019, 22.2844904 ], [ 113.9259619, 22.2846345 ], [ 113.9253765, 22.2852693 ] ] } },
{ "type": "Feature", "properties": { }, "geometry": { "type": "Polygon", "coordinates": [ [ [ 114.2197361, 22.3059605 ], [ 114.218614400000021, 22.3052145 ], [ 114.2183592, 22.3051937 ], [ 114.2176545, 22.3053023 ], [ 114.2175928, 22.3053333 ], [ 114.2175029, 22.3053041 ], [ 114.2174929, 22.3052129 ], [ 114.2175425, 22.305154 ], [ 114.2176209, 22.3051323 ], [ 114.2184524, 22.3050218 ], [ 114.2186476, 22.3050473 ], [ 114.2187696, 22.3051019 ], [ 114.2197922, 22.3057948 ], [ 114.2198511, 22.3058445 ], [ 114.219854500000011, 22.3058885 ], [ 114.2197981, 22.3059611 ], [ 114.2197361, 22.3059605 ] ] ] } },
{ "type": "Feature", "properties": { }, "geometry": { "type": "LineString", "coordinates": [ [ 114.1119402, 22.3583636 ], [ 114.1119013, 22.3583105 ], [ 114.1119202, 22.3581312 ], [ 114.112017, 22.3580177 ], [ 114.1121927, 22.3576065 ], [ 114.1123486, 22.3573533 ], [ 114.1128244, 22.3567424 ], [ 114.112777400000013, 22.3566939 ], [ 114.1128014, 22.3565944 ], [ 114.1128853, 22.3565113 ], [ 114.1129507, 22.3565096 ], [ 114.1141929, 22.3549617 ], [ 114.1143458, 22.3546814 ], [ 114.1144504, 22.3543639 ], [ 114.1144343, 22.353967 ], [ 114.1144665, 22.3538826 ], [ 114.114608700000019, 22.3538801 ], [ 114.1146516, 22.3539248 ], [ 114.1146516, 22.3543763 ], [ 114.1144531, 22.3549022 ], [ 114.1129058, 22.3569617 ], [ 114.1128816, 22.3570697 ], [ 114.1127666, 22.3571428 ], [ 114.112334200000021, 22.3577474 ], [ 114.1122162, 22.3580265 ], [ 114.112237, 22.3582149 ], [ 114.1121579, 22.3584252 ], [ 114.1121423, 22.3586458 ], [ 114.1120665, 22.3587248 ], [ 114.1119708, 22.3587044 ], [ 114.1119267, 22.3586488 ], [ 114.1119402, 22.3583636 ] ] } },
{ "type": "Feature", "properties": { }, "geometry": { "type": "LineString", "coordinates": [ [ 114.2552839, 22.3585621 ], [ 114.255218600000021, 22.3585549 ], [ 114.2551703, 22.3585135 ], [ 114.2551667, 22.3584242 ], [ 114.2555352, 22.3578736 ], [ 114.2556068, 22.3578449 ], [ 114.2561008, 22.3578488 ], [ 114.2561855, 22.3578849 ], [ 114.256219, 22.3579883 ], [ 114.256153700000013, 22.3581365 ], [ 114.2561456, 22.3582388 ], [ 114.2562195, 22.3584648 ], [ 114.2561782, 22.3585406 ], [ 114.2560932, 22.3585694 ], [ 114.2552839, 22.3585621 ] ] } },
{ "type": "Feature", "properties": { }, "geometry": { "type": "LineString", "coordinates": [ [ 114.254118700000021, 22.3592246 ], [ 114.2539838, 22.3592764 ], [ 114.253493, 22.3592772 ], [ 114.2533925, 22.3592359 ], [ 114.2533427, 22.3591015 ], [ 114.2533369, 22.3585146 ], [ 114.2533625, 22.3584631 ], [ 114.2534766, 22.3584396 ], [ 114.254287, 22.3588919 ], [ 114.2543217, 22.3589597 ], [ 114.2543064, 22.3590335 ], [ 114.254118700000021, 22.3592246 ] ] } },
{ "type": "Feature", "properties": { }, "geometry": { "type": "LineString", "coordinates": [ [ 113.9032672, 22.291036 ], [ 113.9031765, 22.2909617 ], [ 113.9028399, 22.2908455 ], [ 113.902716100000021, 22.2907665 ], [ 113.9026411, 22.2906712 ], [ 113.9025451, 22.2903017 ], [ 113.902573, 22.2901935 ], [ 113.9026812, 22.2900257 ], [ 113.9026916, 22.2899224 ], [ 113.9026672, 22.2898675 ], [ 113.9024771, 22.2896981 ], [ 113.9020027, 22.2895222 ], [ 113.90148240000002, 22.2892875 ], [ 113.9007364, 22.2895206 ], [ 113.9005184, 22.2896593 ], [ 113.9003788, 22.2897981 ], [ 113.9001207, 22.2898934 ], [ 113.8998608, 22.2900773 ], [ 113.8998032, 22.2901629 ], [ 113.8997875, 22.2903388 ], [ 113.8997614, 22.2908133 ], [ 113.8997945, 22.2910586 ], [ 113.8997875, 22.291299 ], [ 113.8996864, 22.2915056 ], [ 113.8995521, 22.2915976 ], [ 113.8994091, 22.2916283 ], [ 113.8992381, 22.291617 ], [ 113.898863100000014, 22.2913426 ], [ 113.8984846, 22.2911118 ], [ 113.89797, 22.2909205 ], [ 113.8976839, 22.2909519 ], [ 113.8970929, 22.2912717 ], [ 113.8968898, 22.2915515 ], [ 113.8968683, 22.291804 ], [ 113.8967919, 22.2918071 ], [ 113.8964143, 22.2914963 ], [ 113.8962574, 22.2913337 ], [ 113.8961971, 22.2912283 ], [ 113.8962024, 22.2910272 ], [ 113.8963406, 22.2906798 ], [ 113.895982, 22.2903652 ], [ 113.8963674, 22.2898317 ], [ 113.895835, 22.2893372 ], [ 113.8954541, 22.2891597 ], [ 113.8952945, 22.2891324 ], [ 113.8951041, 22.289012 ], [ 113.8947831, 22.2886691 ], [ 113.8943222, 22.2879697 ], [ 113.8942337, 22.2877091 ], [ 113.8942176, 22.2876272 ], [ 113.8942766, 22.2873703 ], [ 113.8945294, 22.2872307 ], [ 113.894613, 22.2870997 ], [ 113.894613, 22.2869803 ], [ 113.8945875, 22.286798 ], [ 113.8943929, 22.286129 ], [ 113.8943747, 22.2857205 ], [ 113.8939299, 22.2850365 ], [ 113.8938207, 22.2848146 ], [ 113.8937678, 22.2845973 ], [ 113.8937678, 22.2844443 ], [ 113.8938918, 22.2839944 ], [ 113.8939944, 22.2837894 ], [ 113.8941465, 22.2836256 ], [ 113.894211, 22.2835124 ], [ 113.8942143, 22.2832171 ], [ 113.8940766, 22.282748 ], [ 113.894048900000016, 22.2825285 ], [ 113.8938455, 22.2822622 ], [ 113.8930997, 22.2815446 ], [ 113.8924134, 22.2807596 ], [ 113.8918363, 22.2802745 ], [ 113.8912128, 22.2800419 ], [ 113.8906787, 22.279996 ], [ 113.8905662, 22.2799409 ], [ 113.8900768, 22.2794941 ], [ 113.8891308, 22.2789569 ], [ 113.8877252, 22.2783678 ], [ 113.8867545, 22.2781367 ], [ 113.8864618, 22.2779638 ], [ 113.8863014, 22.2776731 ], [ 113.8862237, 22.2773991 ], [ 113.8861575, 22.2769339 ], [ 113.8856961, 22.2761459 ], [ 113.885587, 22.2752338 ], [ 113.8855673, 22.2746875 ] ] } },
{ "type": "Feature", "properties": { }, "geometry": { "type": "LineString", "coordinates": [ [ 113.8424106, 22.212093 ], [ 113.8421512, 22.2120929 ], [ 113.841885, 22.2120153 ], [ 113.841716, 22.2118328 ], [ 113.8416423, 22.211474 ], [ 113.841645, 22.2111127 ], [ 113.8417456, 22.2106719 ], [ 113.8416383, 22.2102932 ], [ 113.8416798, 22.2102175 ], [ 113.8418502, 22.2100797 ], [ 113.8419856, 22.2099083 ], [ 113.8420272, 22.2096749 ], [ 113.8419621, 22.2091305 ], [ 113.841879, 22.2088753 ], [ 113.841887700000015, 22.2087685 ], [ 113.8419534, 22.2086009 ], [ 113.8420326, 22.2084991 ], [ 113.8420124, 22.2084643 ], [ 113.8419735, 22.2084619 ], [ 113.8419574, 22.208185 ], [ 113.842109, 22.2081366 ], [ 113.8422726, 22.207923 ], [ 113.8422941, 22.2077479 ], [ 113.8423625, 22.2076747 ], [ 113.842451, 22.2076747 ], [ 113.842559600000016, 22.2075294 ], [ 113.8426656, 22.2075083 ], [ 113.8430692, 22.2072103 ], [ 113.8431028, 22.2071495 ], [ 113.8431631, 22.2071197 ], [ 113.8432577, 22.2069136 ], [ 113.8433214, 22.206862 ], [ 113.8437244, 22.2067838 ], [ 113.844036800000012, 22.2066621 ], [ 113.844173, 22.2064976 ], [ 113.8443232, 22.2060035 ], [ 113.844449900000015, 22.20587 ], [ 113.8449005, 22.205631 ], [ 113.844993, 22.205615399999989 ], [ 113.8451915, 22.2056601 ], [ 113.8454049, 22.2056253 ] ] } },
{ "type": "Feature", "properties": { }, "geometry": { "type": "LineString", "coordinates": [ [ 114.2725274, 22.5174404 ], [ 114.2726743, 22.5174986 ], [ 114.272924300000014, 22.5175137 ], [ 114.2731469, 22.517458 ], [ 114.2733399, 22.51734 ], [ 114.2737025, 22.5173938 ], [ 114.2740649, 22.5173399 ], [ 114.2741158, 22.5173615 ], [ 114.2741417, 22.5174203 ], [ 114.2741876, 22.5172309 ], [ 114.27417370000002, 22.5170836 ], [ 114.2744603, 22.5166315 ], [ 114.2746628, 22.5164316 ], [ 114.2747392, 22.5162724 ], [ 114.2750229, 22.5161528 ], [ 114.2754152, 22.5162705 ], [ 114.2758316, 22.5162408 ], [ 114.2761213, 22.5163746 ], [ 114.2762835, 22.5163542 ], [ 114.2764357, 22.5162804 ], [ 114.2764679, 22.5162352 ], [ 114.2764646, 22.516162099999988 ], [ 114.2761105, 22.5158728 ], [ 114.2760797, 22.5157948 ], [ 114.2760931, 22.515718 ], [ 114.2762507, 22.5155414 ], [ 114.2767583, 22.5152924 ], [ 114.2767697, 22.5150874 ], [ 114.2768723, 22.5146804 ], [ 114.2770171, 22.5143819 ], [ 114.2771995, 22.5141043 ], [ 114.2775837, 22.513654 ], [ 114.2777909, 22.513519 ], [ 114.2781322, 22.5133536 ], [ 114.2782583, 22.513348 ], [ 114.2785426, 22.5135053 ], [ 114.2786271, 22.5135772 ], [ 114.278774, 22.5142357 ], [ 114.2789517, 22.5144351 ], [ 114.2789704, 22.514743 ], [ 114.2790422, 22.5150818 ], [ 114.2791448, 22.5152125 ], [ 114.27920850000001, 22.5152497 ], [ 114.279413, 22.5152305 ], [ 114.2795397, 22.5151723 ], [ 114.279592, 22.5152057 ], [ 114.279568600000019, 22.5153705 ], [ 114.2792353, 22.516115 ], [ 114.2791924, 22.516732 ], [ 114.2792957, 22.517484 ], [ 114.2796122, 22.5181517 ], [ 114.2797503, 22.5183264 ], [ 114.2799273, 22.5184515 ], [ 114.2800346, 22.5184912 ], [ 114.2808996, 22.5185928 ], [ 114.281141, 22.5185407 ], [ 114.2812523, 22.5184639 ], [ 114.2815608, 22.5181443 ], [ 114.2816278, 22.5181146 ], [ 114.2817016, 22.5181133 ], [ 114.28177, 22.5181493 ], [ 114.2818612, 22.5182385 ], [ 114.2819296, 22.5183599 ], [ 114.281994, 22.5186646 ], [ 114.2819926, 22.5188182 ], [ 114.2818679, 22.5192184 ], [ 114.2816627, 22.5196569 ], [ 114.2815219, 22.5198465 ], [ 114.2811236, 22.5202627 ], [ 114.2811196, 22.5203618 ], [ 114.2811719, 22.5203755 ], [ 114.2814347, 22.5203247 ], [ 114.2816184, 22.5203557 ], [ 114.2817821, 22.520461 ], [ 114.2822716, 22.5208884 ], [ 114.2829971, 22.521172 ], [ 114.2831567, 22.5212736 ], [ 114.2836274, 22.521815 ], [ 114.283992200000014, 22.5220751 ], [ 114.2845541, 22.5227763 ], [ 114.284876, 22.5232458 ], [ 114.2851362, 22.5235617 ], [ 114.2852382, 22.5237526 ], [ 114.2853927, 22.5237352 ], [ 114.285599, 22.5237948 ], [ 114.2857447, 22.5239682 ], [ 114.2858024, 22.5241378 ], [ 114.2858061, 22.5243596 ], [ 114.285755, 22.5246564 ], [ 114.2858535, 22.5249462 ], [ 114.2858794, 22.524978 ], [ 114.2863998, 22.5249123 ], [ 114.2864034, 22.5249366 ], [ 114.28589860000001, 22.5250004 ], [ 114.2860328, 22.525162 ], [ 114.2860139, 22.5252664 ], [ 114.285952, 22.5253693 ], [ 114.2857812, 22.5254386 ], [ 114.2856207, 22.5256117 ] ] } },
{ "type": "Feature", "properties": { }, "geometry": { "type": "LineString", "coordinates": [ [ 114.1190641, 22.2717601 ], [ 114.119051, 22.2717384 ], [ 114.1190754, 22.2717278 ], [ 114.1190866, 22.2717462 ], [ 114.1190641, 22.2717601 ] ] } },
{ "type": "Feature", "properties": { }, "geometry": { "type": "LineString", "coordinates": [ [ 114.1629895, 22.2365267 ], [ 114.1625759, 22.2364727 ], [ 114.1605678, 22.2363741 ], [ 114.1604894, 22.2364872 ], [ 114.160484, 22.2365865 ], [ 114.1605231, 22.2367094 ], [ 114.1606568, 22.2369409 ], [ 114.160673, 22.2370349 ], [ 114.1606459, 22.2372777 ], [ 114.1605695, 22.2375108 ], [ 114.1605567, 22.2379402 ], [ 114.1606413, 22.2381389 ], [ 114.16075410000002, 22.2382239 ], [ 114.1607132, 22.2384537 ], [ 114.1607577, 22.2386473 ], [ 114.1610078, 22.2390262 ], [ 114.161147900000017, 22.239176 ], [ 114.1611704, 22.2392715 ], [ 114.1605922, 22.2409043 ], [ 114.1602254, 22.2411286 ], [ 114.1592107, 22.2419877 ], [ 114.1590579, 22.2421535 ], [ 114.1590692, 22.2422638 ], [ 114.1591679, 22.2424347 ], [ 114.1591943, 22.24271 ], [ 114.1596879, 22.243796 ], [ 114.159792, 22.2438654 ], [ 114.159827400000012, 22.2441477 ], [ 114.1594627, 22.2449453 ], [ 114.1594102, 22.2451461 ], [ 114.1593208, 22.2452074 ] ] } },
{ "type": "Feature", "properties": { }, "geometry": { "type": "Polygon", "coordinates": [ [ [ 114.1989249, 22.3164717 ], [ 114.1987952, 22.3164596 ], [ 114.1987952, 22.3164277 ], [ 114.1989503, 22.3164347 ], [ 114.1989249, 22.3164717 ] ] ] } },
{ "type": "Feature", "properties": { }, "geometry": { "type": "Polygon", "coordinates": [ [ [ 113.857402, 22.2522522 ], [ 113.8573055, 22.2520139 ], [ 113.8574771, 22.2517259 ], [ 113.8579277, 22.2492831 ], [ 113.85789560000002, 22.2490647 ], [ 113.8579492, 22.2488859 ], [ 113.8580779, 22.2487767 ], [ 113.8582711, 22.2488363 ], [ 113.8583354, 22.2489356 ], [ 113.8582711, 22.2491739 ], [ 113.858174500000018, 22.2493129 ], [ 113.8577239, 22.2517756 ], [ 113.8577561, 22.251994 ], [ 113.8577024, 22.2521827 ], [ 113.8576059, 22.2522919 ], [ 113.857402, 22.2522522 ] ] ] } },
{ "type": "Feature", "properties": { }, "geometry": { "type": "LineString", "coordinates": [ [ 114.271813, 22.3793016 ], [ 114.2718482, 22.3793165 ], [ 114.27186780000001, 22.3792769 ], [ 114.2725255, 22.3796238 ], [ 114.2750149, 22.3823958 ], [ 114.2750592, 22.3823626 ], [ 114.2751934, 22.3825159 ], [ 114.2751507, 22.3825479 ], [ 114.2761234, 22.3836366 ], [ 114.2769894, 22.3836448 ], [ 114.2770672, 22.383602 ], [ 114.2771105, 22.3836198 ], [ 114.277469, 22.3840318 ], [ 114.2775385, 22.3841598 ], [ 114.277549, 22.3842278 ], [ 114.2775003, 22.3843211 ], [ 114.2772707, 22.3845309 ], [ 114.2768579, 22.3850124 ], [ 114.2765143, 22.3855387 ], [ 114.2762302, 22.3862445 ], [ 114.2761333, 22.3865964 ], [ 114.276067200000014, 22.3872851 ], [ 114.2760304, 22.3874164 ], [ 114.2759602, 22.3875152 ], [ 114.2762848, 22.3893456 ], [ 114.2764084, 22.3897476 ], [ 114.2766438, 22.3901813 ], [ 114.276426900000018, 22.3902408 ], [ 114.2764173, 22.3903263 ], [ 114.2764723, 22.3910071 ], [ 114.2765341, 22.3913827 ], [ 114.2766874, 22.3917656 ], [ 114.2769204, 22.3920826 ] ] } },
{ "type": "Feature", "properties": { }, "geometry": { "type": "LineString", "coordinates": [ [ 114.3218827, 22.3962804 ], [ 114.3217208, 22.3960673 ], [ 114.3216072, 22.3953918 ], [ 114.3215097, 22.3943737 ], [ 114.3214036, 22.3940291 ], [ 114.3212891, 22.3932699 ], [ 114.3212332, 22.3931446 ], [ 114.3212228, 22.3927832 ], [ 114.321164200000013, 22.3925308 ], [ 114.3211164, 22.3923997 ], [ 114.320942400000021, 22.3922126 ], [ 114.3209627, 22.3920228 ], [ 114.3209153, 22.3918951 ], [ 114.320728200000019, 22.3917327 ], [ 114.3207891, 22.3916241 ], [ 114.3206803, 22.3915703 ], [ 114.3205171, 22.3921218 ], [ 114.320327, 22.3923912 ], [ 114.3201494, 22.3925074 ], [ 114.3199028, 22.3927291 ], [ 114.3196698, 22.3927378 ], [ 114.3194263, 22.3928185 ], [ 114.3193337, 22.3927481 ], [ 114.3192591, 22.3927556 ], [ 114.3191676, 22.3928259 ], [ 114.319130800000011, 22.3928203 ], [ 114.3190516, 22.3925741 ], [ 114.318932700000019, 22.392429 ], [ 114.3184807, 22.3922003 ], [ 114.3184222, 22.3921798 ], [ 114.3182947, 22.3921927 ], [ 114.3181634, 22.392135 ], [ 114.3178181, 22.3918402 ], [ 114.317558, 22.3918029 ], [ 114.3173669, 22.3916685 ], [ 114.31720150000001, 22.3914004 ], [ 114.3171825, 22.3912271 ], [ 114.3172165, 22.3910886 ], [ 114.317331700000011, 22.3909809 ], [ 114.3173171, 22.3907851 ], [ 114.3174087, 22.3906591 ], [ 114.3173995, 22.3905246 ], [ 114.3174376, 22.3904402 ] ] } },
{ "type": "Feature", "properties": { }, "geometry": { "type": "LineString", "coordinates": [ [ 114.3345357, 22.3709879 ], [ 114.3341482, 22.3708205 ], [ 114.3341334, 22.3707572 ], [ 114.3342005, 22.3703467 ], [ 114.3342581, 22.3702847 ], [ 114.3342769, 22.370312 ], [ 114.3343681, 22.3702798 ], [ 114.334489, 22.3701661 ], [ 114.3345331, 22.3700789 ], [ 114.3349841, 22.3695807 ], [ 114.33506, 22.3695402 ], [ 114.3350887, 22.3695929 ], [ 114.3353069, 22.3694749 ], [ 114.335285400000018, 22.3694501 ], [ 114.3354128, 22.3693831 ], [ 114.3354423, 22.3694116 ], [ 114.3356301, 22.3692827 ], [ 114.3358541, 22.3690334 ], [ 114.3359935, 22.3689478 ], [ 114.33614780000002, 22.3689441 ], [ 114.3363972, 22.3690061 ], [ 114.336558100000019, 22.3689639 ], [ 114.3368089, 22.369083 ], [ 114.3369323, 22.3689863 ], [ 114.3371643, 22.368639 ], [ 114.33745, 22.3684914 ], [ 114.3374848, 22.3683897 ], [ 114.3373775, 22.3683414 ], [ 114.336935, 22.3682483 ], [ 114.3366265, 22.3681008 ], [ 114.3357012, 22.3680499 ], [ 114.3353578, 22.3679904 ], [ 114.3352331, 22.3679532 ], [ 114.3349971, 22.3678019 ], [ 114.3347758, 22.3677051 ], [ 114.3344378, 22.3677647 ], [ 114.333861200000015, 22.367787 ], [ 114.3337445, 22.3678168 ], [ 114.3335246, 22.3680102 ], [ 114.3333864, 22.3680301 ], [ 114.3331946, 22.3679408 ], [ 114.3331061, 22.3678564 ], [ 114.3329962, 22.3675799 ], [ 114.3329506, 22.367214 ], [ 114.3327038, 22.3670019 ], [ 114.3325992, 22.3667217 ], [ 114.3325965, 22.3663384 ], [ 114.3325147, 22.3661462 ], [ 114.3325603, 22.3659602 ], [ 114.3324222, 22.3658709 ], [ 114.3323202, 22.3656886 ], [ 114.332187500000018, 22.3655459 ], [ 114.3321499, 22.3652917 ], [ 114.3321057, 22.365216 ], [ 114.33193, 22.3650908 ], [ 114.3314874, 22.3648849 ], [ 114.331404300000017, 22.3647956 ], [ 114.33116560000002, 22.364266 ], [ 114.3310596, 22.3639299 ], [ 114.3310904, 22.3637203 ], [ 114.3312199, 22.3634606 ], [ 114.3312447, 22.363316 ], [ 114.3315424, 22.3628869 ], [ 114.3317677, 22.3624156 ], [ 114.331879, 22.3620844 ], [ 114.3319756, 22.3619741 ], [ 114.3326877, 22.3615375 ], [ 114.3331249, 22.3611766 ], [ 114.3334548, 22.3607698 ], [ 114.3337619, 22.3602377 ], [ 114.33433460000002, 22.359718 ], [ 114.3346417, 22.3595791 ], [ 114.334832100000014, 22.3592455 ], [ 114.335099, 22.3591128 ], [ 114.3353257, 22.3591004 ], [ 114.3362349, 22.3588064 ], [ 114.3362859, 22.3588449 ], [ 114.3365782, 22.3596895 ], [ 114.3368787, 22.3597279 ], [ 114.3370302, 22.3597081 ], [ 114.3371026, 22.3596498 ], [ 114.3373279, 22.3596287 ], [ 114.3374915, 22.3594737 ], [ 114.337741, 22.3593248 ], [ 114.3379676, 22.3590855 ], [ 114.338268, 22.3580374 ], [ 114.3383203, 22.3578812 ], [ 114.3383794, 22.3578092 ], [ 114.3387468, 22.3576653 ], [ 114.338787, 22.3574905 ], [ 114.3388273, 22.3574545 ], [ 114.3390512, 22.3574309 ], [ 114.3393248, 22.3575277 ], [ 114.3393892, 22.3575264 ], [ 114.3401134, 22.3571047 ], [ 114.3408443, 22.3567562 ], [ 114.3409811, 22.3563593 ], [ 114.3410535, 22.3562551 ], [ 114.3413633, 22.3559897 ], [ 114.3414679, 22.3558558 ], [ 114.3415537, 22.355692 ], [ 114.3414988, 22.3556623 ], [ 114.3416852, 22.3553882 ], [ 114.3419494, 22.3550793 ], [ 114.3420258, 22.354928 ], [ 114.3420245, 22.3546961 ], [ 114.3419681, 22.3543202 ], [ 114.3419494, 22.3542359 ], [ 114.3418957, 22.3541851 ], [ 114.34159, 22.3542198 ], [ 114.3414089, 22.354283 ], [ 114.3406431, 22.3546861 ], [ 114.3402381, 22.3547767 ], [ 114.339188, 22.3546911 ], [ 114.3388286, 22.3546043 ], [ 114.3386315, 22.3545968 ], [ 114.338327, 22.3547072 ], [ 114.3382278, 22.3547147 ], [ 114.3380629, 22.354634 ], [ 114.3380025, 22.3544716 ], [ 114.3381058, 22.3542744 ], [ 114.3384491, 22.353973 ], [ 114.338555, 22.3539147 ], [ 114.3388742, 22.3538675 ], [ 114.3390137, 22.3538142 ], [ 114.339231, 22.3536244 ], [ 114.3393262, 22.3534793 ], [ 114.3393838, 22.353292 ], [ 114.3393865, 22.3531705 ], [ 114.3390968, 22.3526743 ], [ 114.3389668, 22.3521844 ], [ 114.3390459, 22.351625 ], [ 114.3390888, 22.3515196 ], [ 114.3392739, 22.3513137 ], [ 114.3396588, 22.35115 ], [ 114.3398438, 22.3510123 ], [ 114.3400758, 22.3509961 ], [ 114.3400705, 22.3509379 ], [ 114.339927, 22.3508498 ], [ 114.3399377, 22.3507679 ], [ 114.3400611, 22.3507642 ], [ 114.340269, 22.3508634 ], [ 114.3402904, 22.3508175 ], [ 114.3401885, 22.350629 ], [ 114.34021, 22.3505 ], [ 114.3404433, 22.3504268 ], [ 114.3405828, 22.3502718 ], [ 114.3407692, 22.3502569 ], [ 114.3408188, 22.3502284 ], [ 114.3408349, 22.3500932 ], [ 114.3407115, 22.349922 ], [ 114.340696800000018, 22.3497694 ], [ 114.3408684, 22.3494693 ], [ 114.3410642, 22.3488975 ], [ 114.3412064, 22.3488082 ], [ 114.3414411, 22.3488689 ], [ 114.3416181, 22.348828 ], [ 114.3417066, 22.3487151 ], [ 114.3417643, 22.3484931 ], [ 114.3418609, 22.3483591 ], [ 114.342040600000018, 22.3483281 ], [ 114.3421371, 22.3481793 ], [ 114.3424188, 22.3481011 ], [ 114.3424241, 22.348054 ], [ 114.3422578, 22.3479932 ], [ 114.3422283, 22.3478853 ], [ 114.3423638, 22.3476459 ], [ 114.3425395, 22.3474686 ], [ 114.34275, 22.3473904 ], [ 114.3430182, 22.3475132 ], [ 114.3430491, 22.3474971 ], [ 114.3430571, 22.3474437 ], [ 114.3429069, 22.3472949 ], [ 114.3429391, 22.3471932 ], [ 114.3432033, 22.3470245 ], [ 114.3435037, 22.3469513 ], [ 114.3436083, 22.3469501 ], [ 114.3439007, 22.3470245 ], [ 114.3441971, 22.3471882 ], [ 114.3442614, 22.3472403 ], [ 114.3442856, 22.347342 ], [ 114.3441702, 22.3475901 ], [ 114.3440616, 22.3477365 ], [ 114.344319100000021, 22.3477625 ], [ 114.3444224, 22.347827 ], [ 114.3444653, 22.3479225 ], [ 114.3443915, 22.3480218 ], [ 114.3443996, 22.348054 ], [ 114.344466600000018, 22.3480801 ], [ 114.3446222, 22.3480577 ], [ 114.3447295, 22.3481334 ], [ 114.3447871, 22.3482413 ], [ 114.344881, 22.3486233 ], [ 114.344869, 22.3487015 ], [ 114.3447509, 22.3488354 ], [ 114.3447536, 22.3488888 ], [ 114.3448046, 22.3489359 ], [ 114.3449776, 22.3489421 ], [ 114.3450513, 22.3489793 ], [ 114.3450513, 22.3491468 ], [ 114.3450943, 22.3493415 ], [ 114.3452083, 22.3495127 ], [ 114.3451439, 22.3496901 ], [ 114.3452471, 22.3498153 ], [ 114.3452579, 22.3502023 ], [ 114.345286, 22.3502904 ], [ 114.3455409, 22.3504603 ], [ 114.345810400000019, 22.3505335 ], [ 114.3460947, 22.3504752 ], [ 114.3463616, 22.3503648 ], [ 114.3465614, 22.3503487 ], [ 114.347042900000019, 22.3506761 ], [ 114.3471292, 22.350706 ] ] } },
{ "type": "Feature", "properties": { }, "geometry": { "type": "LineString", "coordinates": [ [ 113.9893894, 22.2140012 ], [ 113.9894349, 22.2141057 ], [ 113.9895745, 22.2142752 ], [ 113.989776800000016, 22.2144639 ], [ 113.9900102, 22.2145955 ], [ 113.990054900000018, 22.2146511 ], [ 113.9901731, 22.2146931 ], [ 113.9902577, 22.214782 ], [ 113.9904136, 22.2148735 ], [ 113.990498, 22.2148905 ], [ 113.9905857, 22.2149897 ], [ 113.990713, 22.2150359 ], [ 113.990753700000013, 22.2151023 ], [ 113.9908619, 22.2151305 ], [ 113.9911241, 22.2153276 ], [ 113.9915049, 22.2154719 ], [ 113.991588, 22.2155558 ], [ 113.9918285, 22.2156148 ], [ 113.9918668, 22.2155965 ] ] } },
{ "type": "Feature", "properties": { }, "geometry": { "type": "Polygon", "coordinates": [ [ [ 113.9900303, 22.2124765 ], [ 113.9899654, 22.2125163 ], [ 113.9899264, 22.2124983 ], [ 113.9899674, 22.2124539 ], [ 113.9900303, 22.2124765 ] ] ] } },
{ "type": "Feature", "properties": { }, "geometry": { "type": "Polygon", "coordinates": [ [ [ 113.9904071, 22.2125629 ], [ 113.9903186, 22.2125629 ], [ 113.9903032, 22.2124923 ], [ 113.990384400000011, 22.2124877 ], [ 113.9904177, 22.2125141 ], [ 113.9904071, 22.2125629 ] ] ] } },
{ "type": "Feature", "properties": { }, "geometry": { "type": "Polygon", "coordinates": [ [ [ 113.9901243, 22.2125319 ], [ 113.9900683, 22.2125026 ], [ 113.990074, 22.2124432 ], [ 113.990017900000012, 22.2123703 ], [ 113.9900399, 22.212263499999988 ], [ 113.9901162, 22.2122928 ], [ 113.9901575, 22.2122777 ], [ 113.9902161, 22.2123357 ], [ 113.990214400000013, 22.2123801 ], [ 113.9902612, 22.212363 ], [ 113.990277, 22.2124116 ], [ 113.9901243, 22.2125319 ] ] ] } },
{ "type": "Feature", "properties": { }, "geometry": { "type": "Polygon", "coordinates": [ [ [ 113.9901083, 22.2125862 ], [ 113.990072600000019, 22.2126359 ], [ 113.9899763, 22.2125779 ], [ 113.990006, 22.2125253 ], [ 113.9900563, 22.2125223 ], [ 113.9901083, 22.2125862 ] ] ] } },
{ "type": "Feature", "properties": { }, "geometry": { "type": "LineString", "coordinates": [ [ 114.2201721, 22.307659 ], [ 114.220209800000021, 22.3076108 ], [ 114.2209328, 22.3080961 ], [ 114.2219718, 22.3067689 ], [ 114.2216912, 22.3065157 ], [ 114.22161, 22.306529 ], [ 114.2215161, 22.3063979 ], [ 114.221134, 22.3060473 ], [ 114.2212742, 22.3059069 ], [ 114.221667, 22.3062464 ], [ 114.2217477, 22.3062695 ], [ 114.2218256, 22.3063365 ], [ 114.2218077, 22.306394 ], [ 114.2220727, 22.3066389 ], [ 114.2224112, 22.3062095 ], [ 114.2229708, 22.3055787 ], [ 114.2225999, 22.3052929 ], [ 114.2250929, 22.3025351 ], [ 114.2273523, 22.3013479 ], [ 114.2282704, 22.2996783 ], [ 114.2286126, 22.299176699999986 ], [ 114.2289554, 22.2988233 ], [ 114.2293049, 22.298566 ], [ 114.2298308, 22.2983026 ], [ 114.2300977, 22.298216 ], [ 114.2304396, 22.2981384 ], [ 114.2310418, 22.2981077 ], [ 114.2327173, 22.2982988 ], [ 114.2330722, 22.2981936 ], [ 114.2333265, 22.2981839 ], [ 114.2337391, 22.2982784 ], [ 114.2338713, 22.2983785 ], [ 114.2339824, 22.298413 ], [ 114.2341712, 22.2984189 ], [ 114.2342046, 22.2984805 ], [ 114.2353488, 22.2986146 ], [ 114.2361049, 22.2969642 ], [ 114.2326944, 22.2953107 ], [ 114.233037, 22.2947022 ], [ 114.233370100000016, 22.2936442 ], [ 114.2370623, 22.2901429 ], [ 114.2371379, 22.2901254 ], [ 114.2372304, 22.2901647 ], [ 114.2372513, 22.2902548 ], [ 114.2372116, 22.290344 ], [ 114.2364511, 22.2910668 ], [ 114.2364505, 22.2911016 ], [ 114.2378144, 22.2923129 ], [ 114.238556, 22.2915931 ], [ 114.238565, 22.2914833 ], [ 114.2382651, 22.2908977 ], [ 114.2380867, 22.2907469 ], [ 114.2378896, 22.2904563 ], [ 114.2375526, 22.289784 ], [ 114.2372409, 22.2895365 ], [ 114.2372776, 22.2893655 ], [ 114.2370649, 22.2890133 ], [ 114.237027400000017, 22.2890164 ], [ 114.2370033, 22.2889674 ], [ 114.2370876, 22.2889077 ], [ 114.2370595, 22.2888821 ], [ 114.2369533, 22.2889565 ], [ 114.236914100000021, 22.2890304 ], [ 114.2368443, 22.2889633 ], [ 114.2370521, 22.2888576 ], [ 114.2370036, 22.2888145 ], [ 114.2369609, 22.2888569 ], [ 114.2368362, 22.2887431 ], [ 114.2368418, 22.2886807 ], [ 114.2367416, 22.2885815 ], [ 114.236829, 22.2885013 ], [ 114.2368411, 22.2884546 ], [ 114.2366244, 22.288381 ], [ 114.2366047, 22.288265 ], [ 114.2365466, 22.2882117 ], [ 114.2364655, 22.2882476 ], [ 114.2363867, 22.2882168 ], [ 114.236376, 22.2881686 ], [ 114.2363045, 22.2881726 ], [ 114.236363, 22.2880705 ] ] } },
{ "type": "Feature", "properties": { }, "geometry": { "type": "LineString", "coordinates": [ [ 114.1937667, 22.2244772 ], [ 114.1936802, 22.2245478 ], [ 114.193601300000012, 22.2245714 ], [ 114.1934316, 22.2245369 ], [ 114.1933527, 22.2244505 ], [ 114.1933392, 22.2243814 ], [ 114.1934113, 22.2242204 ], [ 114.1935525, 22.2241623 ], [ 114.1936433, 22.2241929 ], [ 114.193754, 22.2243657 ], [ 114.1937667, 22.2244772 ] ] } },
{ "type": "Feature", "properties": { }, "geometry": { "type": "LineString", "coordinates": [ [ 114.180019, 22.2448476 ], [ 114.1807266, 22.2449442 ], [ 114.1810597, 22.2450531 ], [ 114.1816995, 22.2451058 ], [ 114.1820998, 22.2451772 ], [ 114.1823291, 22.2452759 ], [ 114.1825136, 22.2454063 ], [ 114.1826127, 22.2454323 ], [ 114.1830305, 22.2454379 ], [ 114.1831123, 22.2453454 ], [ 114.1831727, 22.2453305 ], [ 114.1832337, 22.2453566 ], [ 114.1832786, 22.2454205 ], [ 114.1833738, 22.2454397 ], [ 114.184029, 22.2452399 ], [ 114.1844876, 22.2451685 ], [ 114.1846868, 22.2452275 ], [ 114.1850924, 22.245428499999989 ], [ 114.1854317, 22.2454912 ], [ 114.1854408, 22.2454425 ], [ 114.1855196, 22.2454496 ], [ 114.185533, 22.2455477 ], [ 114.1857612, 22.2457173 ], [ 114.1863365, 22.2454 ], [ 114.1867844, 22.2450971 ], [ 114.1872377, 22.2447347 ], [ 114.1876674, 22.24427 ], [ 114.1878793, 22.2439527 ], [ 114.1880183, 22.2436349 ], [ 114.1881099, 22.2433221 ], [ 114.1881889, 22.2427734 ], [ 114.1880374, 22.2423295 ], [ 114.1880953, 22.2422981 ], [ 114.1880023, 22.2422088 ], [ 114.1878285, 22.2421164 ], [ 114.1876143, 22.2420824 ], [ 114.1875396, 22.2420921 ], [ 114.1875567, 22.2422328 ], [ 114.187534, 22.2422352 ], [ 114.1875169, 22.2420945 ], [ 114.1873323, 22.2420984 ], [ 114.187252, 22.2420691 ], [ 114.1871726, 22.2419916 ], [ 114.1870491, 22.2417832 ], [ 114.1867263, 22.2415671 ], [ 114.186712, 22.2414472 ], [ 114.1869202, 22.2410202 ], [ 114.1868264, 22.240831 ], [ 114.1868116, 22.240572 ], [ 114.1866253, 22.2403441 ], [ 114.1865918, 22.2402597 ], [ 114.18657570000002, 22.2400562 ], [ 114.1866307, 22.2398439 ], [ 114.1867729, 22.2396155 ], [ 114.1871282, 22.2391947 ], [ 114.1872778, 22.2388992 ], [ 114.1875225, 22.2386882 ], [ 114.1877948, 22.238317 ], [ 114.1878679, 22.2381588 ], [ 114.1880301, 22.2380383 ], [ 114.1882103, 22.2376621 ], [ 114.18846, 22.2373053 ], [ 114.1886839, 22.2370868 ], [ 114.1893585, 22.2366263 ], [ 114.189872100000017, 22.2360789 ], [ 114.1902879, 22.2360081 ], [ 114.1904891, 22.2360292 ], [ 114.1906198, 22.2361049 ], [ 114.1910577, 22.2359584 ], [ 114.1913128, 22.235935 ] ] } },
{ "type": "Feature", "properties": { }, "geometry": { "type": "LineString", "coordinates": [ [ 114.1643935, 22.2381469 ], [ 114.16450020000002, 22.2377212 ], [ 114.1648092, 22.2372867 ], [ 114.1648531, 22.2371544 ], [ 114.1648991, 22.2366777 ], [ 114.1649443, 22.2365528 ], [ 114.1650255, 22.2364112 ], [ 114.165139, 22.2362902 ], [ 114.1652758, 22.2361975 ], [ 114.1655083, 22.2361169 ], [ 114.165673600000019, 22.2361036 ], [ 114.1660725, 22.2361356 ], [ 114.1665182, 22.2360963 ], [ 114.1671141, 22.2359661 ], [ 114.1672028, 22.2359227 ], [ 114.1672159, 22.2358881 ], [ 114.1672323, 22.2355719 ], [ 114.1671017, 22.2353906 ], [ 114.1670612, 22.2351861 ], [ 114.1670969, 22.2350176 ], [ 114.1672673, 22.2348658 ], [ 114.1672683, 22.2346462 ], [ 114.16719, 22.2344812 ], [ 114.167068, 22.2343509 ], [ 114.1668159, 22.2342218 ], [ 114.1666657, 22.2340927 ], [ 114.1666456, 22.2339623 ], [ 114.1666979, 22.2338208 ], [ 114.1666737, 22.2337488 ], [ 114.1664819, 22.2335949 ], [ 114.1661708, 22.2334999 ], [ 114.166120500000019, 22.2332299 ], [ 114.1661634, 22.233094 ], [ 114.1662419, 22.2329872 ], [ 114.1664719, 22.2328345 ], [ 114.1666174, 22.2328314 ], [ 114.1667877, 22.2328814 ], [ 114.1668025, 22.2328513 ], [ 114.1667314, 22.2326824 ], [ 114.166785, 22.2324788 ], [ 114.1668642, 22.2323932 ], [ 114.1670486, 22.2324025 ], [ 114.167122300000017, 22.2324577 ], [ 114.167209500000013, 22.2326365 ], [ 114.1673376, 22.2326228 ], [ 114.1674422, 22.2324428 ], [ 114.1674636, 22.2320841 ], [ 114.1675696, 22.2319562 ], [ 114.167768100000018, 22.2319438 ], [ 114.1679142, 22.2320381 ], [ 114.1680738, 22.232058 ], [ 114.168209300000015, 22.2321797 ], [ 114.1683193, 22.2321648 ], [ 114.1683595, 22.2320754 ], [ 114.1683072, 22.2319512 ], [ 114.1683461, 22.2317849 ], [ 114.1686854, 22.2315788 ], [ 114.1687994, 22.2315428 ], [ 114.1688544, 22.2313206 ], [ 114.1689321, 22.2312498 ], [ 114.168967, 22.2312436 ], [ 114.1692017, 22.2313554 ], [ 114.1694273, 22.2313814 ], [ 114.1694391, 22.2313281 ], [ 114.1692097, 22.231225 ], [ 114.1692124, 22.2311406 ], [ 114.1693269, 22.2310809 ], [ 114.1693405, 22.2310419 ], [ 114.1692969, 22.2308296 ], [ 114.1693593, 22.2308563 ], [ 114.169467900000015, 22.231004 ], [ 114.1695336, 22.2310134 ], [ 114.1696174, 22.230978 ], [ 114.1696778, 22.2309041 ], [ 114.1697753, 22.2308675 ], [ 114.1698617, 22.2307317 ], [ 114.1698994, 22.2307427 ], [ 114.1699272, 22.2308892 ], [ 114.1699628, 22.2309054 ], [ 114.17003050000001, 22.2308768 ], [ 114.1700955, 22.2308029 ], [ 114.1704074, 22.2306838 ], [ 114.1709357, 22.2300966 ], [ 114.1710001, 22.2299253 ] ] } },
{ "type": "Feature", "properties": { }, "geometry": { "type": "Polygon", "coordinates": [ [ [ 114.2274682, 22.5323396 ], [ 114.2272418, 22.5322458 ], [ 114.2271793, 22.5320222 ], [ 114.2268905, 22.5316039 ], [ 114.2268826, 22.5314741 ], [ 114.2269716, 22.5315027 ], [ 114.2272164, 22.5314399 ], [ 114.2274987, 22.5317749 ], [ 114.22755410000002, 22.531878 ], [ 114.22755410000002, 22.5321304 ], [ 114.2276634, 22.5322097 ], [ 114.2276556, 22.5323035 ], [ 114.2274682, 22.5323396 ] ] ] } },
{ "type": "Feature", "properties": { }, "geometry": { "type": "LineString", "coordinates": [ [ 114.220908, 22.5437993 ], [ 114.2209256, 22.543829 ], [ 114.2209349, 22.5437715 ], [ 114.2210891, 22.5437883 ], [ 114.2210757, 22.5438739 ], [ 114.2212082, 22.5438514 ], [ 114.2215397, 22.5440318 ], [ 114.2220163, 22.5441953 ], [ 114.2222261, 22.5442235 ], [ 114.2227811, 22.5442083 ], [ 114.223143300000018, 22.5442391 ], [ 114.2235778, 22.5444283 ], [ 114.2238963, 22.5446398 ], [ 114.224095700000021, 22.5446593 ], [ 114.2242423, 22.5446153 ], [ 114.2244075, 22.5444762 ], [ 114.2249154, 22.5437179 ], [ 114.2249762, 22.5435605 ], [ 114.2248669, 22.5434315 ], [ 114.2248686, 22.5433287 ], [ 114.2250677, 22.5430278 ], [ 114.2251785, 22.5429861 ], [ 114.2252954, 22.5430158 ], [ 114.2255004, 22.5431411 ], [ 114.2255338, 22.5432064 ], [ 114.2263472, 22.5436694 ], [ 114.2263484, 22.5437343 ], [ 114.2261125, 22.5440955 ], [ 114.2261519, 22.5441824 ], [ 114.226086900000013, 22.5442817 ] ] } },
{ "type": "Feature", "properties": { }, "geometry": { "type": "LineString", "coordinates": [ [ 114.2427342, 22.5503879 ], [ 114.2426644, 22.550355 ], [ 114.2425391, 22.5502087 ], [ 114.242585, 22.5501211 ], [ 114.2425014, 22.549966 ], [ 114.242577, 22.5499311 ], [ 114.2425597, 22.5497114 ], [ 114.2426306, 22.5495616 ], [ 114.2425802, 22.549534 ], [ 114.242616400000017, 22.5494831 ], [ 114.2425628, 22.5494147 ], [ 114.242595900000012, 22.5492299 ], [ 114.2428733, 22.5489375 ], [ 114.2428278, 22.5485873 ], [ 114.242747, 22.5485176 ], [ 114.2426474, 22.5485574 ], [ 114.2424529, 22.5485304 ], [ 114.2421778, 22.548283 ], [ 114.2417959, 22.5478675 ], [ 114.2414458, 22.5466994 ], [ 114.240973, 22.5462422 ], [ 114.240754200000012, 22.5452124 ], [ 114.2409346, 22.5450579 ], [ 114.241012, 22.5447446 ], [ 114.2408794, 22.5443237 ], [ 114.240931800000013, 22.5441981 ], [ 114.2408319, 22.5437304 ], [ 114.2403358, 22.5431414 ], [ 114.2403012, 22.542945 ], [ 114.2400343, 22.5426491 ], [ 114.2398007, 22.5422755 ], [ 114.239650700000013, 22.5422474 ], [ 114.2395462, 22.5420194 ], [ 114.2394407, 22.5419917 ], [ 114.2393112, 22.5417005 ], [ 114.23902, 22.5412307 ], [ 114.2389213, 22.5412019 ], [ 114.238717200000011, 22.5409742 ], [ 114.2387538, 22.5406931 ], [ 114.2385882, 22.5404381 ], [ 114.2384778, 22.5399843 ], [ 114.2383508, 22.538893 ], [ 114.2384999, 22.5386177 ], [ 114.238332, 22.5378244 ], [ 114.2378815, 22.5372001 ], [ 114.2376339, 22.5365717 ], [ 114.2375316, 22.5365048 ], [ 114.2375975, 22.5364678 ], [ 114.2376999, 22.5362964 ], [ 114.2376721, 22.5360092 ], [ 114.2375337, 22.5357518 ], [ 114.2370846, 22.5353803 ], [ 114.2366101, 22.5348818 ] ] } },
{ "type": "Feature", "properties": { }, "geometry": { "type": "Polygon", "coordinates": [ [ [ 114.2095291, 22.5287477 ], [ 114.2093911, 22.5286865 ], [ 114.209358, 22.5285488 ], [ 114.2094353, 22.5284162 ], [ 114.2095457, 22.5284366 ], [ 114.209584300000017, 22.5285896 ], [ 114.2095291, 22.5287477 ] ] ] } },
{ "type": "Feature", "properties": { }, "geometry": { "type": "LineString", "coordinates": [ [ 114.3000623, 22.4545599 ], [ 114.2998836, 22.4546991 ], [ 114.299748, 22.4546805 ], [ 114.299689, 22.4546382 ], [ 114.299483, 22.454669 ], [ 114.2994937, 22.454788 ], [ 114.2995998, 22.4549838 ], [ 114.2996366, 22.4551208 ], [ 114.2997914, 22.4551896 ], [ 114.2999698, 22.4553684 ], [ 114.3000221, 22.4556591 ], [ 114.2999942, 22.4557914 ], [ 114.299885, 22.4559388 ], [ 114.2998877, 22.4560784 ], [ 114.2997834, 22.4562183 ], [ 114.2996807, 22.4565002 ], [ 114.2996502, 22.4565418 ], [ 114.2995425, 22.4565803 ], [ 114.2994798, 22.4566547 ], [ 114.2989279, 22.4566872 ], [ 114.2986738, 22.4565892 ], [ 114.2984108, 22.4563388 ], [ 114.2981988, 22.4562413 ], [ 114.2980474, 22.4562234 ], [ 114.2974474, 22.4562712 ], [ 114.2972939, 22.4562088 ], [ 114.2971308, 22.4561981 ], [ 114.2968303, 22.4559855 ], [ 114.2965037, 22.4558255 ], [ 114.296146, 22.4558373 ], [ 114.2953698, 22.4561327 ], [ 114.2951747, 22.4563144 ], [ 114.2950165, 22.4562594 ], [ 114.2948876, 22.4562576 ], [ 114.294811, 22.4563867 ], [ 114.294904200000019, 22.4565608 ], [ 114.2947916, 22.4566721 ], [ 114.294696, 22.4566468 ], [ 114.294643, 22.4565283 ], [ 114.2946434, 22.456328 ], [ 114.2945926, 22.4562233 ], [ 114.294540500000011, 22.4562322 ], [ 114.2943532, 22.4567041 ], [ 114.2940773, 22.4570042 ], [ 114.2939246, 22.4573048 ], [ 114.2936651, 22.4575131 ], [ 114.293505700000011, 22.457775 ], [ 114.2935164, 22.4579399 ], [ 114.2934769, 22.4580693 ], [ 114.2932078, 22.4580951 ], [ 114.2931526, 22.4582246 ], [ 114.2928375, 22.4582965 ], [ 114.2924881, 22.4585028 ], [ 114.2923634, 22.4584768 ], [ 114.2921012, 22.4585036 ], [ 114.2918243, 22.4584551 ], [ 114.291599, 22.4582841 ], [ 114.2915748, 22.4581527 ], [ 114.2918383, 22.4575456 ], [ 114.2921262, 22.4570635 ], [ 114.2921378, 22.4568181 ], [ 114.292009, 22.4564965 ], [ 114.291781, 22.4561166 ], [ 114.2914608, 22.4550498 ], [ 114.2914726, 22.4547784 ], [ 114.2918429, 22.4541869 ], [ 114.291860500000013, 22.4540631 ], [ 114.2916789, 22.4536476 ], [ 114.2915598, 22.4535307 ], [ 114.2914799, 22.4530179 ], [ 114.2913391, 22.4527976 ], [ 114.2913378, 22.4526925 ], [ 114.2914125, 22.4524754 ], [ 114.2915359, 22.4522901 ], [ 114.2916024, 22.451855 ], [ 114.2918214, 22.4515297 ], [ 114.2919071, 22.4512972 ], [ 114.2920569, 22.4512083 ], [ 114.292159, 22.4509958 ], [ 114.2922164, 22.4507313 ], [ 114.2919813, 22.450503 ], [ 114.2918621, 22.4505048 ], [ 114.2916863, 22.4502918 ], [ 114.2916434, 22.4501257 ], [ 114.2914067, 22.4499227 ], [ 114.2903096, 22.4496393 ], [ 114.290167, 22.4494306 ], [ 114.2900066, 22.4493947 ], [ 114.2898847, 22.4494757 ], [ 114.2897613, 22.4496443 ], [ 114.289755, 22.4499048 ], [ 114.2897818, 22.449994 ], [ 114.2894877, 22.4502045 ], [ 114.2894676, 22.4505355 ], [ 114.2894051, 22.4508171 ], [ 114.2893321, 22.4509333 ], [ 114.2891829, 22.4509752 ], [ 114.2891508, 22.4515441 ], [ 114.2890274, 22.4522593 ], [ 114.28890490000002, 22.4523964 ], [ 114.2889001, 22.452495 ], [ 114.2885456, 22.4526951 ], [ 114.2884382, 22.4526926 ], [ 114.2883183, 22.4527876 ], [ 114.2880608, 22.4528272 ], [ 114.2872479, 22.453273 ], [ 114.2871157, 22.4534631 ], [ 114.2871006, 22.4535619 ], [ 114.2869576, 22.4536755 ], [ 114.2869168, 22.4537921 ], [ 114.2865225, 22.453869 ], [ 114.2860965, 22.4537959 ], [ 114.2858344, 22.453588 ], [ 114.2854921, 22.4525138 ], [ 114.2854059, 22.4523652 ], [ 114.285135100000019, 22.4521765 ], [ 114.2849467, 22.4521158 ], [ 114.284836900000016, 22.4521096 ], [ 114.2846652, 22.4521815 ], [ 114.2846115, 22.4520799 ], [ 114.2844694, 22.4519435 ], [ 114.2831945, 22.4514154 ], [ 114.2826616, 22.4511405 ], [ 114.2824669, 22.4509837 ], [ 114.2822535, 22.450732 ], [ 114.2818411, 22.4503607 ], [ 114.2811738, 22.4492914 ], [ 114.2809034, 22.4490324 ], [ 114.2807631, 22.4484984 ], [ 114.280613800000012, 22.4481898 ], [ 114.2804648, 22.4480081 ], [ 114.2803612, 22.4477856 ], [ 114.2802758, 22.4475006 ], [ 114.2801082, 22.4472451 ], [ 114.2797808, 22.4470629 ], [ 114.2793484, 22.4465772 ], [ 114.279244700000021, 22.4463346 ], [ 114.2792371, 22.4461882 ], [ 114.2791095, 22.4459759 ], [ 114.27907470000001, 22.4459337 ], [ 114.2786555, 22.4457468 ], [ 114.2786081, 22.4455424 ], [ 114.278332, 22.4453657 ], [ 114.2781569, 22.4451224 ], [ 114.2778011, 22.4449479 ], [ 114.2776896, 22.4449382 ], [ 114.2774789, 22.4449967 ], [ 114.277429900000016, 22.444984 ], [ 114.2773515, 22.4447639 ], [ 114.2773066, 22.4447354 ], [ 114.2773212, 22.4446065 ], [ 114.2771766, 22.4443827 ], [ 114.2771642, 22.4442772 ], [ 114.2772328, 22.4440452 ], [ 114.2773474, 22.4439714 ], [ 114.2773759, 22.4439358 ], [ 114.2773584, 22.4439014 ], [ 114.2774608, 22.443834 ], [ 114.2774859, 22.4437571 ], [ 114.277557300000012, 22.4437075 ], [ 114.2775776, 22.4436383 ], [ 114.2776856, 22.443538 ], [ 114.2778273, 22.4431366 ], [ 114.2778814, 22.4430671 ] ] } },
{ "type": "Feature", "properties": { }, "geometry": { "type": "LineString", "coordinates": [ [ 114.312042100000014, 22.4875128 ], [ 114.3120909, 22.4874285 ], [ 114.3122238, 22.4873888 ], [ 114.3124276, 22.4874036 ], [ 114.3124907, 22.4873826 ], [ 114.3125175, 22.4874334 ], [ 114.3130057, 22.4877233 ], [ 114.3133344, 22.4880186 ], [ 114.3134589, 22.4881483 ], [ 114.3134926, 22.4884035 ], [ 114.3136703, 22.4884853 ], [ 114.3137907, 22.488625 ], [ 114.3141339, 22.4888177 ], [ 114.3145885, 22.4888342 ], [ 114.314725, 22.4888695 ], [ 114.3149663, 22.4890566 ], [ 114.315028, 22.4891706 ], [ 114.3151353, 22.4892425 ], [ 114.3152307, 22.4892206 ], [ 114.315303, 22.4892549 ], [ 114.3152721, 22.4893503 ], [ 114.31537, 22.4894692 ], [ 114.3154572, 22.489468 ], [ 114.3154854, 22.4896787 ], [ 114.3155819, 22.4898212 ], [ 114.3156208, 22.4899513 ], [ 114.316231, 22.4904717 ], [ 114.3164523, 22.4909227 ], [ 114.3165633, 22.4912482 ], [ 114.31677, 22.4915754 ], [ 114.3169378, 22.4917532 ], [ 114.3172574, 22.491898599999988 ], [ 114.3178363, 22.4920044 ], [ 114.3180278, 22.492007 ], [ 114.3181381, 22.4919574 ], [ 114.3181099, 22.4917678 ], [ 114.3181488, 22.4916439 ], [ 114.3182249, 22.4915843 ], [ 114.3182977, 22.4915745 ], [ 114.3183888, 22.491608 ], [ 114.3187455, 22.4919379 ], [ 114.3188247, 22.4919772 ], [ 114.318934700000014, 22.4922027 ], [ 114.3189883, 22.4922362 ], [ 114.3189263, 22.4926926 ], [ 114.3190232, 22.4929264 ], [ 114.3193303, 22.4933104 ], [ 114.3193652, 22.4934319 ], [ 114.3197447, 22.4940737 ], [ 114.3197501, 22.4942769 ], [ 114.3196587, 22.4946317 ], [ 114.3197085, 22.4947502 ], [ 114.3198775, 22.4948469 ], [ 114.3202905, 22.4948828 ], [ 114.320521, 22.4949356 ], [ 114.32097, 22.4949 ], [ 114.3211944, 22.4949293 ], [ 114.3213799, 22.49503 ], [ 114.321586, 22.495283 ], [ 114.3215887, 22.4953983 ], [ 114.321658, 22.4955528 ], [ 114.3217604, 22.4956325 ], [ 114.321865, 22.4958084 ], [ 114.321921300000014, 22.4958518 ], [ 114.3219361, 22.4959212 ], [ 114.3218864, 22.4959856 ], [ 114.3218677, 22.4961405 ], [ 114.3217999, 22.4962067 ], [ 114.321773, 22.4963466 ], [ 114.3218265, 22.4965492 ], [ 114.3219838, 22.4967225 ], [ 114.3221909, 22.496817 ], [ 114.3227676, 22.4968083 ], [ 114.322935200000018, 22.4966857 ], [ 114.3231464, 22.4966215 ], [ 114.3235145, 22.4969669 ], [ 114.3232752, 22.4970211 ], [ 114.3235011, 22.4971689 ], [ 114.32355, 22.49738 ], [ 114.3237412, 22.4976509 ], [ 114.3238646, 22.4977339 ], [ 114.3241288, 22.4981589 ], [ 114.3242488, 22.4984199 ], [ 114.3242897, 22.4986347 ], [ 114.3243822, 22.4988143 ], [ 114.3245099, 22.499247 ], [ 114.3253777, 22.5002039 ], [ 114.3255673, 22.5004791 ], [ 114.3258031, 22.5007019 ], [ 114.3259406, 22.50071 ], [ 114.3262811, 22.5005706 ], [ 114.3265226, 22.5006159 ], [ 114.3266259, 22.500575 ], [ 114.3266527, 22.5005155 ], [ 114.3269378, 22.5005475 ], [ 114.3269451, 22.5004808 ], [ 114.3272147, 22.5007509 ], [ 114.3272616, 22.5008599 ], [ 114.3274101, 22.5009772 ], [ 114.3276063, 22.5010185 ], [ 114.327932, 22.5012903 ], [ 114.3281119, 22.5015674 ], [ 114.3282956, 22.5016133 ], [ 114.3282057, 22.5017743 ], [ 114.3282956, 22.5018065 ], [ 114.3283398, 22.5018561 ], [ 114.328287500000016, 22.5019639 ], [ 114.328329, 22.5020971 ], [ 114.3285209, 22.5023579 ], [ 114.3289179, 22.502571 ], [ 114.3290994, 22.502775 ], [ 114.3292022, 22.5029799 ], [ 114.32946050000001, 22.5032908 ], [ 114.3299516, 22.5034484 ], [ 114.3304387, 22.5033912 ], [ 114.3305433, 22.5033466 ], [ 114.3312541, 22.5035424 ], [ 114.331588, 22.5038311 ], [ 114.331765, 22.5038819 ], [ 114.3318727, 22.5040233 ], [ 114.3322723, 22.504242699999988 ], [ 114.3334857, 22.5049965 ], [ 114.3339419, 22.505358 ], [ 114.334008700000012, 22.5053525 ], [ 114.3340757, 22.5053847 ], [ 114.3341537, 22.5056312 ], [ 114.3346618, 22.5062706 ], [ 114.3346441, 22.5063472 ], [ 114.3350355, 22.506836 ], [ 114.3351969, 22.5069185 ], [ 114.3352919, 22.5070048 ], [ 114.336019, 22.5072593 ], [ 114.3361015, 22.5073572 ], [ 114.3362483, 22.5074457 ], [ 114.3362805, 22.5075319 ], [ 114.3363315, 22.5075356 ], [ 114.3363268, 22.5075771 ], [ 114.3364388, 22.5076564 ], [ 114.3364891, 22.5078912 ], [ 114.3365628, 22.508012 ], [ 114.3365668, 22.5080795 ], [ 114.3366124, 22.5081104 ], [ 114.3366909, 22.5082628 ], [ 114.3365903, 22.5083043 ], [ 114.336589, 22.5083502 ], [ 114.3366399, 22.508339 ], [ 114.3366473, 22.5083706 ], [ 114.3365896, 22.5084307 ], [ 114.3366359, 22.5084336 ], [ 114.336631200000014, 22.5084679 ], [ 114.3365796, 22.5084809 ], [ 114.3365333, 22.508567 ], [ 114.3365782, 22.5086147 ], [ 114.3364854, 22.5087319 ], [ 114.3365093, 22.5088587 ], [ 114.3364562, 22.5088966 ], [ 114.3364891, 22.5089872 ], [ 114.3366185, 22.5090124 ], [ 114.3365702, 22.5090855 ], [ 114.3363938, 22.5090849 ], [ 114.3363328, 22.5092081 ], [ 114.3362973, 22.5092112 ], [ 114.3362852, 22.5092348 ], [ 114.3363905, 22.5092781 ], [ 114.3363905, 22.5093413 ], [ 114.336363, 22.5093587 ], [ 114.3360063, 22.5093054 ], [ 114.3360867, 22.5093345 ], [ 114.3361665, 22.5094664 ], [ 114.336155800000014, 22.5095105 ], [ 114.3360297, 22.5095817 ], [ 114.3359613, 22.5095749 ], [ 114.3359922, 22.509718 ], [ 114.335958, 22.5097409 ], [ 114.3358993, 22.5097103 ], [ 114.3358675, 22.5097291 ], [ 114.3359828, 22.5098521 ], [ 114.3359567, 22.5098728 ], [ 114.335872900000012, 22.5098326 ], [ 114.3358628, 22.5098493 ], [ 114.3359184, 22.5100407 ], [ 114.3358087, 22.5100209 ] ] } },
{ "type": "Feature", "properties": { }, "geometry": { "type": "Polygon", "coordinates": [ [ [ 113.8621869, 22.2601337 ], [ 113.862314, 22.2603274 ], [ 113.8623305, 22.2604551 ], [ 113.8623483, 22.2604304 ], [ 113.8624144, 22.2604737 ], [ 113.8623735, 22.2604935 ], [ 113.8623837, 22.2605489 ], [ 113.8623288, 22.26056 ], [ 113.8624566, 22.2606382 ], [ 113.8624634, 22.2607193 ], [ 113.8625212, 22.2608132 ], [ 113.8624935, 22.260914 ], [ 113.862444200000013, 22.2609351 ], [ 113.8624334, 22.2610964 ], [ 113.8623973, 22.2611597 ], [ 113.8621505, 22.2610803 ], [ 113.8621182, 22.260914 ], [ 113.8620177, 22.2608159 ], [ 113.8616905, 22.2608234 ], [ 113.8613713, 22.2609065 ], [ 113.8610588, 22.2610443 ], [ 113.8611272, 22.2610902 ], [ 113.861095, 22.2611213 ], [ 113.8609864, 22.2610729 ], [ 113.8609958, 22.2611002 ], [ 113.860734300000018, 22.2611423 ], [ 113.8602501, 22.2613397 ], [ 113.8595152, 22.2611361 ], [ 113.8594938, 22.2610703 ], [ 113.8592778, 22.260976 ], [ 113.8590632, 22.2609637 ], [ 113.8590002, 22.2610182 ], [ 113.8588835, 22.2610567 ], [ 113.8587761, 22.2610496 ], [ 113.8586462, 22.2609612 ], [ 113.8585416, 22.2609698 ], [ 113.85847990000002, 22.2608867 ], [ 113.8582116, 22.2608631 ], [ 113.8582559, 22.260971 ], [ 113.8582157, 22.2610133 ], [ 113.8581205, 22.2610343 ], [ 113.8581137, 22.2609351 ], [ 113.8580623, 22.2608721 ], [ 113.8581366, 22.2607799 ], [ 113.8577503, 22.2605938 ], [ 113.8576028, 22.2606087 ], [ 113.857546400000018, 22.260533 ], [ 113.8573359, 22.2603989 ], [ 113.8572031, 22.2603493 ], [ 113.8570085, 22.260189 ], [ 113.8567954, 22.2602301 ], [ 113.8567646, 22.2601792 ], [ 113.856575500000019, 22.2601357 ], [ 113.8563703, 22.2599595 ], [ 113.8561732, 22.2598826 ], [ 113.8561277, 22.2598074 ], [ 113.8560203, 22.2597634 ], [ 113.8559318, 22.2598032 ], [ 113.855795, 22.2596828 ], [ 113.8557225, 22.2596741 ], [ 113.8555589, 22.2595624 ], [ 113.8554866, 22.2596362 ], [ 113.85539, 22.2595375 ], [ 113.8553967, 22.2593042 ], [ 113.8552934, 22.2591578 ], [ 113.8552129, 22.2591106 ], [ 113.8552089, 22.2590436 ], [ 113.85517, 22.2590312 ], [ 113.8551593, 22.2589642 ], [ 113.8549148, 22.2587716 ], [ 113.8547316, 22.2584399 ], [ 113.8546054, 22.258364599999986 ], [ 113.8545585, 22.2582641 ], [ 113.8543745, 22.2580428 ], [ 113.8542111, 22.2579401 ], [ 113.8538732, 22.2578644 ], [ 113.8536021, 22.257477 ], [ 113.8534963, 22.2573916 ], [ 113.8533514, 22.2573568 ], [ 113.8528995, 22.2571011 ], [ 113.8528512, 22.2571433 ], [ 113.8527963, 22.2571408 ], [ 113.8528392, 22.2570837 ], [ 113.8527198, 22.2570428 ], [ 113.8525844, 22.2569187 ], [ 113.8523447, 22.256781 ], [ 113.8522102, 22.2567722 ], [ 113.852111, 22.2567258 ], [ 113.8520399, 22.2566332 ], [ 113.8520761, 22.2565822 ], [ 113.8520373, 22.256519 ], [ 113.8519862, 22.2565302 ], [ 113.8519728, 22.2564867 ], [ 113.8519152, 22.2564589 ], [ 113.8519607, 22.2564334 ], [ 113.8519447, 22.2563224 ], [ 113.851883, 22.2562298 ], [ 113.8517945, 22.2561486 ], [ 113.8516188, 22.2560821 ], [ 113.8514807, 22.2560692 ], [ 113.8514417, 22.2560287 ], [ 113.851482, 22.2559873 ], [ 113.8515396, 22.2560213 ], [ 113.851659, 22.2559625 ], [ 113.8517341, 22.2558644 ], [ 113.8518186, 22.2554739 ], [ 113.8519367, 22.2551222 ], [ 113.8518843, 22.2550693 ], [ 113.8519031, 22.255047 ], [ 113.8519353, 22.2550656 ], [ 113.8519312, 22.2548583 ], [ 113.8520868, 22.2546299 ], [ 113.8523993, 22.2544412 ], [ 113.852548, 22.254308 ], [ 113.852583, 22.2541595 ], [ 113.8524476, 22.2541793 ], [ 113.8523577, 22.2542426 ], [ 113.85230940000001, 22.2542004 ], [ 113.8524073, 22.2541558 ], [ 113.852483800000016, 22.2540639 ], [ 113.8526122, 22.2537878 ], [ 113.852689, 22.2537269 ], [ 113.8526729, 22.2536444 ], [ 113.8526224, 22.2536077 ], [ 113.8526635, 22.2535749 ], [ 113.8526326, 22.2535153 ], [ 113.8527413, 22.2535302 ], [ 113.8528587, 22.2534851 ], [ 113.8529256, 22.2534112 ], [ 113.8530203, 22.2530109 ], [ 113.8529891, 22.2527771 ], [ 113.8530176, 22.2526672 ], [ 113.8531011, 22.2526249 ], [ 113.853152, 22.2526422 ], [ 113.8532096, 22.2528111 ], [ 113.85326, 22.2528443 ], [ 113.8533609, 22.2528016 ], [ 113.8535272, 22.2528858 ], [ 113.8546391, 22.2530958 ], [ 113.8549222, 22.2529748 ], [ 113.8549936, 22.2529868 ], [ 113.8549854, 22.2530121 ], [ 113.8551584, 22.2531865 ], [ 113.8552757, 22.2532591 ], [ 113.8555815, 22.2534338 ], [ 113.8556511, 22.2534577 ], [ 113.8556716, 22.2534224 ], [ 113.855793, 22.2534653 ], [ 113.8557821, 22.253490599999989 ], [ 113.8558257, 22.2535234 ], [ 113.8560685, 22.253613 ], [ 113.856229900000017, 22.2537378 ], [ 113.8563222, 22.2537759 ], [ 113.8563542, 22.2537474 ], [ 113.856491, 22.2538765 ], [ 113.8568678, 22.2540788 ], [ 113.8570355, 22.2542141 ], [ 113.8570775, 22.2541876 ], [ 113.85716, 22.2542979 ], [ 113.8569765, 22.2544003 ], [ 113.8569032, 22.2544959 ], [ 113.856833, 22.2544735 ], [ 113.8568518, 22.2544338 ], [ 113.8567606, 22.2543904 ], [ 113.856727, 22.2544735 ], [ 113.856605, 22.2544239 ], [ 113.8565433, 22.2544872 ], [ 113.8566267, 22.254526299999988 ], [ 113.8566533, 22.254656 ], [ 113.8564883, 22.2546858 ], [ 113.8570167, 22.2554708 ], [ 113.8571345, 22.2555927 ], [ 113.8572098, 22.2555645 ], [ 113.8572869, 22.2555949 ], [ 113.8574123, 22.2555695 ], [ 113.8574023, 22.2555031 ], [ 113.8574727, 22.2554696 ], [ 113.857427800000011, 22.255353 ], [ 113.8576604, 22.2552927 ], [ 113.857599400000012, 22.2551829 ], [ 113.857789900000014, 22.2551296 ], [ 113.8578791, 22.2552742 ], [ 113.8579454, 22.2552494 ], [ 113.857959500000021, 22.2553015 ], [ 113.8581144, 22.2552567 ], [ 113.8580413, 22.255132 ], [ 113.858046700000017, 22.2550296 ], [ 113.8582801, 22.2547932 ], [ 113.85885, 22.2546299 ], [ 113.8593862, 22.2543719 ], [ 113.8599655, 22.2543074 ], [ 113.8602655, 22.2541729 ], [ 113.8607464, 22.2544869 ], [ 113.8609294, 22.2544177 ], [ 113.8609834, 22.2542902 ], [ 113.8610568, 22.2543078 ], [ 113.861104400000016, 22.2542284 ], [ 113.8611547, 22.2542067 ], [ 113.8612201, 22.2542015 ], [ 113.8614313, 22.2542635 ], [ 113.8614491, 22.2542147 ], [ 113.8615413, 22.2542419 ], [ 113.8615724, 22.2541663 ], [ 113.8615275, 22.2541787 ], [ 113.8613267, 22.254052 ], [ 113.861438, 22.2539091 ], [ 113.8613811, 22.2538738 ], [ 113.8614712, 22.2537102 ], [ 113.8615309, 22.2537406 ], [ 113.861551700000021, 22.2537083 ], [ 113.8615755, 22.2537193 ], [ 113.861555, 22.2537728 ], [ 113.8616288, 22.2537927 ], [ 113.8616777, 22.253753 ], [ 113.8617334, 22.2537716 ], [ 113.8617307, 22.2537958 ], [ 113.8620137, 22.2538982 ], [ 113.862015400000018, 22.2539272 ], [ 113.8620874, 22.2539547 ], [ 113.8620523, 22.2540091 ], [ 113.8622394, 22.2540724 ], [ 113.8622266, 22.2541072 ], [ 113.8625385, 22.2541971 ], [ 113.8626346, 22.2542557 ], [ 113.8626272, 22.2542743 ], [ 113.8628452, 22.2543556 ], [ 113.8630033, 22.2544631 ], [ 113.8629853, 22.254507 ], [ 113.8633668, 22.2548217 ], [ 113.8636123, 22.2551407 ], [ 113.8636887, 22.2551214 ], [ 113.8637877, 22.2552304 ], [ 113.8638118, 22.2554565 ], [ 113.8637968, 22.2557816 ], [ 113.8636042, 22.2560907 ], [ 113.8634969, 22.2560188 ], [ 113.8634192, 22.2561032 ], [ 113.8634567, 22.25619 ], [ 113.8631912, 22.2566269 ], [ 113.8628452, 22.2569819 ], [ 113.8625407, 22.2574796 ], [ 113.8624428, 22.2577167 ], [ 113.8622062, 22.2577215 ], [ 113.8622834, 22.2578615 ], [ 113.8625873, 22.2589044 ], [ 113.862643, 22.2589146 ], [ 113.8626476, 22.2589608 ], [ 113.862724, 22.2589158 ], [ 113.8630656, 22.2590965 ], [ 113.8630173, 22.2591767 ], [ 113.8631979, 22.2594093 ], [ 113.8632173, 22.2594917 ], [ 113.8631708, 22.2595439 ], [ 113.8631658, 22.2596391 ], [ 113.8629799, 22.2597808 ], [ 113.862727100000015, 22.2597611 ], [ 113.8627265, 22.2597906 ], [ 113.8625977, 22.2597796 ], [ 113.8625915, 22.2598304 ], [ 113.8624765, 22.2597777 ], [ 113.8623196, 22.259809 ], [ 113.8621828, 22.2599231 ], [ 113.8621417, 22.26 ], [ 113.8621381, 22.2601251 ], [ 113.8621869, 22.2601337 ] ] ] } },
{ "type": "Feature", "properties": { }, "geometry": { "type": "Polygon", "coordinates": [ [ [ 114.3772687, 22.3590036 ], [ 114.3781619, 22.3580746 ], [ 114.378463900000014, 22.3578358 ], [ 114.3786581, 22.3577919 ], [ 114.3788177, 22.3578055 ], [ 114.3788767, 22.3577683 ], [ 114.378988, 22.3575971 ], [ 114.37913420000001, 22.3575004 ], [ 114.3793045, 22.357524 ], [ 114.3794936, 22.3576145 ], [ 114.3795177, 22.3576765 ], [ 114.3793903, 22.3580511 ], [ 114.3790792, 22.3584356 ], [ 114.3787922, 22.3586142 ], [ 114.3786688, 22.3587394 ], [ 114.3783604, 22.3589044 ], [ 114.37792180000001, 22.3590694 ], [ 114.3775812, 22.3592467 ], [ 114.3774243, 22.3592728 ], [ 114.3773465, 22.3592355 ], [ 114.3772553, 22.3591066 ], [ 114.3772687, 22.3590036 ] ] ] } },
{ "type": "Feature", "properties": { }, "geometry": { "type": "LineString", "coordinates": [ [ 114.2673404, 22.3600242 ], [ 114.2671631, 22.3601872 ], [ 114.2668635, 22.3600784 ], [ 114.267162500000012, 22.3601683 ], [ 114.2673298, 22.3600116 ] ] } },
{ "type": "Feature", "properties": { }, "geometry": { "type": "Polygon", "coordinates": [ [ [ 114.223927, 22.5442553 ], [ 114.2238606, 22.5442986 ], [ 114.2238115, 22.5442455 ], [ 114.2243089, 22.5434863 ], [ 114.224399100000014, 22.5434532 ], [ 114.2246096, 22.5435509 ], [ 114.2246421, 22.5436243 ], [ 114.2245995, 22.5436511 ], [ 114.2244126, 22.5435841 ], [ 114.2243612, 22.5436108 ], [ 114.223927, 22.5442553 ] ] ] } },
{ "type": "Feature", "properties": { }, "geometry": { "type": "LineString", "coordinates": [ [ 113.9483186, 22.3617362 ], [ 113.9486616, 22.3619338 ], [ 113.9489181, 22.3615582 ], [ 113.9488811, 22.3615065 ], [ 113.9488911, 22.3614684 ], [ 113.9522451, 22.3565473 ], [ 113.9523514, 22.356427 ], [ 113.9524768, 22.3563292 ], [ 113.9526702, 22.3562514 ], [ 113.9528678, 22.3562265 ], [ 113.9529572, 22.3562634 ], [ 113.9529991, 22.3563567 ], [ 113.9531816, 22.3564299 ], [ 113.9533574, 22.3566045 ], [ 113.9534427, 22.356789599999988 ], [ 113.9534345, 22.3570367 ], [ 113.9533918, 22.3571457 ], [ 113.94877, 22.3639 ], [ 113.9482814, 22.3649539 ], [ 113.9481151, 22.3657457 ] ] } },
{ "type": "Feature", "properties": { }, "geometry": { "type": "LineString", "coordinates": [ [ 113.9973593, 22.3645448 ], [ 113.997331, 22.3645037 ], [ 113.9973826, 22.3644654 ], [ 113.997335300000017, 22.3643934 ], [ 113.9974461, 22.364353 ], [ 113.9975011, 22.3639823 ], [ 113.9974093, 22.36388 ], [ 113.9973111, 22.3638713 ], [ 113.9970912, 22.363706 ], [ 113.99710060000001, 22.3634927 ], [ 113.9973298, 22.3635058 ], [ 113.9975668, 22.3638472 ], [ 113.9977075, 22.3638541 ], [ 113.997858, 22.3639126 ], [ 113.9978866, 22.3638982 ], [ 113.9978274, 22.3638067 ], [ 113.9978152, 22.3636395 ], [ 113.9976082, 22.3634264 ], [ 113.997808300000017, 22.3632718 ], [ 113.9979253, 22.3628898 ], [ 113.9980691, 22.3625906 ], [ 113.9981302, 22.3625868 ], [ 113.9981127, 22.3622592 ], [ 113.998160700000014, 22.362178 ], [ 113.9981793, 22.3621868 ], [ 113.998292, 22.362064 ], [ 113.9983564, 22.362054 ], [ 113.998524, 22.3620981 ], [ 113.9988472, 22.3620894 ], [ 113.9988556, 22.3617897 ], [ 114.0014774, 22.3618093 ], [ 114.0014729, 22.3620896 ], [ 114.0021427, 22.3620968 ], [ 114.0022855, 22.3621724 ], [ 114.0022947, 22.3626854 ], [ 114.0025307, 22.3627449 ], [ 114.0029366, 22.362769 ], [ 114.0030546, 22.3627269 ], [ 114.0030171, 22.3626872 ], [ 114.0030948, 22.3626599 ], [ 114.0032424, 22.3626624 ], [ 114.0032468, 22.3625804 ], [ 114.003312100000016, 22.3625383 ], [ 114.003490900000017, 22.362606 ], [ 114.0034507, 22.3627375 ], [ 114.0035714, 22.3627921 ], [ 114.003617, 22.3627102 ], [ 114.0039345, 22.3629376 ], [ 114.0039952, 22.3629855 ], [ 114.0039389, 22.3630947 ], [ 114.004091700000018, 22.3631691 ], [ 114.0041266, 22.3631542 ], [ 114.0044968, 22.3632857 ], [ 114.004588, 22.3632658 ], [ 114.004612100000017, 22.3634345 ], [ 114.0046443, 22.3634494 ], [ 114.0047516, 22.3634097 ], [ 114.0049796, 22.3635933 ], [ 114.0050976, 22.3638686 ], [ 114.00514050000001, 22.3638934 ], [ 114.0051217, 22.3639232 ], [ 114.0052826, 22.3640025 ], [ 114.0054919, 22.3640695 ], [ 114.0055884, 22.3640397 ], [ 114.0056313, 22.3641092 ], [ 114.0057064, 22.3641414 ], [ 114.0059264, 22.3641439 ], [ 114.0060819, 22.3642456 ], [ 114.0062402, 22.3642307 ], [ 114.0062402, 22.3641538 ], [ 114.0063153, 22.3641662 ], [ 114.0063609, 22.3642109 ], [ 114.0065084, 22.3642134 ], [ 114.006607700000018, 22.36433 ], [ 114.0067498, 22.3644217 ], [ 114.0071414, 22.3643399 ], [ 114.007187, 22.3642258 ], [ 114.007297, 22.3642828 ], [ 114.007297, 22.3643548 ], [ 114.0072272, 22.3644044 ], [ 114.0071521, 22.3645854 ], [ 114.0072272, 22.3646301 ], [ 114.0072889, 22.3647367 ], [ 114.0073506, 22.3647814 ], [ 114.0073077, 22.3648211 ], [ 114.0073453, 22.3648732 ], [ 114.0075572, 22.3649575 ], [ 114.0080534, 22.3650741 ], [ 114.0081982, 22.3650567 ], [ 114.0083296, 22.3650915 ], [ 114.0083699, 22.3651535 ], [ 114.0084423, 22.3651262 ], [ 114.0085067, 22.3652105 ], [ 114.0086327, 22.3652477 ], [ 114.00874, 22.3651609 ], [ 114.0089677, 22.3652919 ], [ 114.0096012, 22.3650127 ], [ 114.0098692, 22.3649625 ], [ 114.00990130000001, 22.364684 ], [ 114.0106712, 22.3643176 ], [ 114.0106732, 22.3640784 ], [ 114.0105914, 22.3639345 ], [ 114.010589, 22.3637281 ], [ 114.0106614, 22.3636654 ], [ 114.010373500000014, 22.3634916 ], [ 114.0104608, 22.3633747 ], [ 114.0104328, 22.3632748 ], [ 114.0102193, 22.3631305 ], [ 114.010201900000013, 22.3630533 ], [ 114.0102475, 22.3629714 ], [ 114.0103438, 22.3629526 ], [ 114.0103681, 22.3628957 ], [ 114.0103521, 22.3628301 ], [ 114.0102788, 22.362767 ], [ 114.010293, 22.3626581 ], [ 114.0103306, 22.3625564 ], [ 114.0104853, 22.36242 ], [ 114.0105952, 22.3623728 ], [ 114.0108608, 22.3624324 ], [ 114.0110174, 22.3624279 ], [ 114.0110293, 22.3619922 ], [ 114.0110859, 22.3618818 ], [ 114.0110827, 22.3617685 ], [ 114.0115118, 22.3617536 ], [ 114.0115125, 22.3619007 ], [ 114.0115877, 22.3619718 ], [ 114.0116082, 22.3621132 ], [ 114.011677, 22.3622067 ], [ 114.011779, 22.3622501 ], [ 114.0119437, 22.362234 ], [ 114.0122325, 22.3629062 ], [ 114.0124127, 22.3628351 ], [ 114.0125307, 22.3630699 ], [ 114.0130738, 22.3632444 ], [ 114.01344, 22.3631622 ], [ 114.0136745, 22.3631579 ], [ 114.0143486, 22.3632469 ], [ 114.0145127, 22.3631955 ], [ 114.0147113, 22.3630652 ], [ 114.0163527, 22.3611619 ], [ 114.0163897, 22.3611352 ], [ 114.0164465, 22.3611437 ], [ 114.0167329, 22.3608157 ], [ 114.0170252, 22.3604485 ], [ 114.0170078, 22.3603741 ], [ 114.0181316, 22.3590235 ], [ 114.0181524, 22.3588814 ], [ 114.0181173, 22.3587952 ], [ 114.0177337, 22.358454 ], [ 114.0182955, 22.3578302 ], [ 114.0185946, 22.3573651 ], [ 114.0189487, 22.3571108 ], [ 114.0193349, 22.3569123 ], [ 114.0212407, 22.3561645 ], [ 114.0216899, 22.3560423 ], [ 114.0221244, 22.3559933 ], [ 114.0225679, 22.3558626 ], [ 114.0235733, 22.3556308 ], [ 114.0244966, 22.3553111 ], [ 114.0250148, 22.355327 ], [ 114.0255252, 22.355273 ], [ 114.0260632, 22.3551642 ], [ 114.0264496, 22.3552024 ], [ 114.0273701, 22.3552223 ], [ 114.028109, 22.3553076 ], [ 114.0282807, 22.3552898 ], [ 114.0284894, 22.3553499 ], [ 114.0285897, 22.3553155 ], [ 114.0286386, 22.3553578 ], [ 114.028831900000014, 22.3553693 ] ] } },
{ "type": "Feature", "properties": { }, "geometry": { "type": "Polygon", "coordinates": [ [ [ 114.2836062, 22.3938741 ], [ 114.2836268, 22.3937174 ], [ 114.2837078, 22.3935567 ], [ 114.2838758, 22.3935539 ], [ 114.2840144, 22.3936561 ], [ 114.284007, 22.3939109 ], [ 114.2839348, 22.3939709 ], [ 114.2837452, 22.3940114 ], [ 114.2836062, 22.3938741 ] ] ] } },
{ "type": "Feature", "properties": { }, "geometry": { "type": "Polygon", "coordinates": [ [ [ 114.2853215, 22.3940358 ], [ 114.2852895, 22.3938612 ], [ 114.2853752, 22.3937866 ], [ 114.2855276, 22.3938279 ], [ 114.2855515, 22.3936851 ], [ 114.285785, 22.3936593 ], [ 114.2858593, 22.3937048 ], [ 114.285876, 22.3938147 ], [ 114.2859598, 22.393871 ], [ 114.2859263, 22.3939485 ], [ 114.285809, 22.3939541 ], [ 114.2857633, 22.3941429 ], [ 114.2856963, 22.3941668 ], [ 114.2853215, 22.3940358 ] ] ] } },
{ "type": "Feature", "properties": { }, "geometry": { "type": "Polygon", "coordinates": [ [ [ 114.2858413, 22.3930578 ], [ 114.285657500000013, 22.3926899 ], [ 114.2857562, 22.392442 ], [ 114.2858456, 22.3924288 ], [ 114.2860092, 22.3924896 ], [ 114.28608, 22.3925953 ], [ 114.2862718, 22.392578 ], [ 114.2864183, 22.3925279 ], [ 114.2864518, 22.3923867 ], [ 114.286541, 22.3923483 ], [ 114.2867817, 22.3925739 ], [ 114.2868176, 22.3926809 ], [ 114.286656900000011, 22.3931253 ], [ 114.2864563, 22.3932078 ], [ 114.2863749, 22.3931702 ], [ 114.2862766, 22.393232 ], [ 114.2861404, 22.3932346 ], [ 114.2861163, 22.3931245 ], [ 114.2860841, 22.3932095 ], [ 114.2859757, 22.393174 ], [ 114.2858413, 22.3930578 ] ] ] } },
{ "type": "Feature", "properties": { }, "geometry": { "type": "Polygon", "coordinates": [ [ [ 114.2870697, 22.3924759 ], [ 114.2869998, 22.3924422 ], [ 114.2869418, 22.392321 ], [ 114.2868516, 22.3922694 ], [ 114.286775, 22.3921399 ], [ 114.2867925, 22.3920608 ], [ 114.2869869, 22.3919972 ], [ 114.2871524, 22.3919823 ], [ 114.2872362, 22.392027 ], [ 114.2872739, 22.3921548 ], [ 114.2872482, 22.3922829 ], [ 114.2870697, 22.3924759 ] ] ] } },
{ "type": "Feature", "properties": { }, "geometry": { "type": "Polygon", "coordinates": [ [ [ 114.2821105, 22.3929289 ], [ 114.2820007, 22.3928479 ], [ 114.2819644, 22.3927388 ], [ 114.2821965, 22.3925206 ], [ 114.2821643, 22.3924288 ], [ 114.2823156, 22.3923969 ], [ 114.2824647, 22.3923036 ], [ 114.2825867, 22.3923569 ], [ 114.2825785, 22.3924267 ], [ 114.2824338, 22.3925627 ], [ 114.2823532, 22.3928334 ], [ 114.2822501, 22.3929112 ], [ 114.2821105, 22.3929289 ] ] ] } },
{ "type": "Feature", "properties": { }, "geometry": { "type": "Polygon", "coordinates": [ [ [ 114.2820662, 22.3920151 ], [ 114.2820637, 22.3919229 ], [ 114.282116, 22.3918411 ], [ 114.2821012, 22.3916824 ], [ 114.282226, 22.3912707 ], [ 114.2823118, 22.3913066 ], [ 114.2823424, 22.3913851 ], [ 114.2823357, 22.3916195 ], [ 114.2824497, 22.3916939 ], [ 114.2825999, 22.3917422 ], [ 114.2825248, 22.3919605 ], [ 114.282407, 22.3918745 ], [ 114.282278, 22.3918712 ], [ 114.2820662, 22.3920151 ] ] ] } },
{ "type": "Feature", "properties": { }, "geometry": { "type": "Polygon", "coordinates": [ [ [ 114.2816182, 22.392201 ], [ 114.2815366, 22.3918659 ], [ 114.2815753, 22.3917832 ], [ 114.2816909, 22.3918249 ], [ 114.2817847, 22.3920035 ], [ 114.2817845, 22.3921787 ], [ 114.2816909, 22.3922267 ], [ 114.2816182, 22.392201 ] ] ] } },
{ "type": "Feature", "properties": { }, "geometry": { "type": "Polygon", "coordinates": [ [ [ 114.3158164, 22.3890638 ], [ 114.315766900000014, 22.3890451 ], [ 114.3157413, 22.3888555 ], [ 114.31596660000001, 22.3886174 ], [ 114.3159707, 22.3886905 ], [ 114.316121, 22.3887128 ], [ 114.3160754, 22.3887475 ], [ 114.3160941, 22.3888343 ], [ 114.3160163, 22.3890179 ], [ 114.3158164, 22.3890638 ] ] ] } },
{ "type": "Feature", "properties": { }, "geometry": { "type": "Polygon", "coordinates": [ [ [ 114.3111119, 22.3890947 ], [ 114.3110771, 22.3890327 ], [ 114.3110878, 22.3889236 ], [ 114.311061, 22.3888517 ], [ 114.3111468, 22.3888195 ], [ 114.3111817, 22.3889261 ], [ 114.3111119, 22.3890947 ] ] ] } },
{ "type": "Feature", "properties": { }, "geometry": { "type": "Polygon", "coordinates": [ [ [ 114.3021316, 22.4633422 ], [ 114.3022389, 22.463248 ], [ 114.3022818, 22.4632778 ], [ 114.3022658, 22.4633472 ], [ 114.3021316, 22.4633422 ] ] ] } },
{ "type": "Feature", "properties": { }, "geometry": { "type": "Polygon", "coordinates": [ [ [ 114.3031938, 22.4597481 ], [ 114.303140200000016, 22.4596935 ], [ 114.3031455, 22.4595944 ], [ 114.3033011, 22.4595151 ], [ 114.3033655, 22.4596043 ], [ 114.3033064, 22.4596787 ], [ 114.303344, 22.4597233 ], [ 114.3031938, 22.4597481 ] ] ] } },
{ "type": "Feature", "properties": { }, "geometry": { "type": "Polygon", "coordinates": [ [ [ 114.3032957, 22.4628862 ], [ 114.3032743, 22.462792 ], [ 114.3033547, 22.4628167 ], [ 114.3033708, 22.4628713 ], [ 114.3032957, 22.4628862 ] ] ] } },
{ "type": "Feature", "properties": { }, "geometry": { "type": "Polygon", "coordinates": [ [ [ 114.3022859, 22.4632505 ], [ 114.3022859, 22.4632133 ], [ 114.3023422, 22.4632109 ], [ 114.3023449, 22.4632356 ], [ 114.3022859, 22.4632505 ] ] ] } },
{ "type": "Feature", "properties": { }, "geometry": { "type": "Polygon", "coordinates": [ [ [ 114.0710564, 22.3637956 ], [ 114.0710403, 22.3637509 ], [ 114.0710886, 22.3637509 ], [ 114.071094, 22.3637732 ], [ 114.0710564, 22.3637956 ] ] ] } },
{ "type": "Feature", "properties": { }, "geometry": { "type": "Polygon", "coordinates": [ [ [ 113.98659210000001, 22.2123144 ], [ 113.9864365, 22.2122747 ], [ 113.9864365, 22.2121604 ], [ 113.9865652, 22.2121008 ], [ 113.9867208, 22.2121306 ], [ 113.98669940000002, 22.2122002 ], [ 113.98659210000001, 22.2123144 ] ] ] } },
{ "type": "Feature", "properties": { }, "geometry": { "type": "LineString", "coordinates": [ [ 114.3022594, 22.287791 ], [ 114.3022875, 22.2880702 ], [ 114.3023278, 22.2881248 ], [ 114.3024431, 22.2881782 ], [ 114.302465900000016, 22.288229 ], [ 114.302431, 22.2882836 ], [ 114.3023318, 22.2883308 ], [ 114.3023412, 22.288404 ], [ 114.3025196, 22.2885504 ], [ 114.3027422, 22.2889748 ], [ 114.3029514, 22.2891237 ], [ 114.303048, 22.289362 ], [ 114.3034074, 22.289491 ], [ 114.3035361, 22.2895804 ], [ 114.3035603, 22.2896151 ], [ 114.3035147, 22.2897591 ], [ 114.3036729, 22.2899328 ], [ 114.3036488, 22.2900246 ], [ 114.3036675, 22.2901239 ], [ 114.3038687, 22.2902778 ], [ 114.3040699, 22.290485 ], [ 114.3040605, 22.2906364 ], [ 114.3051897, 22.2911526 ], [ 114.3052286, 22.291201 ], [ 114.3051696, 22.2913437 ], [ 114.3052903, 22.2914516 ], [ 114.305392200000014, 22.2914603 ], [ 114.305523600000015, 22.291268 ], [ 114.3056095, 22.2912221 ], [ 114.3058093, 22.2912345 ], [ 114.3059555, 22.2913089 ], [ 114.3060788, 22.2914144 ], [ 114.30613120000001, 22.2915906 ], [ 114.3060936, 22.2916799 ], [ 114.3058763, 22.2917792 ], [ 114.3058388, 22.2918214 ], [ 114.3058817, 22.2919467 ], [ 114.3059622, 22.2920063 ], [ 114.3063565, 22.2921788 ], [ 114.306972, 22.292319 ], [ 114.3071356, 22.2923078 ], [ 114.307387800000015, 22.2921626 ], [ 114.3075889, 22.2921639 ], [ 114.30766, 22.2922148 ], [ 114.3076788, 22.2922644 ], [ 114.307646600000012, 22.2923401 ], [ 114.3075018, 22.2924853 ], [ 114.3075447, 22.2925535 ], [ 114.3076158, 22.2925647 ], [ 114.3077043, 22.2925461 ], [ 114.3078209, 22.2924406 ], [ 114.3083534, 22.2921167 ], [ 114.308643, 22.2920932 ], [ 114.3086632, 22.2921341 ], [ 114.3085679, 22.2922135 ], [ 114.3085478, 22.2922855 ], [ 114.3086122, 22.2923016 ], [ 114.3087181, 22.292257 ], [ 114.3087409, 22.2922855 ], [ 114.3087074, 22.2923599 ], [ 114.3087302, 22.2923885 ], [ 114.3088147, 22.2923662 ], [ 114.3088818, 22.2923835 ], [ 114.3089461, 22.2926354 ], [ 114.3090051, 22.2926379 ], [ 114.3091232, 22.2925647 ], [ 114.3092237, 22.2925411 ], [ 114.3094142, 22.2925337 ], [ 114.309622, 22.2925697 ], [ 114.3097427, 22.2926801 ], [ 114.3097441, 22.2927831 ], [ 114.3097723, 22.2928228 ], [ 114.3098688, 22.2928613 ], [ 114.3100271, 22.2928724 ], [ 114.310135700000018, 22.2933092 ], [ 114.3100418, 22.2934494 ], [ 114.3099439, 22.2935053 ], [ 114.3099399, 22.2935425 ], [ 114.3101719, 22.2937038 ], [ 114.3104227, 22.2940984 ], [ 114.3105581, 22.2942485 ], [ 114.3106091, 22.2945935 ], [ 114.3106869, 22.2948032 ], [ 114.3106695, 22.2948938 ], [ 114.310766, 22.2950687 ], [ 114.3106413, 22.2952487 ], [ 114.3107231, 22.2953802 ], [ 114.310699, 22.2954993 ], [ 114.3105514, 22.2955502 ], [ 114.3104897, 22.2956197 ], [ 114.3103422, 22.2955775 ], [ 114.3102577, 22.2955862 ], [ 114.310239, 22.2956259 ], [ 114.3103302, 22.2956433 ], [ 114.3103489, 22.2956929 ], [ 114.310032400000011, 22.2959349 ], [ 114.3099909, 22.2960292 ], [ 114.3100485, 22.296044 ], [ 114.3102309, 22.2959597 ], [ 114.3104817, 22.2960292 ], [ 114.3105434, 22.2960738 ], [ 114.310583, 22.2961882 ], [ 114.3105166, 22.2962438 ], [ 114.3100995, 22.2964113 ], [ 114.3098983, 22.2965714 ], [ 114.3094572, 22.2966673 ], [ 114.3093082, 22.2967286 ], [ 114.3092707, 22.296832 ], [ 114.309380600000011, 22.2969982 ], [ 114.3095282, 22.2971509 ], [ 114.3097924, 22.2970417 ], [ 114.309901, 22.297033 ], [ 114.3099064, 22.2971149 ], [ 114.3097575, 22.2972936 ], [ 114.3098152, 22.2973506 ], [ 114.3099904, 22.2973483 ], [ 114.3099734, 22.2974747 ], [ 114.310019, 22.2975219 ], [ 114.3100941, 22.2975392 ], [ 114.3110543, 22.2975033 ], [ 114.3112501, 22.2976211 ], [ 114.3114245, 22.2976745 ], [ 114.3114527, 22.2978023 ], [ 114.311499600000019, 22.2978284 ], [ 114.3116766, 22.2976335 ], [ 114.3118335, 22.2976261 ], [ 114.3118832, 22.2977167 ], [ 114.3118523, 22.297811 ], [ 114.3117987, 22.2979152 ], [ 114.311682, 22.2979959 ], [ 114.3115239, 22.2980345 ], [ 114.3111388, 22.2980244 ], [ 114.3110785, 22.2980393 ], [ 114.3110597, 22.2980815 ], [ 114.3111013, 22.2981212 ], [ 114.3113708, 22.298146 ], [ 114.3113789, 22.2981721 ], [ 114.3113065, 22.2982391 ], [ 114.3113655, 22.2982688 ], [ 114.3117142, 22.2981721 ], [ 114.3118349, 22.2981745 ], [ 114.3119703, 22.2982254 ], [ 114.3120924, 22.2981882 ], [ 114.3121366, 22.2983607 ], [ 114.3121138, 22.2986163 ], [ 114.3118805, 22.2992739 ], [ 114.3119422, 22.2994923 ], [ 114.311745, 22.2999154 ], [ 114.3115425, 22.3001623 ], [ 114.3113601, 22.3002728 ], [ 114.3108505, 22.3004316 ], [ 114.310847800000019, 22.3004775 ], [ 114.3108813, 22.3005035 ], [ 114.3110369, 22.3005569 ], [ 114.3110436, 22.3006152 ], [ 114.3110074, 22.30065 ], [ 114.310711, 22.3006487 ], [ 114.3105863, 22.3006884 ], [ 114.3106104, 22.300779 ], [ 114.310758, 22.3007864 ], [ 114.3110195, 22.3008919 ], [ 114.3110825, 22.3011488 ], [ 114.3109712, 22.301382 ], [ 114.3109873, 22.3015334 ], [ 114.3107647, 22.3019255 ], [ 114.3108451, 22.3020012 ], [ 114.310835700000013, 22.3021017 ], [ 114.3106654, 22.3020905 ], [ 114.31053270000001, 22.3022022 ], [ 114.3105139, 22.3022841 ], [ 114.3106212, 22.3024106 ], [ 114.3106332, 22.302464 ], [ 114.3105009, 22.3027418 ], [ 114.3103757, 22.302861 ], [ 114.3097016, 22.3030022 ], [ 114.3093592, 22.3031762 ], [ 114.3092304, 22.3033015 ], [ 114.3089864, 22.3037048 ], [ 114.3089314, 22.3036874 ], [ 114.3088898, 22.3036303 ], [ 114.3088898, 22.3034517 ], [ 114.3088354, 22.3034183 ], [ 114.3087825, 22.3034256 ], [ 114.3085492, 22.3038313 ], [ 114.3078915, 22.3047131 ], [ 114.3077901, 22.3048128 ], [ 114.3076882, 22.3048165 ], [ 114.3076828, 22.3049158 ], [ 114.3075782, 22.3050299 ], [ 114.3074615, 22.3050522 ], [ 114.307487, 22.3051366 ], [ 114.3073998, 22.30535 ], [ 114.3073328, 22.305381 ], [ 114.3072349, 22.3053624 ], [ 114.3071102, 22.3055324 ], [ 114.306736, 22.3057806 ], [ 114.306618, 22.3057967 ], [ 114.306537500000019, 22.3058637 ], [ 114.3064463, 22.3058215 ], [ 114.3063913, 22.3057483 ], [ 114.306335, 22.3057533 ], [ 114.3062881, 22.3058141 ], [ 114.3063605, 22.3059406 ], [ 114.3063243, 22.3060498 ], [ 114.3061915, 22.3060647 ], [ 114.3061875, 22.3061528 ], [ 114.3060976, 22.3062235 ], [ 114.3060748, 22.3063588 ], [ 114.3059461, 22.3064878 ], [ 114.3057932, 22.3065176 ], [ 114.3057664, 22.3066205 ], [ 114.3054378, 22.3067471 ], [ 114.3053681, 22.3067421 ], [ 114.3052527, 22.306654 ], [ 114.3052165, 22.3067136 ], [ 114.3051902, 22.3068852 ], [ 114.3050811, 22.3070064 ], [ 114.3048799, 22.307128 ], [ 114.304778, 22.3072769 ], [ 114.3045258, 22.3073563 ], [ 114.3042871, 22.3075623 ], [ 114.3038553, 22.3077757 ], [ 114.3038017, 22.3078551 ], [ 114.3038078, 22.3079692 ], [ 114.303968, 22.3082248 ], [ 114.3041557, 22.3083067 ], [ 114.3043354, 22.3082869 ], [ 114.3044427, 22.3083117 ], [ 114.3046519, 22.3084829 ], [ 114.3046868, 22.3086119 ], [ 114.3046948, 22.3089221 ], [ 114.304592900000017, 22.3090511 ], [ 114.3045768, 22.3091703 ], [ 114.3044534, 22.3092844 ], [ 114.3043693, 22.3094406 ], [ 114.30424690000001, 22.3095574 ], [ 114.3041557, 22.3096144 ], [ 114.3038365, 22.3097162 ], [ 114.3036836, 22.3098576 ], [ 114.3036568, 22.3099172 ], [ 114.3035763, 22.3099172 ], [ 114.3034556, 22.3097559 ], [ 114.3034288, 22.3097559 ], [ 114.303174, 22.309942 ], [ 114.3031454, 22.3100189 ], [ 114.3033403, 22.3102472 ], [ 114.3033323, 22.3104705 ], [ 114.3032947, 22.3105574 ], [ 114.3031353, 22.3105532 ], [ 114.3029326, 22.3104978 ], [ 114.3027127, 22.3106492 ], [ 114.3025812, 22.3106244 ] ] } },
{ "type": "Feature", "properties": { }, "geometry": { "type": "Polygon", "coordinates": [ [ [ 114.0031592, 22.362263 ], [ 114.003081400000013, 22.3621886 ], [ 114.0029822, 22.3622184 ], [ 114.0030707, 22.3621712 ], [ 114.0030144, 22.3621439 ], [ 114.0030975, 22.3621067 ], [ 114.003073400000019, 22.3620422 ], [ 114.003229, 22.3621712 ], [ 114.0031994, 22.362263 ], [ 114.0031592, 22.362263 ] ] ] } },
{ "type": "Feature", "properties": { }, "geometry": { "type": "LineString", "coordinates": [ [ 114.0028293, 22.3626698 ], [ 114.0027918, 22.3626624 ], [ 114.0027864, 22.3626276 ], [ 114.0028266, 22.3626276 ], [ 114.0028293, 22.3626698 ] ] } },
{ "type": "Feature", "properties": { }, "geometry": { "type": "LineString", "coordinates": [ [ 114.21324, 22.4572261 ], [ 114.2122995, 22.4574183 ], [ 114.212036, 22.4575913 ], [ 114.2119522, 22.4577832 ], [ 114.2120131, 22.4579445 ], [ 114.2120024, 22.4580244 ], [ 114.211875, 22.4579983 ], [ 114.21181940000001, 22.4580461 ], [ 114.2117255, 22.4580604 ], [ 114.2117617, 22.4581973 ], [ 114.2116846, 22.4582029 ], [ 114.2115833, 22.4583082 ], [ 114.2115887, 22.458483 ], [ 114.2116725, 22.458514 ], [ 114.21171, 22.458654 ], [ 114.2115933, 22.4587005 ], [ 114.2115612, 22.4585666 ], [ 114.211488700000018, 22.458465 ], [ 114.2113708, 22.4584055 ], [ 114.2112468, 22.4584358 ], [ 114.211187700000011, 22.4584948 ], [ 114.211207800000011, 22.4585586 ], [ 114.211049, 22.4585424 ], [ 114.2106794, 22.4586212 ], [ 114.2104072, 22.4585733 ], [ 114.2098875, 22.458773 ], [ 114.2097428, 22.458914 ], [ 114.2094692, 22.4589482 ], [ 114.2093078, 22.4590066 ], [ 114.2089548, 22.4592259 ], [ 114.208893, 22.4592941 ], [ 114.2086806, 22.4597513 ], [ 114.208185, 22.4609604 ], [ 114.2081126, 22.4610447 ], [ 114.2081886, 22.4611219 ], [ 114.2083164, 22.4614289 ], [ 114.208364700000018, 22.4614413 ], [ 114.2083383, 22.4618612 ], [ 114.2083793, 22.4621426 ], [ 114.2084245, 22.4621494 ], [ 114.208466, 22.4622981 ], [ 114.2086574, 22.4623344 ], [ 114.2088917, 22.4626312 ], [ 114.2089294, 22.4626942 ], [ 114.2089979, 22.4630681 ], [ 114.2091381, 22.463172 ], [ 114.2092736, 22.4633636 ], [ 114.2093356, 22.4638296 ], [ 114.2095127, 22.4639708 ], [ 114.209584, 22.4640741 ], [ 114.2095956, 22.4641447 ], [ 114.2095746, 22.4642931 ], [ 114.2095443, 22.4643027 ], [ 114.209494300000017, 22.4644309 ], [ 114.2094843, 22.4646392 ], [ 114.2092297, 22.4647777 ], [ 114.2091161, 22.4649288 ], [ 114.208913, 22.4650784 ], [ 114.2087734, 22.4650808 ], [ 114.2087615, 22.4651023 ], [ 114.209076, 22.466943 ], [ 114.2094835, 22.4670509 ], [ 114.2095478, 22.4671009 ], [ 114.2095938, 22.4671888 ], [ 114.2097279, 22.4676476 ], [ 114.2098324, 22.4682861 ], [ 114.2097668, 22.4684429 ], [ 114.2100717, 22.4685773 ], [ 114.2100207, 22.4686459 ], [ 114.2101016, 22.4687286 ], [ 114.2100586, 22.4688264 ], [ 114.2100293, 22.4691053 ], [ 114.2100757, 22.4692116 ], [ 114.2102279, 22.4691893 ], [ 114.2103538, 22.4692156 ], [ 114.2106305, 22.4695543 ], [ 114.2107659, 22.4696566 ], [ 114.2108327, 22.4697749 ], [ 114.2111909, 22.4699104 ], [ 114.211316700000012, 22.470142 ], [ 114.211591, 22.4702582 ], [ 114.2116825, 22.4703829 ], [ 114.2117018, 22.4704642 ], [ 114.2117959, 22.47056 ], [ 114.2118884, 22.4705987 ], [ 114.2120611, 22.4706175 ], [ 114.2121487, 22.4708773 ], [ 114.2122619, 22.4707676 ], [ 114.2125298, 22.4707744 ], [ 114.2126186, 22.4708138 ], [ 114.2126249, 22.4709873 ], [ 114.2126592, 22.4710052 ], [ 114.2126921, 22.4711064 ], [ 114.2126308, 22.4712341 ], [ 114.212634400000013, 22.4713686 ], [ 114.2127018, 22.4714102 ], [ 114.212881, 22.4713638 ], [ 114.2129533, 22.4713796 ], [ 114.2130954, 22.4715286 ], [ 114.2132162, 22.4717631 ], [ 114.213138300000011, 22.4719644 ], [ 114.2131366, 22.472278 ], [ 114.2129391, 22.4724762 ], [ 114.2128305, 22.4725289 ], [ 114.2127977, 22.4725723 ], [ 114.2128057, 22.4726299 ], [ 114.2133126, 22.4732334 ], [ 114.2133924, 22.4732696 ], [ 114.2135341, 22.4731962 ], [ 114.2136084, 22.4731901 ], [ 114.2138149, 22.4730215 ], [ 114.2140463, 22.4730989 ], [ 114.2142695, 22.4731188 ], [ 114.2143112, 22.4731611 ], [ 114.2143456, 22.4735297 ], [ 114.2142876, 22.4736211 ], [ 114.2144378, 22.473572399999988 ], [ 114.2147087, 22.473423 ], [ 114.214995700000017, 22.4732434 ], [ 114.2150999, 22.47265 ], [ 114.216252, 22.4716489 ], [ 114.216509500000015, 22.4713415 ], [ 114.2180587, 22.4705793 ], [ 114.2181224, 22.4705075 ], [ 114.2180039, 22.4703315 ], [ 114.217826, 22.4702848 ], [ 114.2175308, 22.4700046 ], [ 114.2174531, 22.4696148 ], [ 114.2175295, 22.4692861 ], [ 114.217667, 22.4690038 ], [ 114.2177015, 22.4687472 ], [ 114.217684100000014, 22.4686787 ], [ 114.217817, 22.4685563 ], [ 114.218003600000017, 22.4682439 ], [ 114.2180776, 22.4678876 ], [ 114.2183601, 22.4679263 ], [ 114.2185601, 22.4680211 ], [ 114.2187658, 22.4679971 ], [ 114.2188923, 22.4680567 ], [ 114.2189738, 22.4680369 ], [ 114.2192169, 22.468117 ], [ 114.219399200000012, 22.468068 ], [ 114.2195053, 22.4679281 ], [ 114.219658400000014, 22.4678143 ], [ 114.2199261, 22.4677974 ], [ 114.2200115, 22.4678968 ], [ 114.2201039, 22.467951 ], [ 114.2207051, 22.4682366 ], [ 114.2208792, 22.4682647 ], [ 114.2209454, 22.4682369 ], [ 114.2209854, 22.4681521 ], [ 114.2210856, 22.4681001 ], [ 114.2211846, 22.4681288 ], [ 114.2212626, 22.4681833 ], [ 114.2213522, 22.4683435 ], [ 114.2215402, 22.4685479 ], [ 114.2217458, 22.4686952 ], [ 114.2219234, 22.468778 ], [ 114.2225697, 22.4689588 ], [ 114.2226409, 22.4688782 ], [ 114.2227703, 22.4688017 ], [ 114.2227782, 22.4687619 ], [ 114.2226726, 22.4685922 ], [ 114.222715, 22.4685479 ], [ 114.2228315, 22.4686377 ], [ 114.2228307, 22.468391 ], [ 114.2229439, 22.4683322 ], [ 114.2230417, 22.4683994 ], [ 114.2231783, 22.468347 ], [ 114.2235117, 22.4683542 ] ] } },
{ "type": "Feature", "properties": { }, "geometry": { "type": "LineString", "coordinates": [ [ 114.044608, 22.3434599 ], [ 114.0446123, 22.3433522 ], [ 114.0445055, 22.3432222 ], [ 114.0436484, 22.3429221 ], [ 114.0434188, 22.3434903 ], [ 114.0434465, 22.3434982 ], [ 114.0434208, 22.343561 ], [ 114.043339, 22.3435313 ], [ 114.0435496, 22.3429851 ], [ 114.0433962, 22.3429285 ], [ 114.0431703, 22.3434741 ], [ 114.0430384, 22.3434294 ], [ 114.0432882, 22.3427932 ], [ 114.042059, 22.3423653 ], [ 114.0420999, 22.3422043 ], [ 114.0419228, 22.3420207 ], [ 114.0417827, 22.3411077 ], [ 114.0417183, 22.3409539 ], [ 114.0416446, 22.3409186 ], [ 114.0413935, 22.3409088 ], [ 114.0413174, 22.3409296 ], [ 114.0412578, 22.3409877 ], [ 114.041248400000015, 22.3411044 ], [ 114.0400641, 22.3412419 ], [ 114.0399914, 22.3406862 ], [ 114.0399286, 22.3406054 ], [ 114.0393654, 22.3405067 ], [ 114.0393566, 22.3404627 ], [ 114.0395484, 22.3402407 ], [ 114.0395464, 22.3401892 ], [ 114.0391519, 22.3397386 ], [ 114.0388904, 22.3399198 ], [ 114.0384214, 22.3393161 ], [ 114.0386205, 22.3391875 ], [ 114.0383542, 22.3389159 ], [ 114.0381987, 22.3387988 ], [ 114.03749, 22.3384301 ], [ 114.035897300000016, 22.3375228 ], [ 114.0340546, 22.3365523 ], [ 114.0332057, 22.3360032 ], [ 114.0330581, 22.3359995 ], [ 114.0316433, 22.3365553 ], [ 114.0310569, 22.3365706 ], [ 114.0307903, 22.3364808 ], [ 114.0305346, 22.336328 ], [ 114.0302753, 22.3360864 ], [ 114.0297443, 22.3352527 ], [ 114.0293393, 22.334692 ], [ 114.0288494, 22.3342102 ], [ 114.0281537, 22.3336201 ], [ 114.0274644, 22.332928 ], [ 114.0273769, 22.3327709 ], [ 114.0273725, 22.332612 ], [ 114.0274268, 22.3324802 ], [ 114.0275878, 22.332252 ], [ 114.0276267, 22.3320336 ], [ 114.027333, 22.3308539 ], [ 114.027282, 22.3307373 ], [ 114.0263593, 22.3295662 ], [ 114.0255654, 22.3286954 ], [ 114.0248206, 22.3279657 ], [ 114.0238005, 22.327118 ], [ 114.0237911, 22.3270727 ], [ 114.0236882, 22.3270144 ], [ 114.0236523, 22.3270336 ], [ 114.0230146, 22.3266435 ], [ 114.0220758, 22.3261745 ], [ 114.0211786, 22.3258718 ], [ 114.0206999, 22.3258775 ] ] } },
{ "type": "Feature", "properties": { }, "geometry": { "type": "LineString", "coordinates": [ [ 113.8469017, 22.1987757 ], [ 113.8467251, 22.1984715 ], [ 113.8463737, 22.1980853 ], [ 113.8462235, 22.197642 ], [ 113.8461196, 22.1975241 ], [ 113.845793, 22.1972732 ], [ 113.8453652, 22.197118 ], [ 113.8453022, 22.1970721 ], [ 113.8452435, 22.1969243 ], [ 113.8451764, 22.1968631 ], [ 113.8449104, 22.1968325 ], [ 113.844899, 22.1967462 ], [ 113.8449312, 22.1966411 ], [ 113.844842, 22.196623 ], [ 113.8448332, 22.1965765 ], [ 113.844887, 22.1965605 ], [ 113.8449642, 22.1963804 ], [ 113.8450373, 22.1963442 ], [ 113.8451103, 22.1963579 ], [ 113.8450667, 22.1963135 ], [ 113.8450617, 22.1961721 ], [ 113.8450141, 22.1961057 ], [ 113.8450477, 22.1960597 ], [ 113.8450241, 22.1957895 ] ] } },
{ "type": "Feature", "properties": { }, "geometry": { "type": "LineString", "coordinates": [ [ 114.2891733, 22.3926433 ], [ 114.288916, 22.3925381 ], [ 114.28892620000002, 22.3925168 ], [ 114.2884419, 22.3920593 ], [ 114.2885053, 22.3920061 ], [ 114.2889386, 22.3924908 ], [ 114.2890005, 22.3924897 ], [ 114.2891943, 22.3925819 ] ] } },
{ "type": "Feature", "properties": { }, "geometry": { "type": "Polygon", "coordinates": [ [ [ 114.3715525, 22.3517266 ], [ 114.3714458, 22.3516615 ], [ 114.3714312, 22.3515448 ], [ 114.3715295, 22.3514078 ], [ 114.3715671, 22.3515706 ], [ 114.37168, 22.3515313 ], [ 114.3716945, 22.351593 ], [ 114.371597400000013, 22.35163 ], [ 114.371596200000013, 22.3517052 ], [ 114.3715525, 22.3517266 ] ] ] } },
{ "type": "Feature", "properties": { }, "geometry": { "type": "Polygon", "coordinates": [ [ [ 114.3747985, 22.3556636 ], [ 114.374675, 22.3556652 ], [ 114.374647900000014, 22.3556386 ], [ 114.3747968, 22.3555525 ], [ 114.3747985, 22.3556636 ] ] ] } },
{ "type": "Feature", "properties": { }, "geometry": { "type": "Polygon", "coordinates": [ [ [ 114.3717986, 22.353817 ], [ 114.371731, 22.3538217 ], [ 114.3717358, 22.3537454 ], [ 114.3717846, 22.3537292 ], [ 114.3718388, 22.353651299999989 ], [ 114.37192490000001, 22.3536325 ], [ 114.3719486, 22.3536855 ], [ 114.3717986, 22.353817 ] ] ] } },
{ "type": "Feature", "properties": { }, "geometry": { "type": "Polygon", "coordinates": [ [ [ 114.3782787, 22.3745131 ], [ 114.3781485, 22.3745806 ], [ 114.3780814, 22.3745794 ], [ 114.3781227, 22.3742788 ], [ 114.3782231, 22.3741585 ], [ 114.3782986, 22.374149299999988 ], [ 114.378420100000014, 22.3742562 ], [ 114.3783031, 22.3743992 ], [ 114.3783215, 22.3744603 ], [ 114.3782787, 22.3745131 ] ] ] } },
{ "type": "Feature", "properties": { }, "geometry": { "type": "Polygon", "coordinates": [ [ [ 114.3788045, 22.3741239 ], [ 114.3786563, 22.3741196 ], [ 114.3786474, 22.3740709 ], [ 114.3788647, 22.3738656 ], [ 114.3789411, 22.3737349 ], [ 114.3790058, 22.3736873 ], [ 114.3791114, 22.3737274 ], [ 114.3791489, 22.3737584 ], [ 114.3791272, 22.373823 ], [ 114.3789719, 22.373937 ], [ 114.3789525, 22.3740086 ], [ 114.3788045, 22.3741239 ] ] ] } },
{ "type": "Feature", "properties": { }, "geometry": { "type": "Polygon", "coordinates": [ [ [ 114.2856627, 22.393502 ], [ 114.2856445, 22.3936062 ], [ 114.2855089, 22.3935893 ], [ 114.2854342, 22.3934231 ], [ 114.2855287, 22.3933625 ], [ 114.2856506, 22.3933879 ], [ 114.2857084, 22.3934555 ], [ 114.2856627, 22.393502 ] ] ] } },
{ "type": "Feature", "properties": { }, "geometry": { "type": "Polygon", "coordinates": [ [ [ 114.2859888, 22.3940869 ], [ 114.2859431, 22.3940277 ], [ 114.285972, 22.3939488 ], [ 114.2860695, 22.3939009 ], [ 114.2861944, 22.3939333 ], [ 114.2862447, 22.393984 ], [ 114.2860969, 22.3940995 ], [ 114.2859888, 22.3940869 ] ] ] } },
{ "type": "Feature", "properties": { }, "geometry": { "type": "LineString", "coordinates": [ [ 114.2760183, 22.4091552 ], [ 114.27581, 22.4093157 ], [ 114.2755861, 22.4098093 ], [ 114.2753602, 22.4101599 ], [ 114.2752215, 22.4104668 ], [ 114.274883, 22.4108472 ], [ 114.27475680000002, 22.4110345 ], [ 114.2747692, 22.4110875 ] ] } },
{ "type": "Feature", "properties": { }, "geometry": { "type": "LineString", "coordinates": [ [ 113.9839397, 22.375151 ], [ 113.9839759, 22.3751808 ], [ 113.9839517, 22.3752118 ], [ 113.9838967, 22.3751845 ], [ 113.9839397, 22.375151 ] ] } },
{ "type": "Feature", "properties": { }, "geometry": { "type": "LineString", "coordinates": [ [ 113.9840161, 22.3751361 ], [ 113.983949100000018, 22.3751212 ], [ 113.9839598, 22.3750952 ], [ 113.9840148, 22.375084 ], [ 113.9840161, 22.3751361 ] ] } },
{ "type": "Feature", "properties": { }, "geometry": { "type": "LineString", "coordinates": [ [ 113.9992053, 22.4896923 ], [ 113.9987017, 22.4894321 ], [ 113.9985985, 22.4894315 ], [ 113.9984804, 22.4893404 ], [ 113.9982843, 22.4893018 ], [ 113.9981961, 22.4891582 ], [ 113.9980211, 22.4890721 ], [ 113.9978749, 22.4891458 ], [ 113.9978367, 22.4891093 ], [ 113.9977925, 22.4891663 ], [ 113.9977495, 22.489175 ], [ 113.997530200000014, 22.4891458 ], [ 113.9974391, 22.4890504 ], [ 113.997421, 22.4889792 ], [ 113.9974692, 22.4889247 ], [ 113.9975692, 22.4888534 ], [ 113.9976791, 22.4888193 ], [ 113.997738, 22.4887417 ], [ 113.9976523, 22.488709 ], [ 113.9974907, 22.4884643 ], [ 113.9975135, 22.4883856 ], [ 113.99763350000002, 22.4883168 ], [ 113.9976376, 22.4882623 ], [ 113.9975859, 22.4882524 ], [ 113.9977007, 22.4881598 ], [ 113.9975754, 22.4880651 ], [ 113.997307, 22.4880814 ], [ 113.9973023, 22.4879817 ], [ 113.997416900000019, 22.4879451 ], [ 113.9974692, 22.4878782 ], [ 113.997602, 22.4878379 ], [ 113.9974357, 22.487841 ], [ 113.9972573, 22.4877171 ], [ 113.9976835, 22.4873263 ], [ 113.997356600000018, 22.4874829 ], [ 113.9973472, 22.4874272 ], [ 113.9976342, 22.4871781 ], [ 113.9975604, 22.4871508 ], [ 113.9972426, 22.4873826 ], [ 113.997134, 22.4874247 ], [ 113.9968483, 22.4874358 ], [ 113.9968818, 22.4872933 ], [ 113.9971058, 22.4872116 ], [ 113.997443800000013, 22.4869551 ], [ 113.9973472, 22.4868931 ], [ 113.9969529, 22.4871818 ], [ 113.9968698, 22.4871521 ], [ 113.9966713, 22.4871818 ], [ 113.9966753, 22.4871062 ], [ 113.9968913, 22.4868886 ], [ 113.9966311, 22.4868435 ], [ 113.9965006, 22.4869285 ], [ 113.99633470000002, 22.4868101 ], [ 113.9962902, 22.4864987 ], [ 113.9963132, 22.4864136 ], [ 113.9959216, 22.4867577 ], [ 113.9959846, 22.4865821 ], [ 113.9963119, 22.486245 ], [ 113.9962931, 22.4861918 ], [ 113.9957526, 22.4866688 ], [ 113.9958639, 22.4864036 ], [ 113.9960115, 22.4862847 ], [ 113.9961067, 22.4862599 ], [ 113.9961999, 22.4861853 ], [ 113.9962099, 22.4860319 ], [ 113.9958559, 22.4863553 ], [ 113.9957178, 22.4863838 ], [ 113.99615, 22.485918 ], [ 113.9960702, 22.485881 ], [ 113.995923, 22.4860901 ], [ 113.9957097, 22.4862884 ], [ 113.9955448, 22.4861918 ], [ 113.9954066, 22.4862723 ], [ 113.995300700000016, 22.486131 ], [ 113.9955233, 22.4859105 ], [ 113.99542, 22.4858324 ], [ 113.9955333, 22.4858205 ], [ 113.9955651, 22.4855975 ], [ 113.9954254, 22.4854272 ], [ 113.9953868, 22.485016 ], [ 113.9951786, 22.4846651 ], [ 113.99521470000002, 22.4845217 ], [ 113.9951123, 22.4844908 ], [ 113.9950803, 22.4843904 ], [ 113.9951049, 22.4841087 ], [ 113.9950524, 22.4837909 ], [ 113.9949492, 22.4837544 ], [ 113.9949895, 22.4830616 ], [ 113.9949104, 22.4829303 ], [ 113.9949265, 22.4827283 ], [ 113.994779, 22.4826577 ], [ 113.9947079, 22.4825461 ], [ 113.9947334, 22.482478 ], [ 113.9947079, 22.4822673 ], [ 113.9947253, 22.4820926 ], [ 113.9946138, 22.4820595 ], [ 113.9943312, 22.4815728 ], [ 113.994278800000018, 22.4816007 ], [ 113.994088300000016, 22.481359 ], [ 113.9941205, 22.4812747 ], [ 113.9941674, 22.4812636 ], [ 113.9940521, 22.4811793 ], [ 113.9940374, 22.4809265 ], [ 113.9940789, 22.4808076 ], [ 113.9939784, 22.4807754 ], [ 113.9939447, 22.4806065 ], [ 113.9938188, 22.4804581 ], [ 113.9937517, 22.4802586 ], [ 113.9934014, 22.4801803 ], [ 113.9932837, 22.4800826 ], [ 113.9932743, 22.4799253 ], [ 113.9934687, 22.4798782 ], [ 113.9934553, 22.4797989 ], [ 113.9928357, 22.4797951 ], [ 113.9928532, 22.4797642 ], [ 113.9931428, 22.4797728 ], [ 113.9933869, 22.4797406 ], [ 113.9934513, 22.4796551 ], [ 113.993458, 22.4797047 ], [ 113.993509, 22.4796849 ], [ 113.9934956, 22.4795932 ], [ 113.99335210000001, 22.4796291 ], [ 113.9933185, 22.4795994 ], [ 113.993458, 22.4795064 ], [ 113.9933507, 22.4794172 ], [ 113.9930342, 22.4794779 ], [ 113.992939, 22.4794283 ], [ 113.9932796, 22.479323 ], [ 113.9932269, 22.4792554 ], [ 113.9932609, 22.479209 ], [ 113.9932327, 22.4791508 ], [ 113.9931361, 22.4791495 ], [ 113.9930557, 22.4789091 ], [ 113.9931407, 22.4784364 ], [ 113.9926229, 22.4777438 ], [ 113.9927273, 22.4773186 ], [ 113.9923248, 22.4772151 ], [ 113.9919251, 22.4769177 ], [ 113.9916784, 22.4770342 ], [ 113.9915898, 22.4769995 ], [ 113.9917172, 22.4767901 ], [ 113.991209, 22.4762869 ], [ 113.9907058, 22.4759735 ], [ 113.9904325, 22.4760378 ], [ 113.990140100000019, 22.4759152 ], [ 113.990039, 22.4758003 ], [ 113.9899188, 22.4755719 ], [ 113.9896935, 22.4753538 ], [ 113.9893397, 22.4748779 ], [ 113.9891168, 22.4746598 ], [ 113.9889543, 22.4744174 ], [ 113.988572, 22.4740317 ], [ 113.9880869, 22.4738122 ], [ 113.9877743, 22.4735982 ], [ 113.98773420000002, 22.4735834 ], [ 113.9876841, 22.4736266 ], [ 113.9876051, 22.4736232 ], [ 113.987584, 22.4736573 ], [ 113.9871253, 22.4733298 ], [ 113.9866826, 22.4731077 ], [ 113.9862932, 22.4731674 ], [ 113.9861611, 22.4730822 ], [ 113.9860632, 22.4729385 ], [ 113.9858711, 22.4728345 ], [ 113.9857091, 22.4726956 ], [ 113.9855219, 22.4725014 ], [ 113.985122100000012, 22.4723678 ], [ 113.9848427, 22.4720301 ], [ 113.9845954, 22.4716039 ], [ 113.9845195, 22.4712023 ], [ 113.9845651, 22.4710164 ], [ 113.984639900000019, 22.47087 ], [ 113.9844737, 22.4705312 ], [ 113.9841459, 22.4703136 ], [ 113.9839079, 22.4699758 ], [ 113.9836026, 22.4696623 ], [ 113.9828255, 22.4692276 ], [ 113.9826201, 22.4694699 ], [ 113.9822492, 22.4693869 ], [ 113.9820785, 22.4692468 ], [ 113.982084900000018, 22.4691996 ], [ 113.982184, 22.4690804 ], [ 113.9821847, 22.4689882 ], [ 113.9821359, 22.4689779 ], [ 113.981871900000016, 22.4690434 ], [ 113.9817774, 22.469014 ], [ 113.9816867, 22.4689032 ], [ 113.9816002, 22.4688851 ], [ 113.9815008, 22.4689699 ], [ 113.9813303, 22.4688631 ], [ 113.981177100000011, 22.4690267 ], [ 113.9808723, 22.4687813 ], [ 113.9809743, 22.468664 ], [ 113.9810196, 22.4685374 ], [ 113.9812971, 22.4685097 ], [ 113.9813175, 22.4684435 ], [ 113.9815413, 22.4682836 ], [ 113.981637, 22.4682814 ], [ 113.9815375, 22.4681313 ], [ 113.9809811, 22.4684993 ], [ 113.9808614, 22.468552 ], [ 113.980594, 22.4682436 ], [ 113.9818042, 22.4675006 ], [ 113.98109070000001, 22.4668512 ], [ 113.9807271, 22.4666527 ], [ 113.9805179, 22.4661009 ], [ 113.98037, 22.46555 ], [ 113.98009, 22.4652999 ], [ 113.9801608, 22.4643374 ], [ 113.980135100000012, 22.4642168 ], [ 113.979981, 22.4641942 ], [ 113.979938200000021, 22.4641288 ], [ 113.98003, 22.4640907 ], [ 113.979927, 22.4639226 ], [ 113.9796765, 22.4637502 ], [ 113.9797746, 22.4636129 ], [ 113.9796308, 22.4632601 ], [ 113.979564, 22.4629771 ], [ 113.979483700000017, 22.4628496 ], [ 113.9793803, 22.4628479 ], [ 113.9793684, 22.46282 ], [ 113.9794539, 22.4627169 ], [ 113.9794192, 22.4626156 ], [ 113.9794496, 22.4625755 ], [ 113.9794393, 22.4624979 ], [ 113.97933, 22.4624999 ], [ 113.9793134, 22.4623732 ], [ 113.9794157, 22.4623471 ], [ 113.9794031, 22.4622907 ], [ 113.9792694, 22.4623214 ], [ 113.9792609, 22.4622738 ], [ 113.9793806, 22.4622115 ], [ 113.9793333, 22.4619925 ], [ 113.979135, 22.4616621 ], [ 113.9790825, 22.4614935 ], [ 113.9790015, 22.46142 ], [ 113.9790461, 22.4613569 ], [ 113.9789362, 22.4610592 ], [ 113.978887, 22.4610429 ], [ 113.9787793, 22.4608407 ], [ 113.9786315, 22.4607917 ], [ 113.9786421, 22.4607523 ], [ 113.9787788, 22.4607154 ], [ 113.9787718, 22.4606057 ], [ 113.9786325, 22.4605585 ], [ 113.9785235, 22.4605932 ], [ 113.978448, 22.460557 ], [ 113.9784182, 22.4604911 ], [ 113.9785941, 22.460415 ], [ 113.9786767, 22.4604162 ], [ 113.9787306, 22.4603574 ], [ 113.9785902, 22.4600645 ], [ 113.9785528, 22.4600773 ], [ 113.978512800000019, 22.4600018 ], [ 113.978554200000019, 22.4599823 ], [ 113.9784796, 22.4598765 ], [ 113.9784443, 22.4598996 ], [ 113.9783758, 22.4598274 ], [ 113.9783105, 22.4598579 ], [ 113.9782075, 22.459672 ], [ 113.978089, 22.4595444 ], [ 113.9779527, 22.4595034 ], [ 113.9778984, 22.4594451 ], [ 113.9779938, 22.4593533 ], [ 113.9778303, 22.4592488 ], [ 113.9777756, 22.4590105 ], [ 113.9776571, 22.4590012 ], [ 113.977619500000017, 22.4588926 ], [ 113.9775538, 22.4588633 ], [ 113.977378400000021, 22.458878 ], [ 113.97735710000002, 22.4587892 ], [ 113.9774373, 22.4587249 ], [ 113.977408, 22.4586529 ], [ 113.9771726, 22.4584496 ], [ 113.9770818, 22.4582187 ], [ 113.9770945, 22.4581787 ], [ 113.9771901, 22.4581456 ], [ 113.9772212, 22.4580751 ], [ 113.9770753, 22.4579473 ], [ 113.9770477, 22.4579569 ], [ 113.9769941, 22.4578631 ], [ 113.9765965, 22.457539 ], [ 113.9766369, 22.4574942 ], [ 113.9764898, 22.4573852 ], [ 113.976521600000012, 22.4573481 ], [ 113.9764944, 22.4573315 ], [ 113.976415, 22.4573557 ], [ 113.9763905, 22.4573139 ], [ 113.976427200000018, 22.4572812 ], [ 113.9764019, 22.4572432 ], [ 113.9763459, 22.4572448 ], [ 113.9763531, 22.4571832 ], [ 113.9762508, 22.4571012 ], [ 113.9761361, 22.4570217 ], [ 113.9760002, 22.4571307 ], [ 113.9759028, 22.4571318 ], [ 113.9758148, 22.4570925 ], [ 113.975736, 22.4569392 ], [ 113.9755236, 22.4569017 ], [ 113.9753322, 22.4568061 ], [ 113.975326900000013, 22.4565994 ], [ 113.9751931, 22.4565168 ], [ 113.9749075, 22.4565247 ], [ 113.974857, 22.456504 ], [ 113.9749186, 22.4563675 ], [ 113.974787, 22.4562642 ], [ 113.9744983, 22.4561962 ], [ 113.9741873, 22.4562334 ], [ 113.9740372, 22.456126 ], [ 113.9739292, 22.4560876 ], [ 113.9738892, 22.4559704 ], [ 113.9738933, 22.4556985 ], [ 113.9737483, 22.4556235 ], [ 113.9737703, 22.4555459 ], [ 113.9735213, 22.4552768 ], [ 113.9734403, 22.4552349 ], [ 113.9733549, 22.4552698 ], [ 113.9732298, 22.4552789 ], [ 113.9731933, 22.4552538 ], [ 113.9732515, 22.4550719 ], [ 113.9731265, 22.4549815 ], [ 113.9727434, 22.4548864 ], [ 113.9726868, 22.4549519 ], [ 113.972586, 22.4549601 ], [ 113.9725105, 22.4548289 ], [ 113.9715252, 22.4543299 ], [ 113.9709702, 22.453905 ] ] } },
{ "type": "Feature", "properties": { }, "geometry": { "type": "Polygon", "coordinates": [ [ [ 114.2453321, 22.288699 ], [ 114.2453554, 22.2885759 ], [ 114.2452994, 22.2885478 ], [ 114.2453087, 22.288416 ], [ 114.2454231, 22.288362 ], [ 114.2453017, 22.2883253 ], [ 114.2452177, 22.288254 ], [ 114.2452293, 22.2881762 ], [ 114.24529, 22.2881243 ], [ 114.2454932, 22.2883296 ], [ 114.2454722, 22.2886018 ], [ 114.2454138, 22.288645 ], [ 114.2453998, 22.288712 ], [ 114.2453531, 22.2887379 ], [ 114.2453321, 22.288699 ] ] ] } },
{ "type": "Feature", "properties": { }, "geometry": { "type": "Polygon", "coordinates": [ [ [ 114.2505185, 22.2932674 ], [ 114.2505593, 22.2932523 ], [ 114.250738, 22.2933041 ], [ 114.2508734, 22.2934878 ], [ 114.2508874, 22.2935439 ], [ 114.2508244, 22.2936087 ], [ 114.2506866, 22.2936087 ], [ 114.2506422, 22.2935266 ], [ 114.2506422, 22.2934294 ], [ 114.2505418, 22.2933819 ], [ 114.2505185, 22.2932674 ] ] ] } },
{ "type": "Feature", "properties": { }, "geometry": { "type": "LineString", "coordinates": [ [ 114.2754024, 22.3515506 ], [ 114.2754225, 22.3512269 ], [ 114.2754614, 22.3511797 ], [ 114.275515100000021, 22.3511797 ], [ 114.2755352, 22.3512343 ], [ 114.2754842, 22.3512727 ], [ 114.2754816, 22.3513335 ], [ 114.2755245, 22.3513794 ], [ 114.275523100000015, 22.3515146 ], [ 114.27547890000001, 22.3515642 ], [ 114.275436, 22.3515766 ], [ 114.2754024, 22.3515506 ] ] } },
{ "type": "Feature", "properties": { }, "geometry": { "type": "Polygon", "coordinates": [ [ [ 114.3107968, 22.3894339 ], [ 114.3108961, 22.3894425 ], [ 114.3109007, 22.3893751 ], [ 114.3109814, 22.3893823 ], [ 114.3110713, 22.3894397 ], [ 114.3110636, 22.3895013 ], [ 114.3110124, 22.3895544 ], [ 114.3109643, 22.3895587 ], [ 114.3108418, 22.3895185 ], [ 114.3107937, 22.3895587 ], [ 114.3107657, 22.3895415 ], [ 114.3107735, 22.3894526 ], [ 114.3107968, 22.3894339 ] ] ] } },
{ "type": "Feature", "properties": { }, "geometry": { "type": "LineString", "coordinates": [ [ 114.3269183, 22.4629408 ], [ 114.3271116, 22.4634914 ], [ 114.327416, 22.4645371 ], [ 114.328048800000019, 22.4658402 ], [ 114.328308800000016, 22.46592 ], [ 114.3287102, 22.466316899999988 ], [ 114.328761, 22.4668874 ], [ 114.32856, 22.46711 ], [ 114.3285778, 22.4680571 ], [ 114.328676, 22.4683255 ], [ 114.329084, 22.4683317 ], [ 114.3291532, 22.4687989 ], [ 114.32903, 22.4690116 ], [ 114.329003, 22.4691714 ], [ 114.3290699, 22.46943 ], [ 114.3289689, 22.469575 ], [ 114.3290054, 22.4700647 ], [ 114.3291799, 22.47034 ], [ 114.3294627, 22.4706546 ], [ 114.3296947, 22.4708487 ], [ 114.3304777, 22.4706967 ], [ 114.3307295, 22.4704953 ], [ 114.3309449, 22.4701136 ], [ 114.3313451, 22.4701753 ], [ 114.331609, 22.4698977 ], [ 114.3319258, 22.4700038 ], [ 114.3318083, 22.4704459 ], [ 114.3314671, 22.470838 ], [ 114.3311039, 22.4713186 ], [ 114.33124, 22.47179 ], [ 114.3313806, 22.4731052 ], [ 114.331133400000013, 22.4735259 ], [ 114.3307288, 22.4739131 ], [ 114.3303185, 22.4741337 ], [ 114.3300234, 22.4741758 ], [ 114.329674700000012, 22.4740495 ], [ 114.3294977, 22.473928 ], [ 114.3290256, 22.4733728 ], [ 114.3288038, 22.4728178 ], [ 114.3281632, 22.4722218 ], [ 114.3282246, 22.4713171 ], [ 114.327844, 22.4712036 ], [ 114.3269499, 22.47158 ], [ 114.32612, 22.47157 ], [ 114.3255805, 22.4713965 ], [ 114.3252899, 22.47156 ], [ 114.3247299, 22.47181 ], [ 114.3240301, 22.47244 ], [ 114.3238217, 22.4726806 ], [ 114.32374, 22.4731999 ], [ 114.3235519, 22.4734901 ], [ 114.323288800000014, 22.4733932 ], [ 114.3229815, 22.4742539 ], [ 114.3229572, 22.4749451 ], [ 114.323123, 22.4752774 ], [ 114.323392900000016, 22.4755375 ], [ 114.323652900000013, 22.4760574 ], [ 114.3237815, 22.4768149 ], [ 114.323551, 22.477269 ], [ 114.3230425, 22.478561 ], [ 114.3226951, 22.4789942 ], [ 114.3223043, 22.4793633 ], [ 114.3222202, 22.4797731 ], [ 114.322314300000016, 22.4800864 ], [ 114.3222389, 22.4802683 ], [ 114.3219159, 22.4804682 ], [ 114.3217362, 22.4806155 ], [ 114.3216196, 22.4806675 ], [ 114.3213837, 22.4806746 ] ] } },
{ "type": "Feature", "properties": { }, "geometry": { "type": "LineString", "coordinates": [ [ 114.3342349, 22.4279375 ], [ 114.3341501, 22.42822 ], [ 114.333586, 22.4285431 ], [ 114.3337299, 22.4285999 ], [ 114.3339524, 22.4288144 ], [ 114.33413, 22.42874 ], [ 114.3348971, 22.4287036 ], [ 114.3353949, 22.4290405 ], [ 114.33565, 22.4291501 ], [ 114.3358555, 22.4294357 ], [ 114.3359201, 22.42967 ], [ 114.3359201, 22.4299299 ], [ 114.3367299, 22.4307099 ], [ 114.33699, 22.43175 ], [ 114.3369353, 22.4323335 ], [ 114.3370088, 22.4329904 ], [ 114.3370574, 22.4331122 ] ] } },
{ "type": "Feature", "properties": { }, "geometry": { "type": "LineString", "coordinates": [ [ 114.3398009, 22.4277017 ], [ 114.3397696, 22.4277832 ], [ 114.3397239, 22.4278112 ], [ 114.3394404, 22.4278851 ], [ 114.3393015, 22.4279705 ], [ 114.3390627, 22.4280574 ], [ 114.3389228, 22.4279525 ], [ 114.3388883, 22.4278725 ], [ 114.3388264, 22.4278681 ], [ 114.3386864, 22.4279571 ], [ 114.3385904, 22.4281943 ], [ 114.338232600000012, 22.4283232 ], [ 114.3380031, 22.4284513 ], [ 114.3377737, 22.4285242 ], [ 114.337517, 22.4285243 ], [ 114.3372292, 22.4284054 ], [ 114.3368113, 22.428147 ], [ 114.336556, 22.4281571 ], [ 114.3363601, 22.4280873 ], [ 114.3362581, 22.427982 ], [ 114.3360109, 22.4278298 ], [ 114.3353891, 22.4276892 ], [ 114.3353203, 22.4276825 ], [ 114.3351697, 22.427803 ], [ 114.3350141, 22.4278602 ], [ 114.3345506, 22.4277716 ], [ 114.3344742, 22.4277834 ], [ 114.3342349, 22.4279375 ] ] } },
{ "type": "Feature", "properties": { }, "geometry": { "type": "LineString", "coordinates": [ [ 114.3535058, 22.4223011 ], [ 114.353454, 22.4223004 ], [ 114.3533742, 22.4223728 ], [ 114.3533329, 22.4224672 ], [ 114.3532742, 22.4224888 ], [ 114.3531737, 22.422384 ], [ 114.3530966, 22.4221282 ], [ 114.353022, 22.4220812 ], [ 114.3529902, 22.4220952 ], [ 114.3528816, 22.4223182 ], [ 114.352783400000021, 22.4226556 ], [ 114.3527332, 22.4227078 ], [ 114.352755, 22.4220733 ], [ 114.3526206, 22.4220616 ], [ 114.3524765, 22.4223669 ], [ 114.3523703, 22.4224951 ], [ 114.3523203, 22.4224603 ], [ 114.3522334, 22.4221184 ], [ 114.3522092, 22.422112 ], [ 114.3519251, 22.4223614 ], [ 114.3519, 22.4224178 ], [ 114.3516612, 22.4225961 ], [ 114.3514712, 22.4226711 ], [ 114.3512827, 22.4226632 ], [ 114.3510897, 22.4225992 ], [ 114.3509435, 22.4223775 ], [ 114.3508756, 22.422313 ], [ 114.3508081, 22.4223108 ], [ 114.3507732, 22.4222804 ], [ 114.3507474, 22.4220583 ], [ 114.3506912, 22.4219702 ], [ 114.350410400000015, 22.4217199 ], [ 114.35027580000002, 22.4216612 ], [ 114.3502038, 22.4216631 ], [ 114.3502052, 22.4217339 ], [ 114.3499663, 22.4217205 ], [ 114.3499421, 22.4216021 ], [ 114.3496701, 22.4216532 ], [ 114.3496889, 22.4217244 ], [ 114.3494099, 22.4217694 ], [ 114.3493524, 22.4218626 ], [ 114.3493971, 22.4219557 ], [ 114.3492629, 22.4220893 ], [ 114.3491109, 22.4221639 ], [ 114.3488735, 22.4227517 ], [ 114.3486991, 22.4234088 ], [ 114.3484901, 22.4237001 ], [ 114.34835, 22.4238299 ], [ 114.3480699, 22.4238199 ], [ 114.3478, 22.42356 ], [ 114.3475199, 22.42343 ], [ 114.3472371, 22.4233615 ], [ 114.3471306, 22.4234773 ], [ 114.3471553, 22.4239785 ], [ 114.347263100000021, 22.4244083 ], [ 114.3471479, 22.4246121 ], [ 114.3470572, 22.4246203 ] ] } },
{ "type": "Feature", "properties": { }, "geometry": { "type": "LineString", "coordinates": [ [ 114.3575957, 22.4514093 ], [ 114.3575373, 22.4513416 ], [ 114.3574811, 22.4513536 ], [ 114.357457, 22.451328 ], [ 114.357474200000013, 22.4512709 ], [ 114.3573447, 22.4511122 ], [ 114.3572329, 22.450709 ], [ 114.3571555, 22.4506218 ], [ 114.3571027, 22.4502076 ], [ 114.3571521, 22.4500559 ], [ 114.3572567, 22.4499304 ], [ 114.3570696, 22.4499836 ], [ 114.3569721, 22.4499071 ], [ 114.3568648, 22.4499219 ], [ 114.3567542, 22.4498665 ], [ 114.356637, 22.4500598 ], [ 114.3564558, 22.4501526 ], [ 114.356306, 22.4500362 ], [ 114.355985, 22.449917 ], [ 114.3557651, 22.4495476 ], [ 114.3556266, 22.4494415 ], [ 114.3553794, 22.4493537 ], [ 114.3552045, 22.4493766 ], [ 114.355056, 22.4494671 ], [ 114.3550058, 22.449583 ], [ 114.3549685, 22.4497881 ], [ 114.3550194, 22.4500682 ], [ 114.3549685, 22.4501426 ], [ 114.3549121, 22.4506111 ], [ 114.3545822, 22.4506904 ], [ 114.3545286, 22.4507524 ], [ 114.3542806, 22.4507146 ], [ 114.3539022, 22.450526 ], [ 114.3533595, 22.4503127 ], [ 114.353225, 22.4502434 ], [ 114.3532334, 22.4501354 ], [ 114.3529233, 22.4499522 ] ] } },
{ "type": "Feature", "properties": { }, "geometry": { "type": "LineString", "coordinates": [ [ 114.3611006, 22.4608704 ], [ 114.3610437, 22.4608622 ], [ 114.3607509, 22.460686 ], [ 114.3607179, 22.4605519 ], [ 114.3607458, 22.4604949 ], [ 114.3608503, 22.4604145 ], [ 114.360771, 22.4602904 ], [ 114.3608398, 22.4602487 ], [ 114.3609224, 22.4603858 ], [ 114.3609644, 22.4603666 ], [ 114.3609522, 22.4603405 ], [ 114.3612082, 22.4602128 ], [ 114.3611755, 22.4602104 ], [ 114.3611931, 22.4601852 ], [ 114.3611603, 22.460125 ], [ 114.361204, 22.4601025 ], [ 114.3612591, 22.4602101 ], [ 114.3612872, 22.4601997 ], [ 114.361265, 22.4602229 ], [ 114.3612851, 22.4602626 ], [ 114.3614444, 22.4601535 ], [ 114.3614619, 22.4601752 ], [ 114.3615101, 22.4601498 ], [ 114.3614473, 22.460076 ], [ 114.3615015, 22.4600227 ], [ 114.3615277, 22.460051 ], [ 114.3616528, 22.4599075 ], [ 114.3616408, 22.4598572 ], [ 114.3614407, 22.4597692 ], [ 114.3614591, 22.4597368 ], [ 114.3616888, 22.4598431 ], [ 114.3616197, 22.4595079 ], [ 114.3615358, 22.4595334 ], [ 114.3615975, 22.459492 ], [ 114.3615657, 22.4594369 ], [ 114.361546600000011, 22.4594458 ], [ 114.3614862, 22.4593496 ], [ 114.3614409, 22.4593749 ], [ 114.3613215, 22.459184 ], [ 114.3613467, 22.4591447 ], [ 114.3612934, 22.4591623 ], [ 114.3612604, 22.4591387 ], [ 114.3612028, 22.4590177 ], [ 114.3611343, 22.4589661 ], [ 114.3611497, 22.4589521 ], [ 114.3610131, 22.4586394 ], [ 114.3610998, 22.4586116 ], [ 114.361023800000012, 22.4584756 ], [ 114.3605262, 22.4586623 ], [ 114.360428, 22.4584223 ], [ 114.3605224, 22.458387 ], [ 114.3605982, 22.4585762 ], [ 114.3610367, 22.458419 ], [ 114.3609794, 22.4583374 ], [ 114.3609239, 22.4579945 ], [ 114.3608256, 22.4578688 ], [ 114.3607716, 22.4578896 ], [ 114.3607599, 22.4578315 ], [ 114.360786, 22.4578255 ], [ 114.360744900000014, 22.4577203 ], [ 114.3606438, 22.457579 ], [ 114.3606938, 22.4574663 ], [ 114.3606516, 22.4572638 ], [ 114.360574, 22.457181 ], [ 114.3605139, 22.4570075 ], [ 114.360533, 22.4568337 ], [ 114.360643, 22.4566306 ], [ 114.3605615, 22.4564138 ], [ 114.3607147, 22.4558345 ], [ 114.3608075, 22.4556299 ], [ 114.3607651, 22.455497 ] ] } },
{ "type": "Feature", "properties": { }, "geometry": { "type": "LineString", "coordinates": [ [ 114.330196700000016, 22.461987 ], [ 114.33008, 22.4618129 ], [ 114.3301121, 22.4617415 ], [ 114.3298247, 22.4614985 ], [ 114.329678700000017, 22.4614322 ], [ 114.3295652, 22.4614306 ], [ 114.3291522, 22.4614995 ], [ 114.3290675, 22.4615558 ], [ 114.3288482, 22.4615243 ], [ 114.3287944, 22.4614445 ], [ 114.3288052, 22.4613582 ], [ 114.3287129, 22.461309 ], [ 114.328546700000018, 22.4613732 ], [ 114.328418500000012, 22.4614726 ], [ 114.3279025, 22.461571 ], [ 114.3275702, 22.4618911 ], [ 114.3271134, 22.4622527 ], [ 114.3269611, 22.4626154 ], [ 114.3269183, 22.4629408 ] ] } },
{ "type": "Feature", "properties": { }, "geometry": { "type": "LineString", "coordinates": [ [ 114.3369461, 22.4630904 ], [ 114.3365195, 22.4628131 ], [ 114.3361199, 22.4624848 ], [ 114.3358461, 22.4625287 ], [ 114.335837, 22.4629153 ], [ 114.3354631, 22.463103 ], [ 114.3351428, 22.4633756 ], [ 114.3346769, 22.4632294 ], [ 114.3348204, 22.4627032 ], [ 114.3339614, 22.462227 ], [ 114.3332133, 22.462122 ], [ 114.33308, 22.4622999 ], [ 114.3330699, 22.46281 ], [ 114.3328943, 22.4634244 ], [ 114.3324583, 22.4638786 ], [ 114.331736, 22.463973 ], [ 114.3312018, 22.4638273 ], [ 114.3309484, 22.4635962 ], [ 114.3306134, 22.4631461 ], [ 114.3303891, 22.4627798 ], [ 114.3304184, 22.4624248 ], [ 114.330196700000016, 22.461987 ] ] } },
{ "type": "Feature", "properties": { }, "geometry": { "type": "LineString", "coordinates": [ [ 114.352462700000018, 22.3470278 ], [ 114.3524238, 22.3469019 ], [ 114.3524576, 22.3466908 ], [ 114.3524484, 22.3464876 ], [ 114.3527661, 22.3460269 ], [ 114.3527104, 22.3458776 ], [ 114.3527419, 22.3457951 ], [ 114.352638, 22.3457568 ], [ 114.3525247, 22.3457734 ], [ 114.3524928, 22.3457462 ], [ 114.3524531, 22.3456519 ], [ 114.3524433, 22.345458 ], [ 114.3523765, 22.3456735 ], [ 114.3523162, 22.34568 ], [ 114.3522513, 22.3456335 ], [ 114.3522128, 22.3452904 ], [ 114.3522289, 22.3451738 ], [ 114.3523309, 22.344958 ], [ 114.3524703, 22.3447967 ], [ 114.3525374, 22.3446529 ], [ 114.3528458, 22.3432686 ], [ 114.3528002, 22.3428022 ], [ 114.3528351, 22.3426335 ], [ 114.3529585, 22.3424499 ], [ 114.3531194, 22.3423308 ], [ 114.353279, 22.3423159 ], [ 114.3534185, 22.3423779 ], [ 114.3535419, 22.3422576 ], [ 114.3538718, 22.3421782 ], [ 114.3541534, 22.3419872 ], [ 114.3544163, 22.3417205 ], [ 114.354246, 22.341331 ], [ 114.3543023, 22.3413112 ], [ 114.3543962, 22.3413335 ], [ 114.3542728, 22.3411115 ], [ 114.3543144, 22.3410594 ], [ 114.3543828, 22.3410817 ], [ 114.354410900000019, 22.3410532 ], [ 114.354313, 22.3409291 ], [ 114.3543304, 22.3406612 ], [ 114.354376, 22.3404801 ], [ 114.3547341, 22.3398822 ], [ 114.3547797, 22.3397271 ], [ 114.3546577, 22.3395051 ], [ 114.3545343, 22.339422 ], [ 114.3544337, 22.3394381 ], [ 114.3544015, 22.3394158 ], [ 114.3544243, 22.3393004 ], [ 114.3542218, 22.3392074 ], [ 114.3542057, 22.3391553 ], [ 114.3542325, 22.3390461 ], [ 114.3544739, 22.3387186 ], [ 114.3545651, 22.3385152 ], [ 114.3549299, 22.3375352 ], [ 114.3549541, 22.3373864 ], [ 114.3548897, 22.33691 ], [ 114.354887, 22.3366024 ], [ 114.3549353, 22.3363617 ], [ 114.3549997, 22.3362724 ], [ 114.3551123, 22.336203 ], [ 114.3554851, 22.3361856 ], [ 114.3559706, 22.3362352 ], [ 114.3560082, 22.3361831 ], [ 114.3559894, 22.336131 ], [ 114.3558472, 22.3360864 ], [ 114.3557104, 22.336002 ], [ 114.3556622, 22.3359375 ], [ 114.3557802, 22.3357465 ], [ 114.3558714, 22.3357117 ], [ 114.3560323, 22.3357043 ], [ 114.3560564, 22.3355306 ], [ 114.3563676, 22.3353917 ], [ 114.3566895, 22.3353346 ], [ 114.3569335, 22.3353371 ], [ 114.3570247, 22.3353842 ], [ 114.3570757, 22.3354487 ], [ 114.3569845, 22.3357192 ], [ 114.3570113, 22.3357489 ], [ 114.357065, 22.3357365 ], [ 114.3572232, 22.3355827 ], [ 114.3572956, 22.3355951 ], [ 114.3573707, 22.3356547 ], [ 114.3574592, 22.3357589 ], [ 114.3576282, 22.3362848 ], [ 114.3577006, 22.336327 ], [ 114.3579072, 22.3362501 ], [ 114.3580145, 22.3362724 ], [ 114.3581888, 22.336394 ], [ 114.3582344, 22.3363915 ], [ 114.3582639, 22.3363617 ], [ 114.3582183, 22.3362948 ], [ 114.3582183, 22.3362253 ], [ 114.35828, 22.336198 ], [ 114.3583766, 22.3362079 ], [ 114.3584785, 22.3363047 ], [ 114.358537500000011, 22.3364684 ], [ 114.3585858, 22.3365032 ], [ 114.3586931, 22.3364932 ], [ 114.3587601, 22.336332 ], [ 114.358803, 22.3362972 ], [ 114.3590149, 22.3363617 ], [ 114.3591276, 22.336456 ], [ 114.3591651, 22.3365304 ], [ 114.3592751, 22.3379471 ], [ 114.3593663, 22.3386814 ], [ 114.3593475, 22.3388526 ], [ 114.3592322, 22.339185 ], [ 114.3590927, 22.339386 ], [ 114.3588808, 22.3395745 ], [ 114.3588915, 22.3396415 ], [ 114.3594199, 22.340103 ], [ 114.3597525, 22.3404677 ], [ 114.3601897, 22.3410631 ], [ 114.3602702, 22.3412194 ], [ 114.3603292, 22.34146 ], [ 114.3603989, 22.3414724 ], [ 114.3606511, 22.3413781 ], [ 114.3610623, 22.3410985 ], [ 114.3612519, 22.3410904 ], [ 114.3614048, 22.3411251 ], [ 114.3614745, 22.3411772 ], [ 114.3614531, 22.3412591 ], [ 114.3612224, 22.3415295 ], [ 114.3609971, 22.3417056 ], [ 114.3609783, 22.3417577 ], [ 114.3610454, 22.3418743 ], [ 114.361268, 22.3421026 ], [ 114.3612921, 22.3422861 ], [ 114.361214300000015, 22.3425317 ], [ 114.3611419, 22.3425888 ], [ 114.3609408, 22.3426632 ], [ 114.3606028, 22.3426161 ], [ 114.3605089, 22.3426756 ], [ 114.360415, 22.3427922 ], [ 114.3603373, 22.3429386 ], [ 114.3603668, 22.3433157 ], [ 114.3602997, 22.3435861 ], [ 114.3601093, 22.34405 ], [ 114.3599457, 22.3443279 ], [ 114.3595219, 22.3446975 ], [ 114.359428, 22.3450374 ], [ 114.3592188, 22.3452706 ], [ 114.359149, 22.3453946 ], [ 114.3591061, 22.3456328 ], [ 114.3591517, 22.3459131 ], [ 114.359269700000013, 22.3461959 ], [ 114.3595299, 22.3465283 ], [ 114.359698900000012, 22.3466499 ], [ 114.359790100000012, 22.3468608 ], [ 114.3599939, 22.3470022 ], [ 114.3600476, 22.3470741 ], [ 114.3600529, 22.3472751 ], [ 114.36001, 22.3473916 ], [ 114.3597069, 22.3475802 ], [ 114.3597203, 22.3477216 ], [ 114.3599403, 22.3478357 ], [ 114.360061, 22.3478407 ], [ 114.3601388, 22.3478779 ], [ 114.3601629, 22.3479573 ], [ 114.3601575, 22.348126 ], [ 114.3600365, 22.3484791 ], [ 114.359749900000011, 22.3489297 ], [ 114.3595326, 22.349148 ], [ 114.3594253, 22.3493514 ], [ 114.35939310000002, 22.349798 ], [ 114.3593851, 22.3509614 ], [ 114.3594012, 22.3511524 ], [ 114.3594629, 22.3513286 ], [ 114.3600824, 22.351618799999986 ], [ 114.361107, 22.3519835 ], [ 114.361445, 22.3520182 ], [ 114.3616408, 22.3519959 ], [ 114.3617615, 22.3519388 ], [ 114.362652, 22.3511698 ], [ 114.3630812, 22.3508423 ], [ 114.3633977, 22.3506489 ], [ 114.3636122, 22.350443 ], [ 114.364033300000017, 22.3498352 ], [ 114.3642255, 22.3493194 ], [ 114.364293, 22.3492075 ], [ 114.3643707, 22.3491458 ], [ 114.3644582, 22.3491819 ], [ 114.3645755, 22.3490795 ], [ 114.3648082, 22.3490069 ], [ 114.3648984, 22.3490116 ], [ 114.36501, 22.349073 ], [ 114.3653423, 22.3490941 ], [ 114.36552260000002, 22.3491474 ], [ 114.3655347, 22.349202 ], [ 114.3653677, 22.3496417 ], [ 114.3653691, 22.3497608 ], [ 114.3655488, 22.3499667 ], [ 114.3658036, 22.3501775 ], [ 114.36621, 22.3503561 ], [ 114.3662556, 22.3503536 ], [ 114.366498300000018, 22.3501639 ], [ 114.3667652, 22.3498352 ], [ 114.3669261, 22.349798 ], [ 114.3671527, 22.3496677 ], [ 114.367653, 22.3495052 ], [ 114.3676838, 22.3495797 ], [ 114.3675551, 22.3497595 ], [ 114.3674813, 22.349788 ], [ 114.3671595, 22.3497818 ], [ 114.3671152, 22.3498066 ], [ 114.367028, 22.3499617 ], [ 114.3668859, 22.3499555 ], [ 114.366840300000021, 22.3499815 ], [ 114.366931500000021, 22.350077 ], [ 114.367261400000018, 22.3502073 ], [ 114.367560400000016, 22.350593 ], [ 114.3676449, 22.350758 ], [ 114.3675363, 22.3507903 ], [ 114.3674786, 22.3507667 ], [ 114.3671823, 22.350505 ], [ 114.3671273, 22.3504851 ], [ 114.3670884, 22.3505161 ], [ 114.3670538, 22.3506097 ], [ 114.3672681, 22.3508126 ], [ 114.3673311, 22.3509453 ], [ 114.3673338, 22.3510495 ], [ 114.367301600000019, 22.3510904 ], [ 114.3672493, 22.3511003 ], [ 114.3670481, 22.3510334 ], [ 114.3668805, 22.3509403 ], [ 114.3665493, 22.3507096 ], [ 114.366486200000011, 22.350758 ], [ 114.3664674, 22.3508423 ], [ 114.3665493, 22.3509751 ], [ 114.366902, 22.3511202 ], [ 114.3671152, 22.351305 ], [ 114.3671273, 22.3513434 ], [ 114.3669462, 22.3514452 ], [ 114.366649800000019, 22.3515531 ], [ 114.366733, 22.3517255 ], [ 114.3667115, 22.3517987 ], [ 114.3664674, 22.351945 ], [ 114.3660973, 22.3521063 ], [ 114.3649305, 22.3525528 ], [ 114.3639596, 22.3526843 ], [ 114.3638469, 22.3530216 ], [ 114.3638402, 22.3532027 ], [ 114.3638858, 22.3533627 ], [ 114.3639502, 22.3534669 ], [ 114.3640561, 22.353555 ], [ 114.3643928, 22.3534992 ], [ 114.3645792, 22.3535512 ], [ 114.3646355, 22.3537336 ], [ 114.3647495, 22.353808 ], [ 114.3648581, 22.3537509 ], [ 114.3649761, 22.3536133 ], [ 114.365133, 22.3535699 ], [ 114.365176, 22.3535823 ], [ 114.3651961, 22.3536567 ], [ 114.3650365, 22.3538254 ], [ 114.3650231, 22.3539122 ], [ 114.3651102, 22.3542954 ], [ 114.36503110000001, 22.3543785 ], [ 114.36483, 22.3544641 ], [ 114.3647934, 22.3546499 ], [ 114.3649547, 22.3548325 ], [ 114.3652564, 22.3550024 ], [ 114.3657526, 22.3549875 ], [ 114.3658331, 22.3549193 ], [ 114.3660235, 22.3546068 ], [ 114.3661925, 22.3544492 ], [ 114.3663964, 22.3543041 ], [ 114.3668711, 22.3538812 ], [ 114.367193, 22.3537286 ], [ 114.3673378, 22.3536964 ], [ 114.3673982, 22.3537199 ], [ 114.3672131, 22.3540387 ], [ 114.3672802, 22.3541268 ], [ 114.3674263, 22.3542012 ], [ 114.3676972, 22.3539519 ], [ 114.3678246, 22.3538998 ], [ 114.367889, 22.3539072 ], [ 114.3679413, 22.3540895 ], [ 114.3680017, 22.3541082 ], [ 114.3680365, 22.3539122 ], [ 114.3680982, 22.353906 ], [ 114.36818, 22.3540126 ], [ 114.3682136, 22.3539916 ], [ 114.3682558, 22.3538409 ], [ 114.3683095, 22.3537962 ], [ 114.368402700000019, 22.3538117 ], [ 114.3684892, 22.3538824 ], [ 114.3687627, 22.3539227 ], [ 114.3690511, 22.3538985 ], [ 114.3691725, 22.3538471 ], [ 114.3692469, 22.3537509 ], [ 114.3692818, 22.3535345 ], [ 114.3694548, 22.3533205 ], [ 114.3696405, 22.3529894 ], [ 114.3699422, 22.3526929 ], [ 114.3703875, 22.352399 ], [ 114.3708153, 22.3517701 ], [ 114.3709011, 22.3517441 ], [ 114.3711144, 22.351816 ], [ 114.371215, 22.3519388 ], [ 114.3713652, 22.3526532 ], [ 114.3713343, 22.3527649 ], [ 114.3708663, 22.3530315 ], [ 114.3708649, 22.3530774 ], [ 114.3708971, 22.3531134 ], [ 114.3712029, 22.3531692 ], [ 114.3712123, 22.3532064 ], [ 114.3710098, 22.3533974 ], [ 114.3710648, 22.3535016 ], [ 114.3713638, 22.3537993 ], [ 114.3716951, 22.3540176 ], [ 114.3717594, 22.3540424 ], [ 114.371917700000012, 22.353999 ], [ 114.3727197, 22.3536157 ], [ 114.3728927, 22.3536133 ], [ 114.3733621, 22.3535054 ], [ 114.3737255, 22.3533193 ], [ 114.3738502, 22.3533317 ], [ 114.3739548, 22.3534371 ], [ 114.373928, 22.3536666 ], [ 114.3738891, 22.3537137 ], [ 114.3736839, 22.3537609 ], [ 114.373603500000016, 22.3538117 ], [ 114.3735874, 22.3538725 ], [ 114.3736531, 22.3539395 ], [ 114.3738797, 22.3539593 ], [ 114.373977600000018, 22.3539419 ], [ 114.3741024, 22.3538576 ], [ 114.3741399, 22.3538638 ], [ 114.3741359, 22.353999 ], [ 114.3739307, 22.3544257 ], [ 114.3739615, 22.3544914 ], [ 114.374064800000014, 22.3544579 ], [ 114.3740836, 22.3545026 ], [ 114.374064800000014, 22.354541 ], [ 114.373826100000016, 22.3547035 ], [ 114.3736893, 22.3549863 ], [ 114.3735498, 22.3551364 ], [ 114.3733513, 22.3552455 ], [ 114.3730415, 22.3553299 ], [ 114.3730254, 22.3554527 ], [ 114.373134100000016, 22.3556623 ], [ 114.3733272, 22.355821 ], [ 114.373401, 22.3558446 ], [ 114.3735485, 22.3557503 ], [ 114.3736652, 22.3558471 ], [ 114.3739347, 22.3558533 ], [ 114.3741117, 22.3559091 ], [ 114.3742432, 22.355893 ], [ 114.3742901, 22.3558582 ], [ 114.3743303, 22.3557367 ], [ 114.3743826, 22.3557032 ], [ 114.374443, 22.3556908 ], [ 114.3747139, 22.3557429 ], [ 114.3747997, 22.3557813 ], [ 114.3748252, 22.3558247 ], [ 114.3746965, 22.3559947 ], [ 114.3746965, 22.3560579 ], [ 114.3747407, 22.3561162 ], [ 114.374793, 22.3561323 ], [ 114.3749432, 22.3560889 ], [ 114.375253, 22.3558967 ], [ 114.3753429, 22.3559389 ], [ 114.3753912, 22.3560282 ], [ 114.3755454, 22.3561633 ], [ 114.375544, 22.3561931 ], [ 114.375515900000011, 22.3562142 ], [ 114.3753603, 22.356172 ], [ 114.3752463, 22.3561782 ], [ 114.375230200000018, 22.3562278 ], [ 114.3753442, 22.35627 ], [ 114.3753442, 22.3562923 ], [ 114.3752436, 22.3563333 ], [ 114.3751833, 22.3565268 ], [ 114.3751203, 22.3565726 ], [ 114.374726, 22.3566309 ], [ 114.374675, 22.3567165 ], [ 114.3746898, 22.357204 ], [ 114.3747461, 22.3573528 ], [ 114.3748762, 22.3575413 ], [ 114.3751296, 22.3577894 ], [ 114.375186, 22.3577956 ], [ 114.3752517, 22.3577348 ], [ 114.3752919, 22.3577398 ], [ 114.3752222, 22.3578452 ], [ 114.3752423, 22.3579196 ], [ 114.375312, 22.3579357 ], [ 114.375371, 22.3579035 ], [ 114.3756701, 22.3575909 ], [ 114.375810900000019, 22.3574743 ], [ 114.3758672, 22.3574607 ], [ 114.375949100000014, 22.3575029 ], [ 114.375969200000014, 22.3575723 ], [ 114.3758699, 22.3577646 ], [ 114.3758847, 22.3577931 ], [ 114.3759786, 22.3577919 ], [ 114.3762937, 22.3574657 ], [ 114.3764868, 22.3573342 ], [ 114.3765753, 22.3573106 ], [ 114.3767698, 22.3573342 ], [ 114.3768409, 22.3573689 ], [ 114.3768811, 22.3574433 ], [ 114.3769133, 22.3576889 ], [ 114.3770072, 22.3578427 ], [ 114.3772888, 22.3578849 ], [ 114.3774176, 22.3578675 ], [ 114.3775436, 22.3578253 ], [ 114.3777126, 22.3576492 ], [ 114.3777703, 22.3576529 ], [ 114.3777797, 22.3576889 ], [ 114.3776228, 22.3578526 ], [ 114.3775865, 22.3579593 ], [ 114.3776013, 22.3580573 ], [ 114.3777086, 22.3582619 ], [ 114.3777139, 22.3583798 ], [ 114.3771158, 22.3589937 ], [ 114.3767336, 22.3591835 ], [ 114.3766209, 22.3592107 ], [ 114.3764077, 22.359114 ], [ 114.3762709, 22.3591301 ], [ 114.3762334, 22.3593385 ], [ 114.3761891, 22.3594141 ], [ 114.3760322, 22.3595233 ], [ 114.3757533, 22.3596585 ], [ 114.3755293, 22.3596647 ], [ 114.3751524, 22.3595593 ], [ 114.374975400000011, 22.3594266 ], [ 114.3749285, 22.3594352 ], [ 114.374911, 22.3595134 ], [ 114.3750344, 22.3596238 ], [ 114.3750358, 22.3596585 ], [ 114.3749727, 22.3597131 ], [ 114.3749244, 22.3597093 ], [ 114.3745489, 22.3594154 ], [ 114.374434900000011, 22.3594179 ], [ 114.3742847, 22.3594898 ], [ 114.3742445, 22.3595518 ], [ 114.374278, 22.359661 ], [ 114.3744564, 22.3598706 ] ] } },
{ "type": "Feature", "properties": { }, "geometry": { "type": "LineString", "coordinates": [ [ 114.3524749, 22.3527065 ], [ 114.352573600000014, 22.3522917 ], [ 114.3527007, 22.3521007 ], [ 114.352682900000019, 22.3519289 ], [ 114.3527198, 22.351754 ], [ 114.3530215, 22.3512318 ], [ 114.3530229, 22.3510855 ], [ 114.352903500000011, 22.3508535 ], [ 114.3529317, 22.3507382 ], [ 114.3531305, 22.3504343 ], [ 114.3533595, 22.350273 ], [ 114.3534145, 22.3502767 ], [ 114.3534131, 22.3503412 ], [ 114.3534606, 22.3503507 ], [ 114.3536063, 22.3502457 ], [ 114.3536317, 22.3495139 ], [ 114.3539764, 22.348926 ], [ 114.3544994, 22.3484125 ], [ 114.3547998, 22.3482971 ], [ 114.3549058, 22.3482202 ], [ 114.3550774, 22.3479759 ], [ 114.3549983, 22.3477861 ], [ 114.3549259, 22.3477241 ], [ 114.3545839, 22.3478258 ], [ 114.354313, 22.3478729 ], [ 114.3534594, 22.3481495 ], [ 114.35321, 22.3481929 ], [ 114.353045, 22.3481718 ], [ 114.3529075, 22.3481092 ], [ 114.352874, 22.3481353 ], [ 114.3527952, 22.348063 ], [ 114.3527262, 22.3479166 ], [ 114.3524321, 22.3478329 ], [ 114.3520224, 22.3478357 ], [ 114.3519044, 22.3479641 ], [ 114.3518682, 22.3480503 ], [ 114.3518186, 22.3480763 ], [ 114.3517347, 22.3480621 ], [ 114.3516355, 22.3479814 ], [ 114.3512131, 22.3480326 ], [ 114.3510903, 22.3479619 ], [ 114.3510679, 22.3478245 ], [ 114.3512028, 22.3477194 ], [ 114.3512155, 22.3476104 ], [ 114.351258, 22.3475479 ], [ 114.351371, 22.3474965 ], [ 114.3513517, 22.3474458 ], [ 114.3513768, 22.3473667 ], [ 114.3513177, 22.347312 ], [ 114.351311, 22.3472595 ], [ 114.3513901, 22.3471448 ], [ 114.3515581, 22.3470958 ], [ 114.3517341, 22.3470988 ], [ 114.3517388, 22.3470327 ], [ 114.3518601, 22.3470108 ], [ 114.351949, 22.3469392 ], [ 114.3520144, 22.3469442 ], [ 114.3521213, 22.3470208 ], [ 114.3521277, 22.3471823 ], [ 114.3523107, 22.3471374 ], [ 114.352462700000018, 22.3470278 ] ] } },
{ "type": "Feature", "properties": { }, "geometry": { "type": "LineString", "coordinates": [ [ 114.3368134, 22.4353924 ], [ 114.3372526, 22.4356147 ], [ 114.3373616, 22.4354321 ], [ 114.3374447, 22.4354745 ], [ 114.337291, 22.4357319 ], [ 114.3368039, 22.4354812 ], [ 114.3367766, 22.4355875 ], [ 114.3366668, 22.4357701 ], [ 114.3363613, 22.4361388 ], [ 114.3361154, 22.4363428 ], [ 114.3359026, 22.4365936 ], [ 114.3355208, 22.436956 ], [ 114.3351815, 22.4371238 ], [ 114.335025400000021, 22.4372568 ], [ 114.3349003, 22.4373223 ], [ 114.3346988, 22.4373639 ], [ 114.3344708, 22.4374729 ], [ 114.3344066, 22.4375673 ], [ 114.3343698, 22.4377471 ], [ 114.3341714, 22.437948 ], [ 114.3341334, 22.438053 ], [ 114.3341126, 22.4383542 ], [ 114.3340368, 22.4385832 ], [ 114.3341006, 22.4389712 ], [ 114.3339718, 22.4391494 ], [ 114.3337754, 22.439253 ], [ 114.3336966, 22.439211 ], [ 114.3335639, 22.438802 ], [ 114.333268, 22.4385198 ], [ 114.333203, 22.4384972 ], [ 114.3328629, 22.4385053 ], [ 114.3327371, 22.4384888 ], [ 114.3326306, 22.4384385 ], [ 114.3325776, 22.4385165 ], [ 114.332881, 22.4386242 ], [ 114.3331294, 22.438666 ], [ 114.3332871, 22.4387544 ], [ 114.3332563, 22.4388353 ], [ 114.3331779, 22.438796 ], [ 114.333156, 22.438828 ], [ 114.3331979, 22.4389943 ], [ 114.3331743, 22.4390572 ], [ 114.3329661, 22.4393223 ], [ 114.333001, 22.4393773 ], [ 114.3332382, 22.4393433 ], [ 114.333253, 22.4393868 ], [ 114.3332226, 22.4394408 ], [ 114.3331581, 22.4394826 ], [ 114.3330222, 22.4394829 ], [ 114.3326711, 22.4393972 ], [ 114.3326705, 22.4395006 ], [ 114.3327746, 22.4395344 ], [ 114.3327629, 22.4395756 ], [ 114.332944600000019, 22.4397883 ], [ 114.332924, 22.4398223 ], [ 114.3330422, 22.4398829 ], [ 114.3329144, 22.439837 ], [ 114.3328223, 22.4399363 ], [ 114.3328211, 22.4399806 ], [ 114.3328779, 22.4400136 ], [ 114.3329005, 22.4400764 ], [ 114.3329957, 22.4401331 ], [ 114.3331102, 22.4400428 ], [ 114.3332216, 22.4400226 ], [ 114.3335687, 22.4401136 ], [ 114.3337555, 22.4402913 ], [ 114.3338274, 22.4404072 ], [ 114.3338427, 22.4406259 ], [ 114.3340051, 22.4409262 ], [ 114.3341041, 22.4410448 ], [ 114.334223300000019, 22.4410638 ], [ 114.3345567, 22.4413715 ], [ 114.3346067, 22.4412526 ], [ 114.3346492, 22.4412095 ], [ 114.3346891, 22.4412151 ], [ 114.3347654, 22.4413206 ], [ 114.3347726, 22.4414087 ], [ 114.3348237, 22.4413189 ], [ 114.3349984, 22.4411731 ], [ 114.3349686, 22.4409367 ], [ 114.3351682, 22.4408209 ], [ 114.3354935, 22.4410207 ], [ 114.3355557, 22.4411222 ] ] } },
{ "type": "Feature", "properties": { }, "geometry": { "type": "LineString", "coordinates": [ [ 114.3026456, 22.4613797 ], [ 114.3026308, 22.4611201 ], [ 114.3027097, 22.4607896 ], [ 114.3026957, 22.46072 ], [ 114.3027539, 22.4606206 ], [ 114.3029007, 22.4605467 ], [ 114.3031574, 22.460353 ], [ 114.3031879, 22.4602112 ], [ 114.3031568, 22.4601121 ], [ 114.303058600000014, 22.4600325 ], [ 114.303123, 22.4598491 ], [ 114.3031767, 22.4598441 ], [ 114.3033054, 22.4600573 ], [ 114.3033912, 22.4600722 ], [ 114.3035253, 22.4598838 ], [ 114.30352, 22.4597549 ], [ 114.3038048, 22.4595015 ], [ 114.3038531, 22.459201 ], [ 114.3037814, 22.4591425 ], [ 114.3037536, 22.4589476 ], [ 114.3039754, 22.4587532 ], [ 114.3039625, 22.4586825 ] ] } },
{ "type": "Feature", "properties": { }, "geometry": { "type": "LineString", "coordinates": [ [ 114.3025958, 22.46234 ], [ 114.3026579, 22.4622485 ], [ 114.3028342, 22.4621456 ], [ 114.3029446, 22.4617325 ], [ 114.3029481, 22.4615786 ], [ 114.302708200000012, 22.4614909 ], [ 114.3026456, 22.4613797 ] ] } },
{ "type": "Feature", "properties": { }, "geometry": { "type": "LineString", "coordinates": [ [ 114.3034667, 22.4562628 ], [ 114.3034164, 22.455992500000011 ], [ 114.303279, 22.4556217 ], [ 114.30307310000002, 22.4553916 ], [ 114.3027445, 22.4553656 ], [ 114.3024409, 22.4552364 ], [ 114.3020222, 22.454813 ], [ 114.3017016, 22.4547075 ] ] } },
{ "type": "Feature", "properties": { }, "geometry": { "type": "LineString", "coordinates": [ [ 114.3039625, 22.4586825 ], [ 114.3037571, 22.4584889 ], [ 114.3037571, 22.4583253 ], [ 114.3034347, 22.4576217 ], [ 114.3033976, 22.4575975 ], [ 114.303539, 22.4574156 ], [ 114.3036162, 22.4572282 ], [ 114.3035664, 22.4571157 ], [ 114.3033244, 22.4568637 ], [ 114.3032394, 22.4567187 ], [ 114.3034618, 22.4564496 ], [ 114.3034667, 22.4562628 ] ] } },
{ "type": "Feature", "properties": { }, "geometry": { "type": "LineString", "coordinates": [ [ 114.3017016, 22.4547075 ], [ 114.3015029, 22.4545092 ], [ 114.3012874, 22.4544268 ], [ 114.3010777, 22.454387 ], [ 114.3009503, 22.4544086 ], [ 114.3010064, 22.4545084 ], [ 114.3009663, 22.4546069 ], [ 114.3008135, 22.4546325 ], [ 114.3006359, 22.454516699999989 ], [ 114.3004405, 22.4546318 ], [ 114.300472700000014, 22.4546802 ], [ 114.3005408, 22.4546932 ], [ 114.3005738, 22.4547693 ], [ 114.3003803, 22.454786 ], [ 114.3001616, 22.4545599 ], [ 114.3000623, 22.4545599 ] ] } },
{ "type": "Feature", "properties": { }, "geometry": { "type": "LineString", "coordinates": [ [ 114.3159226, 22.4767646 ], [ 114.3154123, 22.4762189 ], [ 114.3149979, 22.4758581 ], [ 114.3147087, 22.4754699 ], [ 114.3146787, 22.4750867 ], [ 114.3144096, 22.4750046 ], [ 114.3142896, 22.4747711 ], [ 114.3142198, 22.4740581 ], [ 114.3140161, 22.4735659 ], [ 114.313545, 22.473074799999988 ], [ 114.3133115, 22.4730386 ], [ 114.3131961, 22.4728299 ], [ 114.3131948, 22.4726239 ], [ 114.3125432, 22.4719664 ], [ 114.3122721, 22.4719728 ], [ 114.3121134, 22.4721157 ], [ 114.3120278, 22.4720704 ], [ 114.3120172, 22.4719121 ], [ 114.312103, 22.4717504 ], [ 114.312043, 22.4716562 ], [ 114.3116907, 22.4716155 ], [ 114.3113024, 22.4714722 ], [ 114.3109086, 22.4714587 ], [ 114.3099897, 22.4716218 ], [ 114.309284, 22.4713812 ], [ 114.3088896, 22.4711408 ], [ 114.3085035, 22.4709634 ], [ 114.3082918, 22.4708138 ], [ 114.3080833, 22.4705327 ], [ 114.3079021, 22.4701064 ], [ 114.3076392, 22.4693063 ], [ 114.3067299, 22.4687094 ], [ 114.3065617, 22.4685753 ], [ 114.306324900000021, 22.4682832 ], [ 114.3059427, 22.4680918 ], [ 114.3054451, 22.467688 ], [ 114.305308, 22.4672544 ], [ 114.3053171, 22.4670593 ], [ 114.3052264, 22.4666543 ], [ 114.3050523, 22.4660956 ], [ 114.3051938, 22.4657452 ], [ 114.3052503, 22.4655084 ], [ 114.3052039, 22.465237 ], [ 114.305067900000012, 22.4651552 ], [ 114.3049346, 22.4651876 ], [ 114.3047556, 22.4651392 ], [ 114.30466, 22.4650789 ], [ 114.304435, 22.4646553 ], [ 114.3044588, 22.4644741 ], [ 114.3045361, 22.4642637 ], [ 114.3046202, 22.4640893 ], [ 114.304784200000014, 22.4639116 ], [ 114.3047936, 22.4637661 ], [ 114.3044982, 22.463381 ], [ 114.3041593, 22.4630335 ], [ 114.3040387, 22.4629628 ], [ 114.3038857, 22.4627505 ], [ 114.3035568, 22.4625434 ], [ 114.303419100000013, 22.462549 ], [ 114.302888, 22.462787 ], [ 114.3025355, 22.4628917 ], [ 114.3023993, 22.4630466 ], [ 114.302365400000014, 22.4631374 ], [ 114.3022041, 22.4632102 ], [ 114.3019785, 22.4630536 ], [ 114.3020276, 22.4627326 ], [ 114.3021277, 22.4626057 ], [ 114.3023436, 22.4625293 ], [ 114.302418900000021, 22.4624253 ], [ 114.3025958, 22.46234 ] ] } },
{ "type": "Feature", "properties": { }, "geometry": { "type": "LineString", "coordinates": [ [ 114.283906200000018, 22.4418906 ], [ 114.28347260000001, 22.4417903 ], [ 114.2832712, 22.4417159 ], [ 114.2830187, 22.4415 ], [ 114.28259, 22.4410208 ], [ 114.2823437, 22.4408759 ], [ 114.282122, 22.4408246 ], [ 114.2818497, 22.4405534 ], [ 114.2817379, 22.4405331 ], [ 114.2815457, 22.4405816 ], [ 114.2814896, 22.4405583 ], [ 114.2814729, 22.4404605 ], [ 114.2813915, 22.4404063 ], [ 114.2813797, 22.4402661 ], [ 114.2811966, 22.4396214 ], [ 114.2811443, 22.4392437 ], [ 114.2811464, 22.4390215 ], [ 114.2813315, 22.4386832 ], [ 114.2816129, 22.4384155 ], [ 114.2817784, 22.438198 ], [ 114.2817282, 22.4379669 ], [ 114.2819345, 22.4378724 ], [ 114.2819912, 22.4373416 ], [ 114.2819885, 22.4369071 ], [ 114.2822171, 22.4364555 ], [ 114.28228270000001, 22.4360082 ], [ 114.282347, 22.4359074 ], [ 114.282904, 22.4357133 ], [ 114.2833317, 22.4353722 ], [ 114.2834159, 22.4352224 ], [ 114.2834318, 22.4350465 ], [ 114.2832473, 22.4338167 ], [ 114.2832193, 22.4330179 ], [ 114.2832987, 22.4328294 ], [ 114.2834403, 22.432715 ], [ 114.2838362, 22.4320055 ], [ 114.2840473, 22.4317306 ], [ 114.2844526, 22.4314312 ], [ 114.284639200000015, 22.4313604 ], [ 114.2849135, 22.4310608 ], [ 114.2849882, 22.4309381 ], [ 114.2849343, 22.4308161 ], [ 114.2849511, 22.4307075 ], [ 114.2851287, 22.4306168 ], [ 114.2854757, 22.4299297 ], [ 114.2854823, 22.4298593 ], [ 114.2855561, 22.4298105 ], [ 114.2855882, 22.4297477 ] ] } },
{ "type": "Feature", "properties": { }, "geometry": { "type": "LineString", "coordinates": [ [ 114.2837819, 22.4436076 ], [ 114.2837176, 22.4435722 ], [ 114.2837767, 22.4432761 ], [ 114.2839093, 22.4419544 ], [ 114.2839875, 22.4419471 ], [ 114.2839953, 22.4419216 ], [ 114.283906200000018, 22.4418906 ] ] } },
{ "type": "Feature", "properties": { }, "geometry": { "type": "LineString", "coordinates": [ [ 114.2855882, 22.4297477 ], [ 114.2857175, 22.4294951 ], [ 114.285808, 22.4294371 ], [ 114.2860424, 22.4294241 ], [ 114.286163800000011, 22.4294726 ], [ 114.2863662, 22.4294864 ], [ 114.2865797, 22.4295939 ], [ 114.2866628, 22.4295714 ], [ 114.2868187, 22.4294174 ], [ 114.2872936, 22.429307 ], [ 114.2874106, 22.4292339 ], [ 114.2875559, 22.4290524 ], [ 114.2879342, 22.4290782 ], [ 114.2884183, 22.4292144 ], [ 114.2885694, 22.4291195 ], [ 114.2887079, 22.4289071 ], [ 114.289052, 22.4288711 ], [ 114.2892943, 22.4287654 ], [ 114.2894331, 22.4287711 ], [ 114.2896229, 22.4285789 ], [ 114.2897893, 22.4285009 ], [ 114.289824, 22.428455 ], [ 114.2898174, 22.4283986 ], [ 114.2895621, 22.4285701 ], [ 114.2894787, 22.4286035 ], [ 114.2894002, 22.4285695 ], [ 114.2893446, 22.4283678 ], [ 114.2892022, 22.4281332 ], [ 114.2889141, 22.4279584 ], [ 114.2886905, 22.4279399 ], [ 114.2885919, 22.4279856 ], [ 114.2883862, 22.4277573 ], [ 114.2884752, 22.4273083 ], [ 114.2884593, 22.4270007 ], [ 114.288281, 22.4268612 ], [ 114.2882216, 22.4266541 ], [ 114.2882627, 22.4264893 ], [ 114.2881987, 22.4264639 ], [ 114.288107200000013, 22.4267513 ], [ 114.288089, 22.4271022 ], [ 114.2878541, 22.4270211 ], [ 114.287694500000015, 22.4270343 ], [ 114.2875727, 22.4269689 ], [ 114.2876375, 22.426835 ], [ 114.2877961, 22.426635 ], [ 114.2877689, 22.4265358 ], [ 114.2875448, 22.4264385 ], [ 114.287337, 22.4262217 ], [ 114.2872851, 22.4259957 ], [ 114.2872916, 22.4259012 ], [ 114.2873046, 22.4258126 ], [ 114.2874652, 22.4255251 ], [ 114.2875321, 22.425503 ], [ 114.287693300000015, 22.4255234 ] ] } },
{ "type": "Feature", "properties": { }, "geometry": { "type": "LineString", "coordinates": [ [ 114.2867651, 22.4252328 ], [ 114.2864651, 22.4251837 ], [ 114.2861538, 22.4250185 ], [ 114.285551400000017, 22.4251138 ], [ 114.284918500000018, 22.424674 ], [ 114.2843963, 22.4242321 ], [ 114.2840768, 22.423617299999989 ], [ 114.2837977, 22.4235476 ], [ 114.2831138, 22.4230988 ], [ 114.2831755, 22.422898 ], [ 114.2829808, 22.4226389 ], [ 114.2825058, 22.4223778 ], [ 114.2820087, 22.4220278 ], [ 114.28153810000002, 22.4218138 ], [ 114.280927, 22.4216235 ], [ 114.2799356, 22.4210078 ], [ 114.279313800000011, 22.4207434 ], [ 114.2788339, 22.4203083 ], [ 114.2784607, 22.4197858 ], [ 114.2781317, 22.419631 ], [ 114.2769653, 22.4193099 ], [ 114.2763725, 22.4190813 ], [ 114.2762656, 22.4191131 ], [ 114.2761849, 22.4191837 ], [ 114.2759779, 22.4190866 ], [ 114.275971, 22.4189113 ], [ 114.2760518, 22.4189275 ], [ 114.27603430000002, 22.4188125 ], [ 114.275933800000018, 22.4188273 ], [ 114.2758794, 22.4187015 ], [ 114.2758052, 22.4186935 ], [ 114.275738100000012, 22.418584 ], [ 114.2757308, 22.4184206 ], [ 114.2758837, 22.4183646 ], [ 114.2757637, 22.4177251 ], [ 114.2758161, 22.4175415 ], [ 114.2757004, 22.4168838 ], [ 114.2757563, 22.4165746 ], [ 114.2754883, 22.4163497 ], [ 114.2750275, 22.4151568 ] ] } },
{ "type": "Feature", "properties": { }, "geometry": { "type": "LineString", "coordinates": [ [ 114.247811200000015, 22.4347374 ], [ 114.248033, 22.4349276 ], [ 114.2480821, 22.4352289 ], [ 114.2480628, 22.4353164 ], [ 114.2477938, 22.4356806 ], [ 114.2477718, 22.4357847 ], [ 114.2479243, 22.436031 ], [ 114.2479309, 22.4361714 ], [ 114.2477999, 22.4363405 ], [ 114.2475812, 22.4364046 ], [ 114.2471688, 22.4363146 ], [ 114.2469865, 22.4361882 ], [ 114.2467947, 22.4361827 ], [ 114.2464561, 22.4360768 ], [ 114.246211, 22.4358432 ], [ 114.2459907, 22.4356843 ], [ 114.245827, 22.4356584 ], [ 114.2457103, 22.4357118 ], [ 114.2456226, 22.435715 ], [ 114.2454035, 22.4356097 ], [ 114.2451981, 22.4355829 ], [ 114.2448758, 22.4356421 ], [ 114.2446224, 22.4357698 ], [ 114.2440122, 22.4362875 ], [ 114.243675, 22.4366159 ], [ 114.243673, 22.4366778 ], [ 114.2435804, 22.4367683 ], [ 114.2434629, 22.4367674 ], [ 114.2433691, 22.4369014 ], [ 114.243282300000018, 22.436906 ], [ 114.243198300000017, 22.4368678 ], [ 114.2431098, 22.436895 ], [ 114.242836200000013, 22.4371355 ], [ 114.2423236, 22.4373284 ], [ 114.2417866, 22.4374391 ], [ 114.2411471, 22.4374138 ], [ 114.2407505, 22.4373447 ], [ 114.2404914, 22.4371467 ], [ 114.2402689, 22.437137 ], [ 114.2400882, 22.4369857 ], [ 114.2399456, 22.4369397 ], [ 114.2396845, 22.4370473 ], [ 114.2395689, 22.4370538 ], [ 114.2385532, 22.437009 ], [ 114.2383038, 22.4369886 ], [ 114.2380513, 22.4369216 ], [ 114.2377571, 22.4367764 ], [ 114.2374825, 22.4364606 ], [ 114.2371014, 22.4362799 ], [ 114.2369734, 22.4360645 ], [ 114.2369392, 22.4358892 ], [ 114.2368746, 22.435804 ], [ 114.2369184, 22.4356917 ], [ 114.2369857, 22.4356661 ], [ 114.2369986, 22.4355613 ], [ 114.2368886, 22.4354706 ], [ 114.2369329, 22.4354207 ], [ 114.2371342, 22.4354018 ], [ 114.23743570000002, 22.4350082 ], [ 114.2377957, 22.4347415 ], [ 114.238393, 22.4344874 ], [ 114.2386855, 22.4344324 ], [ 114.2388993, 22.4338438 ], [ 114.239035, 22.4332568 ], [ 114.2390624, 22.432928 ], [ 114.2389382, 22.432117399999989 ], [ 114.2387746, 22.4316409 ], [ 114.2383609, 22.4311528 ], [ 114.2380429, 22.4310074 ], [ 114.2372845, 22.4308411 ], [ 114.2370828, 22.4305974 ], [ 114.236618, 22.430157 ], [ 114.2362183, 22.4300084 ], [ 114.2353655, 22.4293993 ], [ 114.2353952, 22.4291189 ], [ 114.2352769, 22.4288338 ], [ 114.2341357, 22.4278728 ], [ 114.2335468, 22.4275858 ], [ 114.233516, 22.4274383 ], [ 114.2335548, 22.4274028 ], [ 114.2337847, 22.4273292 ], [ 114.2338093, 22.4272786 ], [ 114.2337992, 22.4271779 ], [ 114.2337584, 22.427149 ] ] } },
{ "type": "Feature", "properties": { }, "geometry": { "type": "LineString", "coordinates": [ [ 114.3429338, 22.4370277 ], [ 114.3428352, 22.4364628 ], [ 114.3423703, 22.4359767 ], [ 114.3420588, 22.4353742 ], [ 114.3421642, 22.4345019 ], [ 114.3418649, 22.4341225 ], [ 114.3420815, 22.4338966 ], [ 114.3421513, 22.433542 ], [ 114.3424315, 22.4331654 ], [ 114.3422342, 22.4327246 ], [ 114.3419075, 22.4324826 ], [ 114.3421186, 22.4323093 ], [ 114.3420758, 22.4320986 ], [ 114.342128, 22.4318992 ], [ 114.3420117, 22.4317323 ], [ 114.3419179, 22.4314458 ], [ 114.3416089, 22.4311819 ], [ 114.3412417, 22.4310129 ], [ 114.340973, 22.4310576 ], [ 114.3406781, 22.43122 ], [ 114.3403667, 22.4312759 ], [ 114.339982, 22.4310899 ], [ 114.3396299, 22.4311501 ], [ 114.3394985, 22.4314708 ], [ 114.3393861, 22.4315933 ], [ 114.3388826, 22.431789 ], [ 114.3383671, 22.4318467 ], [ 114.338174, 22.4317914 ], [ 114.3379737, 22.4315806 ], [ 114.3380245, 22.4309076 ], [ 114.3384494, 22.4298945 ], [ 114.3384913, 22.4294265 ], [ 114.3386237, 22.4292041 ], [ 114.3388554, 22.4291152 ], [ 114.3390228, 22.429112 ], [ 114.3395167, 22.4289805 ], [ 114.33972230000002, 22.428681 ], [ 114.3407064, 22.4286874 ], [ 114.3408766, 22.428751 ], [ 114.3409624, 22.4287527 ], [ 114.3413041, 22.4286681 ], [ 114.3414303, 22.4286812 ], [ 114.341587700000019, 22.4285003 ], [ 114.3415568, 22.4284308 ], [ 114.3413889, 22.4284362 ], [ 114.341323, 22.4284026 ], [ 114.3412792, 22.428358 ], [ 114.3412663, 22.4282419 ], [ 114.3412142, 22.4282967 ], [ 114.3410636, 22.4283106 ], [ 114.3407259, 22.4281409 ], [ 114.3402089, 22.4280772 ], [ 114.3401253, 22.4280159 ], [ 114.3400931, 22.4278681 ], [ 114.3400137, 22.4277067 ], [ 114.339919600000016, 22.4276684 ], [ 114.3398009, 22.4277017 ] ] } },
{ "type": "Feature", "properties": { }, "geometry": { "type": "LineString", "coordinates": [ [ 114.3448162, 22.4386901 ], [ 114.344451, 22.4383048 ], [ 114.3442, 22.4383 ], [ 114.343768, 22.4380084 ], [ 114.3433801, 22.4375099 ], [ 114.3429338, 22.4370277 ] ] } },
{ "type": "Feature", "properties": { }, "geometry": { "type": "LineString", "coordinates": [ [ 114.3174376, 22.3904402 ], [ 114.3174523, 22.3903881 ], [ 114.3175267, 22.3903752 ], [ 114.3176033, 22.3904565 ], [ 114.3176943, 22.3905011 ], [ 114.3177435, 22.3904807 ], [ 114.3178482, 22.3903419 ], [ 114.317869, 22.3902411 ], [ 114.3178404, 22.3901411 ], [ 114.3177375, 22.3901446 ], [ 114.3176659, 22.3901151 ], [ 114.3175624, 22.3898742 ], [ 114.3176322, 22.389571 ], [ 114.317687, 22.3894744 ], [ 114.3176922, 22.3893687 ], [ 114.317767, 22.3892315 ], [ 114.3177233, 22.3889545 ], [ 114.31773920000002, 22.3888427 ], [ 114.31778820000001, 22.3887108 ], [ 114.3178916, 22.3885984 ], [ 114.3185508, 22.3885172 ], [ 114.3186588, 22.3884858 ], [ 114.3188016, 22.3883288 ], [ 114.3188932, 22.3883588 ], [ 114.319216400000016, 22.3882594 ], [ 114.3193271, 22.3882618 ], [ 114.31946, 22.3883217 ], [ 114.3196457, 22.3886017 ], [ 114.3197186, 22.3886112 ], [ 114.3197316, 22.3885766 ], [ 114.3197866, 22.388557 ], [ 114.3199793, 22.3885798 ], [ 114.3198946, 22.3880778 ], [ 114.320056, 22.3876603 ], [ 114.3200556, 22.3875609 ], [ 114.3199587, 22.3873973 ], [ 114.3198841, 22.3873669 ] ] } },
{ "type": "Feature", "properties": { }, "geometry": { "type": "Polygon", "coordinates": [ [ [ 113.8454148, 22.1983572 ], [ 113.8455382, 22.1984889 ], [ 113.8454282, 22.1986279 ], [ 113.8453236, 22.1985634 ], [ 113.8453263, 22.1984417 ], [ 113.8454148, 22.1983572 ] ] ] } },
{ "type": "Feature", "properties": { }, "geometry": { "type": "LineString", "coordinates": [ [ 114.133528, 22.1807851 ], [ 114.133570600000013, 22.1807503 ], [ 114.1336135, 22.1807727 ], [ 114.133584, 22.1808488 ], [ 114.1335317, 22.180854 ], [ 114.133528, 22.1807851 ] ] } },
{ "type": "Feature", "properties": { }, "geometry": { "type": "Polygon", "coordinates": [ [ [ 114.1403398, 22.1967467 ], [ 114.1404283, 22.1965804 ], [ 114.140608, 22.1966139 ], [ 114.1407327, 22.196554299999988 ], [ 114.1408347, 22.1965816 ], [ 114.1408736, 22.1964549 ], [ 114.1409218, 22.196491 ], [ 114.1409795, 22.1967852 ], [ 114.1407797, 22.1968709 ], [ 114.1406952, 22.1969392 ], [ 114.1406053, 22.1969417 ], [ 114.1406643, 22.1968523 ], [ 114.1405597, 22.1968672 ], [ 114.1403398, 22.1967467 ] ] ] } },
{ "type": "Feature", "properties": { }, "geometry": { "type": "Polygon", "coordinates": [ [ [ 114.1438495, 22.1968635 ], [ 114.1439822, 22.1968722 ], [ 114.1439836, 22.1969802 ], [ 114.1438347, 22.1970125 ], [ 114.1437703, 22.1970634 ], [ 114.1437033, 22.1969852 ], [ 114.1438293, 22.1969566 ], [ 114.1438495, 22.1968635 ] ] ] } },
{ "type": "Feature", "properties": { }, "geometry": { "type": "Polygon", "coordinates": [ [ [ 114.1439474, 22.19813 ], [ 114.144056, 22.1981238 ], [ 114.144111, 22.1982269 ], [ 114.14411370000002, 22.1983138 ], [ 114.144034500000018, 22.1983175 ], [ 114.1439863, 22.1982877 ], [ 114.1439246, 22.1981685 ], [ 114.1439474, 22.19813 ] ] ] } },
{ "type": "Feature", "properties": { }, "geometry": { "type": "Polygon", "coordinates": [ [ [ 114.1378266, 22.1882072 ], [ 114.1378976, 22.1882084 ], [ 114.1378883, 22.1882879 ], [ 114.1378373, 22.1882705 ], [ 114.1378266, 22.1882072 ] ] ] } },
{ "type": "Feature", "properties": { }, "geometry": { "type": "LineString", "coordinates": [ [ 114.2984632, 22.5013777 ], [ 114.2984158, 22.5013357 ], [ 114.2982285, 22.5012996 ], [ 114.298115800000019, 22.5011807 ], [ 114.2980343, 22.5010378 ], [ 114.29806840000002, 22.5008884 ], [ 114.2981641, 22.5008288 ], [ 114.2982253, 22.5006952 ], [ 114.2983237, 22.5006257 ], [ 114.2984699, 22.5005847 ], [ 114.2983921, 22.5005339 ], [ 114.2983707, 22.500472 ], [ 114.2982218, 22.5004249 ], [ 114.2981413, 22.500586 ], [ 114.2977747, 22.5008773 ], [ 114.2977184, 22.5009541 ], [ 114.2973715, 22.5008913 ], [ 114.2971793, 22.5010396 ], [ 114.2970934, 22.5010669 ], [ 114.29703, 22.5010472 ], [ 114.2969044, 22.5011585 ], [ 114.296862800000014, 22.5012007 ], [ 114.2968842, 22.5012478 ], [ 114.2968286, 22.5013569 ], [ 114.2969942, 22.5015476 ], [ 114.2970215, 22.5016453 ], [ 114.296958, 22.5017533 ], [ 114.2967448, 22.5018722 ], [ 114.2966728, 22.5019786 ], [ 114.2965159, 22.502018 ] ] } },
{ "type": "Feature", "properties": { }, "geometry": { "type": "LineString", "coordinates": [ [ 114.2743792, 22.5081947 ], [ 114.2741447, 22.5079363 ], [ 114.2739422, 22.5078919 ], [ 114.273906, 22.5082394 ], [ 114.2733951, 22.50828 ], [ 114.2731014, 22.5087167 ], [ 114.2729029, 22.508688 ], [ 114.272749500000018, 22.508585 ], [ 114.2727813, 22.5082548 ], [ 114.272752, 22.5081043 ], [ 114.2726195, 22.5079692 ], [ 114.2727076, 22.5077646 ], [ 114.272829900000019, 22.5076863 ], [ 114.272853200000014, 22.5076419 ], [ 114.2727867, 22.5076656 ], [ 114.272683, 22.5076137 ], [ 114.2723234, 22.5077555 ], [ 114.2720806, 22.5077591 ], [ 114.27177420000001, 22.5076602 ], [ 114.271659, 22.5075749 ], [ 114.2715104, 22.5075337 ], [ 114.2715428, 22.5073895 ], [ 114.2714594, 22.5072988 ], [ 114.2715284, 22.5072482 ], [ 114.2714292, 22.50727 ], [ 114.2713387, 22.5072143 ], [ 114.2711901, 22.5071897 ], [ 114.2711463, 22.5070938 ], [ 114.2710702, 22.5071073 ], [ 114.2710873, 22.5072341 ], [ 114.2710595, 22.5072669 ], [ 114.2715549, 22.5078995 ], [ 114.2715185, 22.508035 ], [ 114.2715718, 22.5081326 ], [ 114.2717355, 22.5081753 ], [ 114.2718936, 22.5083515 ], [ 114.272027, 22.5083814 ], [ 114.2719666, 22.5084496 ], [ 114.2719925, 22.5084724 ], [ 114.2721207, 22.5084275 ], [ 114.2723098, 22.5085214 ], [ 114.2722596, 22.5086773 ], [ 114.272159, 22.5086538 ], [ 114.2720839, 22.5088107 ], [ 114.2720429, 22.5091803 ], [ 114.2725689, 22.5094302 ], [ 114.2728435, 22.5094651 ], [ 114.2731076, 22.5094284 ], [ 114.2734718, 22.5092145 ], [ 114.2737833, 22.5089347 ], [ 114.2743472, 22.5086882 ], [ 114.2747828, 22.5088596 ], [ 114.274753, 22.5091983 ], [ 114.274478700000017, 22.5097094 ], [ 114.2737533, 22.5102358 ], [ 114.2736031, 22.510818 ], [ 114.2741399, 22.51083 ], [ 114.2745217, 22.5109764 ], [ 114.2747442, 22.5113822 ], [ 114.2750469, 22.511462 ], [ 114.2753525, 22.5114666 ], [ 114.2751523, 22.5117032 ], [ 114.2749868, 22.5117005 ], [ 114.2746801, 22.51161 ], [ 114.2744942, 22.5116859 ], [ 114.2742599, 22.5119899 ], [ 114.274221900000015, 22.5125506 ], [ 114.2746131, 22.5124655 ], [ 114.2746299, 22.5126387 ], [ 114.2747185, 22.5128196 ], [ 114.2747638, 22.5130833 ], [ 114.2749112, 22.5131487 ], [ 114.2750182, 22.5130826 ], [ 114.275092300000011, 22.5130768 ], [ 114.2752166, 22.5131545 ], [ 114.2752439, 22.5132132 ], [ 114.2752281, 22.5132755 ], [ 114.275095, 22.5132781 ], [ 114.2751537, 22.5134301 ], [ 114.2750194, 22.5134663 ], [ 114.2746888, 22.5134266 ], [ 114.2745612, 22.5133924 ], [ 114.2744664, 22.513301 ], [ 114.27430870000002, 22.5132484 ], [ 114.274185, 22.5133064 ], [ 114.2736749, 22.5134249 ], [ 114.2735106, 22.5134245 ], [ 114.2733513, 22.5133853 ], [ 114.273257, 22.513301 ], [ 114.2731527, 22.5132609 ], [ 114.2731552, 22.5131867 ], [ 114.2731017, 22.5131414 ], [ 114.2729419, 22.5131288 ], [ 114.2727795, 22.5130295 ], [ 114.2727099, 22.5129353 ], [ 114.2725529, 22.5128469 ], [ 114.2724342, 22.5128284 ], [ 114.2723001, 22.512746 ], [ 114.2722434, 22.5127457 ], [ 114.2722135, 22.5125298 ], [ 114.2722831, 22.5121547 ], [ 114.2722258, 22.5121317 ], [ 114.2721647, 22.5122013 ], [ 114.2721576, 22.5124269 ], [ 114.2720179, 22.5126787 ], [ 114.2717049, 22.5127194 ], [ 114.271541500000012, 22.5127807 ], [ 114.2713911, 22.5127817 ], [ 114.2713825, 22.5128471 ], [ 114.2713413, 22.5128906 ], [ 114.2712552, 22.5129022 ], [ 114.2713356, 22.5129236 ], [ 114.2715715, 22.5128507 ], [ 114.2717707, 22.5128632 ], [ 114.2720901, 22.5130208 ], [ 114.2722904, 22.5131869 ], [ 114.272337, 22.5132831 ], [ 114.2722434, 22.5134352 ], [ 114.2719362, 22.5135212 ], [ 114.2718616, 22.5135871 ], [ 114.2718201, 22.5136997 ], [ 114.271821, 22.5137225 ], [ 114.2722372, 22.5138369 ], [ 114.2721773, 22.5138612 ] ] } },
{ "type": "Feature", "properties": { }, "geometry": { "type": "LineString", "coordinates": [ [ 114.2698824, 22.468083 ], [ 114.2701164, 22.4681698 ], [ 114.2706142, 22.4687647 ], [ 114.2708974, 22.468844 ], [ 114.27136990000001, 22.4688499 ], [ 114.271755700000014, 22.4690423 ], [ 114.2720733, 22.4693199 ], [ 114.2724554, 22.4699682 ], [ 114.2728846, 22.4704441 ], [ 114.2733093, 22.4710252 ], [ 114.2737041, 22.4710331 ], [ 114.2742019, 22.4711441 ], [ 114.274699700000014, 22.4711124 ], [ 114.2752834, 22.471271 ], [ 114.2758371, 22.4715069 ], [ 114.2770086, 22.4713979 ], [ 114.2772146, 22.4711203 ], [ 114.2779452, 22.470688 ], [ 114.2782214, 22.470574 ], [ 114.278502, 22.4705651 ] ] } },
{ "type": "Feature", "properties": { }, "geometry": { "type": "LineString", "coordinates": [ [ 114.270082, 22.4672577 ], [ 114.2698503, 22.4671863 ], [ 114.2696529, 22.4670515 ], [ 114.26919, 22.46689 ], [ 114.2686573, 22.4663852 ], [ 114.2681251, 22.4661235 ], [ 114.267696, 22.4661235 ], [ 114.267565, 22.4663355 ], [ 114.2674872, 22.4666726 ], [ 114.267748, 22.4668878 ], [ 114.2677595, 22.4669403 ], [ 114.2677058, 22.4669428 ], [ 114.2674765, 22.4668375 ], [ 114.267394, 22.4668277 ], [ 114.2673263, 22.4669143 ], [ 114.2673343, 22.4670122 ], [ 114.267447, 22.4672155 ], [ 114.267487, 22.4673694 ], [ 114.2676118, 22.4675189 ], [ 114.2680146, 22.4678258 ], [ 114.2681739, 22.4681703 ], [ 114.2681605, 22.4682143 ], [ 114.2679995, 22.4682441 ], [ 114.267958, 22.4682974 ], [ 114.2679231, 22.4684486 ], [ 114.267805100000018, 22.4685254 ], [ 114.2677197, 22.468568199999989 ], [ 114.2675167, 22.4685936 ], [ 114.2672278, 22.4685598 ], [ 114.2671519, 22.4686878 ], [ 114.2674444, 22.4688396 ], [ 114.2674845, 22.4689257 ], [ 114.2676133, 22.469067 ], [ 114.2678666, 22.4691121 ], [ 114.2683154, 22.4693919 ], [ 114.2684904, 22.4694536 ], [ 114.2687935, 22.4694512 ], [ 114.2691985, 22.4693917 ], [ 114.2692897, 22.4693 ], [ 114.2693199, 22.4691894 ], [ 114.269295, 22.4690794 ], [ 114.269005400000012, 22.4686828 ], [ 114.2690193, 22.4686298 ], [ 114.269404, 22.468384 ], [ 114.2694908, 22.4681821 ], [ 114.2694908, 22.468021 ], [ 114.2696175, 22.4680102 ], [ 114.2698824, 22.468083 ] ] } },
{ "type": "Feature", "properties": { }, "geometry": { "type": "LineString", "coordinates": [ [ 114.2235117, 22.4683542 ], [ 114.2234841, 22.4684818 ], [ 114.2236116, 22.4686004 ], [ 114.2236584, 22.4687469 ], [ 114.2235814, 22.4687935 ], [ 114.223596200000017, 22.4689037 ], [ 114.2243256, 22.4691587 ], [ 114.2245303, 22.4695851 ], [ 114.2246391, 22.4697128 ], [ 114.224827500000018, 22.4698206 ], [ 114.224905, 22.469908 ], [ 114.2249861, 22.4701134 ], [ 114.225198800000015, 22.4704422 ], [ 114.2253264, 22.4705592 ], [ 114.2253776, 22.4707601 ], [ 114.22566980000002, 22.4711738 ], [ 114.2257028, 22.4711909 ], [ 114.2259671, 22.4711436 ], [ 114.2261479, 22.4710787 ], [ 114.2263786, 22.4708818 ], [ 114.2265929, 22.4707791 ], [ 114.2266318, 22.4707971 ], [ 114.2263134, 22.4713067 ], [ 114.2262648, 22.4714404 ], [ 114.2262465, 22.471662 ], [ 114.2262843, 22.4716645 ], [ 114.2263271, 22.4713749 ], [ 114.2264409, 22.4711553 ], [ 114.2265634, 22.4709803 ], [ 114.226631, 22.4709257 ], [ 114.2266597, 22.470934 ], [ 114.2272447, 22.4701735 ], [ 114.2273047, 22.4701419 ], [ 114.2273499, 22.4702085 ], [ 114.2272176, 22.470325 ], [ 114.2279735, 22.4708193 ], [ 114.2287461, 22.4712717 ], [ 114.2286548, 22.4714124 ], [ 114.2287068, 22.471384199999989 ], [ 114.2289982, 22.4709769 ], [ 114.229036900000011, 22.4709623 ], [ 114.2290965, 22.4709923 ], [ 114.2284881, 22.4718648 ], [ 114.2285697, 22.4718905 ], [ 114.2285823, 22.4718484 ], [ 114.2294293, 22.4720242 ], [ 114.2294187, 22.4720639 ], [ 114.2303258, 22.4722273 ], [ 114.2303785, 22.4721864 ], [ 114.2306422, 22.472207 ], [ 114.2313021, 22.4723045 ], [ 114.231568, 22.4721591 ], [ 114.2317457, 22.4718568 ], [ 114.231701, 22.4717769 ], [ 114.2317585, 22.4716752 ], [ 114.2318706, 22.471693 ], [ 114.2320979, 22.4715543 ], [ 114.232129200000017, 22.4715904 ], [ 114.2321838, 22.4715527 ], [ 114.2321605, 22.4715131 ], [ 114.2325548, 22.4711454 ], [ 114.23252140000001, 22.4711082 ], [ 114.2326031, 22.4710199 ], [ 114.2323225, 22.4709037 ], [ 114.2323391, 22.4708695 ], [ 114.2327036, 22.4710205 ], [ 114.2327892, 22.4708328 ], [ 114.2328318, 22.4705242 ], [ 114.2324367, 22.4704527 ], [ 114.2324444, 22.4704162 ], [ 114.2327513, 22.4704716 ], [ 114.2327828, 22.4703735 ], [ 114.2328379, 22.470364 ], [ 114.2330497, 22.4697244 ], [ 114.233286, 22.4694047 ], [ 114.23329, 22.4691408 ], [ 114.2330714, 22.4690554 ], [ 114.2330718, 22.4689709 ], [ 114.2329962, 22.4689225 ], [ 114.232998800000018, 22.4690198 ], [ 114.2327802, 22.4688329 ], [ 114.2324336, 22.4687928 ], [ 114.2319929, 22.468831 ], [ 114.2319332, 22.4689792 ], [ 114.2318244, 22.4690317 ], [ 114.2316647, 22.4685735 ], [ 114.2316802, 22.4684456 ], [ 114.2317144, 22.4683949 ], [ 114.2321518, 22.4683535 ], [ 114.2325303, 22.4683851 ], [ 114.2329833, 22.4683302 ], [ 114.2329695, 22.4680439 ], [ 114.2328797, 22.4680385 ], [ 114.2328815, 22.4679395 ], [ 114.2330188, 22.4677269 ] ] } },
{ "type": "Feature", "properties": { }, "geometry": { "type": "LineString", "coordinates": [ [ 114.2746924, 22.5295159 ], [ 114.2743069, 22.5296646 ], [ 114.2736603, 22.5293883 ], [ 114.2737227, 22.5288443 ], [ 114.27407, 22.5284499 ], [ 114.2748076, 22.528145 ], [ 114.2751426, 22.5281456 ], [ 114.2754064, 22.5279925 ], [ 114.2756626, 22.5272075 ], [ 114.2756595, 22.5268731 ], [ 114.275496, 22.5266705 ], [ 114.2752442, 22.5266723 ], [ 114.274931600000016, 22.5267559 ], [ 114.2744178, 22.5265747 ], [ 114.274233, 22.5264617 ], [ 114.274010100000012, 22.5261251 ], [ 114.273608, 22.5253989 ], [ 114.2734494, 22.525353 ], [ 114.2729536, 22.525664 ], [ 114.272509, 22.5257474 ], [ 114.2717305, 22.5250892 ], [ 114.2711377, 22.5255649 ], [ 114.2709362, 22.5257692 ], [ 114.2704833, 22.5257482 ], [ 114.2700756, 22.5257978 ], [ 114.269412100000011, 22.5260118 ], [ 114.2687353, 22.5263374 ], [ 114.2683907, 22.5265901 ], [ 114.2682516, 22.5268126 ], [ 114.2680753, 22.5272313 ], [ 114.2678965, 22.5273074 ], [ 114.2675899, 22.5271177 ], [ 114.2669591, 22.5269739 ], [ 114.2666775, 22.5270706 ], [ 114.2665395, 22.5269976 ], [ 114.2664647, 22.5268185 ], [ 114.2663565, 22.5267059 ], [ 114.2663239, 22.5265817 ], [ 114.2663448, 22.5262973 ] ] } },
{ "type": "Feature", "properties": { }, "geometry": { "type": "LineString", "coordinates": [ [ 114.2799235, 22.5219105 ], [ 114.27958630000002, 22.5218721 ], [ 114.2794091, 22.5218842 ], [ 114.2792673, 22.522011 ], [ 114.2795326, 22.5222817 ], [ 114.2796457, 22.5223489 ], [ 114.2795438, 22.5226962 ], [ 114.2790783, 22.5227274 ], [ 114.2785609, 22.5225254 ], [ 114.27844, 22.5225385 ], [ 114.2783766, 22.5224396 ], [ 114.2782359, 22.5224815 ], [ 114.2782, 22.5225657 ], [ 114.2780404, 22.5225955 ], [ 114.2776795, 22.5229159 ], [ 114.2773697, 22.5230422 ], [ 114.27749, 22.52337 ], [ 114.2775836, 22.5234301 ], [ 114.2780929, 22.523268 ], [ 114.2782329, 22.5232733 ], [ 114.2786258, 22.5234575 ], [ 114.2786687, 22.5237329 ], [ 114.2782302, 22.5241066 ], [ 114.2780443, 22.5243789 ], [ 114.2780567, 22.5245955 ], [ 114.2781571, 22.5246878 ], [ 114.2784493, 22.5247393 ], [ 114.2785943, 22.5248142 ], [ 114.2791226, 22.5254137 ], [ 114.279592300000019, 22.5260553 ], [ 114.2796215, 22.5261892 ], [ 114.2795713, 22.5266121 ], [ 114.2795905, 22.5268448 ], [ 114.2798739, 22.5272294 ], [ 114.2801085, 22.5274232 ], [ 114.2804569, 22.5275418 ], [ 114.2806775, 22.527683499999988 ], [ 114.281026900000015, 22.5281554 ], [ 114.2813328, 22.5282208 ], [ 114.2815366, 22.5283447 ], [ 114.2817182, 22.5285238 ], [ 114.2817101, 22.5286846 ], [ 114.280971, 22.5289599 ], [ 114.2803094, 22.529059 ], [ 114.27967750000002, 22.5287342 ], [ 114.2786165, 22.5287452 ], [ 114.2784139, 22.528558 ], [ 114.2782231, 22.5284919 ], [ 114.2776443, 22.528572 ], [ 114.2770708, 22.528414 ], [ 114.2766336, 22.5283893 ], [ 114.2762191, 22.5284699 ], [ 114.2757913, 22.5286197 ], [ 114.2756483, 22.5285959 ], [ 114.27532, 22.52873 ], [ 114.2750162, 22.5289929 ], [ 114.2747778, 22.5294829 ], [ 114.2746924, 22.5295159 ] ] } },
{ "type": "Feature", "properties": { }, "geometry": { "type": "LineString", "coordinates": [ [ 114.2965159, 22.502018 ], [ 114.2963631, 22.5021595 ], [ 114.296517200000011, 22.5022227 ], [ 114.2969365, 22.5022823 ], [ 114.297286, 22.5024013 ], [ 114.2974421, 22.5025388 ], [ 114.2973721, 22.502892 ], [ 114.297585, 22.5032928 ], [ 114.2975654, 22.5034062 ], [ 114.2975897, 22.5035399 ], [ 114.2975226, 22.5036043 ], [ 114.2974971, 22.5038162 ], [ 114.2973793, 22.5038887 ], [ 114.2973634, 22.5039363 ], [ 114.2970678, 22.5040078 ], [ 114.2969903, 22.504255 ], [ 114.2970466, 22.5045086 ], [ 114.2969593, 22.5046314 ], [ 114.2969145, 22.504784 ], [ 114.2967099, 22.5048483 ], [ 114.2965825, 22.5048433 ], [ 114.2962634, 22.5047427 ], [ 114.2960581, 22.5047306 ], [ 114.2958154, 22.5049449 ], [ 114.295619, 22.5049505 ], [ 114.2955029, 22.5048941 ], [ 114.2953889, 22.5049474 ], [ 114.2953674, 22.5051877 ], [ 114.2952014, 22.5053225 ], [ 114.2949718, 22.5052336 ], [ 114.2946151, 22.5053104 ], [ 114.2939351, 22.505049 ], [ 114.2937662, 22.5049176 ], [ 114.2937407, 22.5047268 ], [ 114.2937876, 22.5046129 ], [ 114.2941712, 22.504349 ], [ 114.2942221, 22.5042759 ], [ 114.2942369, 22.5041371 ], [ 114.2941967, 22.504059 ], [ 114.2941108, 22.5039872 ], [ 114.2940371, 22.5039512 ], [ 114.2939606, 22.5039562 ], [ 114.293628, 22.5041743 ], [ 114.293506, 22.5042127 ], [ 114.2933477, 22.5041904 ], [ 114.2931171, 22.504033 ], [ 114.2929803, 22.5040095 ], [ 114.2929897, 22.5041123 ], [ 114.293227, 22.5043799 ], [ 114.2932545, 22.5044747 ], [ 114.2931895, 22.5045906 ], [ 114.2930111, 22.5047368 ], [ 114.2927697, 22.5048359 ], [ 114.2927322, 22.5048842 ], [ 114.2927094, 22.5050738 ], [ 114.2927375, 22.5051555 ], [ 114.2927738, 22.5052323 ], [ 114.2928542, 22.5052869 ], [ 114.2932874, 22.5054393 ], [ 114.2933444, 22.5056431 ], [ 114.2936294, 22.5057577 ], [ 114.2938748, 22.5061888 ], [ 114.2938748, 22.5062966 ], [ 114.2938144, 22.50648 ], [ 114.2936334, 22.5067253 ], [ 114.2935314, 22.5069415 ], [ 114.2935409, 22.5070332 ], [ 114.2936374, 22.507237 ], [ 114.2936562, 22.5074204 ], [ 114.2936119, 22.5076582 ], [ 114.2937219, 22.5079147 ], [ 114.2937233, 22.5080386 ], [ 114.2935798, 22.5082058 ], [ 114.2931721, 22.5084858 ], [ 114.2928649, 22.5085466 ], [ 114.2927389, 22.5084251 ], [ 114.2927107, 22.5082901 ], [ 114.2928757, 22.5076074 ], [ 114.2929065, 22.5072704 ], [ 114.2928891, 22.5071676 ], [ 114.2927845, 22.5070264 ], [ 114.2924197, 22.5068727 ], [ 114.2923553, 22.5069149 ], [ 114.2924184, 22.5074228 ], [ 114.2923473, 22.507657 ], [ 114.2922816, 22.5077301 ], [ 114.2921716, 22.5077536 ], [ 114.2920429, 22.50774 ], [ 114.2918082, 22.5076607 ], [ 114.2917263, 22.5076669 ], [ 114.2916164, 22.5077933 ], [ 114.291550700000016, 22.5080981 ], [ 114.291556, 22.508274 ], [ 114.2915815, 22.5084561 ], [ 114.2917143, 22.5088204 ], [ 114.2917089, 22.5089145 ], [ 114.2916298, 22.5090099 ], [ 114.2912436, 22.5089814 ], [ 114.2910142, 22.5088699 ], [ 114.2905636, 22.5087262 ], [ 114.2897844, 22.5083235 ], [ 114.2896838, 22.5081972 ], [ 114.2896543, 22.5081092 ], [ 114.2896812, 22.5079382 ], [ 114.2897268, 22.507875 ], [ 114.2902364, 22.5075232 ], [ 114.2903061, 22.5074612 ], [ 114.290337, 22.5073819 ], [ 114.2903437, 22.5073027 ], [ 114.2902525, 22.5071602 ], [ 114.290005, 22.5070377 ], [ 114.2898796, 22.5069087 ], [ 114.2898984, 22.5067773 ], [ 114.2901358, 22.5064453 ], [ 114.2901224, 22.5063102 ], [ 114.2900245, 22.506081 ], [ 114.2900312, 22.5060079 ], [ 114.29013980000002, 22.505894 ], [ 114.2902444, 22.5058754 ], [ 114.2904818, 22.5058816 ], [ 114.2907701, 22.5058122 ], [ 114.2912181, 22.5058147 ], [ 114.2913482, 22.50578 ], [ 114.2915359, 22.50564 ], [ 114.2915869, 22.5055644 ], [ 114.2916204, 22.5053897 ], [ 114.2915279, 22.5050539 ], [ 114.2915386, 22.5046153 ], [ 114.2914903, 22.5044357 ], [ 114.2914233, 22.5043948 ], [ 114.2911872, 22.504344 ], [ 114.2910115, 22.5043576 ], [ 114.290982, 22.5044121 ], [ 114.2910424, 22.5045782 ], [ 114.2911302, 22.5046884 ], [ 114.291155700000019, 22.5048377 ], [ 114.2911215, 22.5049833 ], [ 114.2910189, 22.5050905 ], [ 114.2908929, 22.505127 ], [ 114.2906025, 22.5050508 ], [ 114.2901915, 22.5050843 ], [ 114.289932, 22.5051574 ], [ 114.2897831, 22.5052813 ] ] } },
{ "type": "Feature", "properties": { }, "geometry": { "type": "Polygon", "coordinates": [ [ [ 113.9181516, 22.2094651 ], [ 113.9181603, 22.209439 ], [ 113.9181892, 22.209444 ], [ 113.9181825, 22.2094688 ], [ 113.9181516, 22.2094651 ] ] ] } },
{ "type": "Feature", "properties": { }, "geometry": { "type": "Polygon", "coordinates": [ [ [ 113.9167492, 22.2092792 ], [ 113.9168142, 22.2093276 ], [ 113.9168387, 22.2093695 ], [ 113.9167351, 22.2093183 ], [ 113.9167492, 22.2092792 ] ] ] } },
{ "type": "Feature", "properties": { }, "geometry": { "type": "Polygon", "coordinates": [ [ [ 114.1068732, 22.2278999 ], [ 114.1069262, 22.2279005 ], [ 114.1069376, 22.2279657 ], [ 114.107012, 22.2280134 ], [ 114.1069872, 22.2280439 ], [ 114.1068893, 22.228042 ], [ 114.1068558, 22.2279805 ], [ 114.1068082, 22.227965 ], [ 114.1068732, 22.2278999 ] ] ] } },
{ "type": "Feature", "properties": { }, "geometry": { "type": "Polygon", "coordinates": [ [ [ 114.1204572, 22.2099704 ], [ 114.1204928, 22.2099959 ], [ 114.1204834, 22.2100561 ], [ 114.1203922, 22.2100815 ], [ 114.1203821, 22.2100027 ], [ 114.1204572, 22.2099704 ] ] ] } },
{ "type": "Feature", "properties": { }, "geometry": { "type": "Polygon", "coordinates": [ [ [ 114.2992204, 22.2601978 ], [ 114.2993036, 22.2601544 ], [ 114.2993036, 22.2602053 ], [ 114.299266, 22.2602376 ], [ 114.2992204, 22.2601978 ] ] ] } },
{ "type": "Feature", "properties": { }, "geometry": { "type": "Polygon", "coordinates": [ [ [ 114.3002209, 22.2604746 ], [ 114.3002853, 22.2605106 ], [ 114.3002357, 22.2605727 ], [ 114.3001968, 22.2605665 ], [ 114.3002209, 22.2604746 ] ] ] } },
{ "type": "Feature", "properties": { }, "geometry": { "type": "Polygon", "coordinates": [ [ [ 114.2982092, 22.2606608 ], [ 114.2982937, 22.260698 ], [ 114.2982562, 22.2607539 ], [ 114.2981811, 22.2607588 ], [ 114.2981476, 22.2607166 ], [ 114.2982092, 22.2606608 ] ] ] } },
{ "type": "Feature", "properties": { }, "geometry": { "type": "Polygon", "coordinates": [ [ [ 114.1869888, 22.2421652 ], [ 114.1870759, 22.2421292 ], [ 114.1871725, 22.2421453 ], [ 114.1872342, 22.2421912 ], [ 114.1871993, 22.2422434 ], [ 114.1871189, 22.2422843 ], [ 114.1870223, 22.2422483 ], [ 114.1869888, 22.2421652 ] ] ] } },
{ "type": "Feature", "properties": { }, "geometry": { "type": "Polygon", "coordinates": [ [ [ 114.1680658, 22.2319897 ], [ 114.1680805, 22.2319252 ], [ 114.168165, 22.2318755 ], [ 114.1682012, 22.2319525 ], [ 114.1681355, 22.2320021 ], [ 114.1680658, 22.2319897 ] ] ] } },
{ "type": "Feature", "properties": { }, "geometry": { "type": "Polygon", "coordinates": [ [ [ 114.209339600000021, 22.2170561 ], [ 114.209345, 22.2169493 ], [ 114.2093892, 22.2168984 ], [ 114.209455, 22.2169133 ], [ 114.2095019, 22.2169965 ], [ 114.2094496, 22.2170561 ], [ 114.209339600000021, 22.2170561 ] ] ] } },
{ "type": "Feature", "properties": { }, "geometry": { "type": "Polygon", "coordinates": [ [ [ 114.3853033, 22.4186854 ], [ 114.3854789, 22.4185156 ], [ 114.3855125, 22.4185738 ], [ 114.3856104, 22.4185763 ], [ 114.3856291, 22.4187387 ], [ 114.385554, 22.4188627 ], [ 114.3854494, 22.4188429 ], [ 114.385433300000017, 22.4187784 ], [ 114.3853757, 22.4187722 ], [ 114.3853046, 22.4187201 ], [ 114.3853033, 22.4186854 ] ] ] } },
{ "type": "Feature", "properties": { }, "geometry": { "type": "Polygon", "coordinates": [ [ [ 114.3852858, 22.4188776 ], [ 114.3853717, 22.4188218 ], [ 114.3855514, 22.4189383 ], [ 114.3854615, 22.4189544 ], [ 114.3854991, 22.4189966 ], [ 114.3854964, 22.4190474 ], [ 114.3853167, 22.4191317 ], [ 114.3852603, 22.4190623 ], [ 114.3852992, 22.419004 ], [ 114.3852858, 22.4188776 ] ] ] } },
{ "type": "Feature", "properties": { }, "geometry": { "type": "Polygon", "coordinates": [ [ [ 114.385083300000019, 22.418911 ], [ 114.3851101, 22.4188726 ], [ 114.3852067, 22.4188714 ], [ 114.3852456, 22.4189073 ], [ 114.3852174, 22.4189507 ], [ 114.3851624, 22.4189123 ], [ 114.385083300000019, 22.418911 ] ] ] } },
{ "type": "Feature", "properties": { }, "geometry": { "type": "Polygon", "coordinates": [ [ [ 114.3883523, 22.4198775 ], [ 114.3885514, 22.4199177 ], [ 114.3885883, 22.4197962 ], [ 114.388705, 22.4197925 ], [ 114.3887338, 22.4198452 ], [ 114.3886775, 22.4199723 ], [ 114.3885903, 22.4199624 ], [ 114.3885642, 22.4199977 ], [ 114.388477, 22.4199928 ], [ 114.3884616, 22.4200151 ], [ 114.3883858, 22.4200082 ], [ 114.3883348, 22.4199556 ], [ 114.3883201, 22.4199208 ], [ 114.3883523, 22.4198775 ] ] ] } },
{ "type": "Feature", "properties": { }, "geometry": { "type": "Polygon", "coordinates": [ [ [ 114.3792616, 22.3735984 ], [ 114.3792281, 22.3735922 ], [ 114.3792281, 22.3735092 ], [ 114.3792978, 22.373467 ], [ 114.3793809, 22.3735054 ], [ 114.3792616, 22.3735984 ] ] ] } },
{ "type": "Feature", "properties": { }, "geometry": { "type": "Polygon", "coordinates": [ [ [ 114.3791878, 22.3734955 ], [ 114.3791758, 22.373555 ], [ 114.379047, 22.3735426 ], [ 114.379051, 22.3734906 ], [ 114.3791878, 22.3734955 ] ] ] } },
{ "type": "Feature", "properties": { }, "geometry": { "type": "Polygon", "coordinates": [ [ [ 114.3783148, 22.3740672 ], [ 114.3783765, 22.3740238 ], [ 114.3784274, 22.3740251 ], [ 114.3784207, 22.3740933 ], [ 114.3783738, 22.3741181 ], [ 114.3783255, 22.3741131 ], [ 114.3783148, 22.3740672 ] ] ] } },
{ "type": "Feature", "properties": { }, "geometry": { "type": "Polygon", "coordinates": [ [ [ 114.37857360000001, 22.3742371 ], [ 114.3785481, 22.3741788 ], [ 114.3786487, 22.3742049 ], [ 114.3786433, 22.3742322 ], [ 114.37857360000001, 22.3742371 ] ] ] } },
{ "type": "Feature", "properties": { }, "geometry": { "type": "Polygon", "coordinates": [ [ [ 113.9131701, 22.3967464 ], [ 113.9131446, 22.3966571 ], [ 113.9131835, 22.3966435 ], [ 113.913268, 22.3966968 ], [ 113.9132385, 22.3967426 ], [ 113.9131701, 22.3967464 ] ] ] } },
{ "type": "Feature", "properties": { }, "geometry": { "type": "Polygon", "coordinates": [ [ [ 113.9130869, 22.3963694 ], [ 113.9133498, 22.3963831 ], [ 113.9133324, 22.3964327 ], [ 113.9132774, 22.3964463 ], [ 113.913264, 22.3964959 ], [ 113.9133364, 22.3965021 ], [ 113.913328300000018, 22.3965889 ], [ 113.9132921, 22.3966174 ], [ 113.9131728, 22.3965852 ], [ 113.9130869, 22.3963694 ] ] ] } },
{ "type": "Feature", "properties": { }, "geometry": { "type": "Polygon", "coordinates": [ [ [ 113.9028583, 22.410664 ], [ 113.9028523, 22.4106262 ], [ 113.9028791, 22.4106088 ], [ 113.9028865, 22.4106467 ], [ 113.9028583, 22.410664 ] ] ] } },
{ "type": "Feature", "properties": { }, "geometry": { "type": "Polygon", "coordinates": [ [ [ 113.9034578, 22.4110694 ], [ 113.9034833, 22.4110453 ], [ 113.903494, 22.4110756 ], [ 113.9034779, 22.4110874 ], [ 113.9034578, 22.4110694 ] ] ] } },
{ "type": "Feature", "properties": { }, "geometry": { "type": "Polygon", "coordinates": [ [ [ 114.2046538, 22.2120563 ], [ 114.2045841, 22.2120091 ], [ 114.2045827, 22.2119359 ], [ 114.204694, 22.2118936 ], [ 114.2047866, 22.2119532 ], [ 114.2047732, 22.212024 ], [ 114.2047356, 22.2120563 ], [ 114.2046538, 22.2120563 ] ] ] } },
{ "type": "Feature", "properties": { }, "geometry": { "type": "LineString", "coordinates": [ [ 113.848628800000014, 22.2327419 ], [ 113.8486206, 22.2328627 ], [ 113.8485516, 22.2330268 ], [ 113.8484686, 22.2330458 ], [ 113.8483811, 22.2332918 ], [ 113.8482472, 22.2333323 ], [ 113.84811160000001, 22.2334464 ], [ 113.8478503, 22.233899 ], [ 113.847745, 22.2340126 ], [ 113.8473386, 22.2342478 ], [ 113.8469256, 22.2344067 ], [ 113.8465856, 22.2348971 ], [ 113.8461256, 22.2353688 ], [ 113.8459311, 22.2354967 ], [ 113.8457179, 22.2355587 ], [ 113.8454644, 22.2355687 ], [ 113.8453048, 22.235524 ], [ 113.8451064, 22.2354222 ], [ 113.8447496, 22.2350696 ], [ 113.8446752, 22.2350467 ], [ 113.8441984, 22.2350982 ], [ 113.8438725, 22.2350783 ], [ 113.8429888, 22.2351565 ], [ 113.842802300000017, 22.2351317 ], [ 113.8425556, 22.2349653 ], [ 113.8419373, 22.2344291 ], [ 113.841756300000014, 22.2342528 ], [ 113.8415779, 22.233976 ], [ 113.8414706, 22.2337289 ], [ 113.8413982, 22.2333242 ], [ 113.8413928, 22.2331678 ], [ 113.8414854, 22.2327706 ], [ 113.8414907, 22.2324056 ], [ 113.8411126, 22.2315205 ], [ 113.8410817, 22.2311865 ], [ 113.8408269, 22.2303684 ], [ 113.8406888, 22.2297626 ], [ 113.840438, 22.2289681 ], [ 113.8403508, 22.2288514 ], [ 113.8398278, 22.2285113 ], [ 113.8395287, 22.2279141 ], [ 113.8391988, 22.2276869 ], [ 113.8391706, 22.2276274 ], [ 113.8392028, 22.22742 ], [ 113.8393638, 22.2270464 ], [ 113.8398814, 22.226839 ], [ 113.840041, 22.2266305 ], [ 113.8401215, 22.2263263 ], [ 113.8401845, 22.2258968 ], [ 113.8401751, 22.2256448 ], [ 113.8399699, 22.2248875 ], [ 113.839943100000013, 22.2246938 ], [ 113.839943100000013, 22.2243288 ], [ 113.8400424, 22.2240073 ], [ 113.8400289, 22.2238397 ], [ 113.8399994, 22.2236671 ], [ 113.8399203, 22.223466 ], [ 113.8397782, 22.2232351 ], [ 113.8397607, 22.2231506 ], [ 113.8398331, 22.2227161 ], [ 113.8398184, 22.2225634 ], [ 113.839726500000012, 22.2223611 ], [ 113.8396937, 22.2221661 ], [ 113.8396997, 22.221965 ], [ 113.8398144, 22.2214659 ], [ 113.8398157, 22.2209904 ], [ 113.8397084, 22.2203759 ], [ 113.8397151, 22.2202691 ], [ 113.8398962, 22.2199861 ], [ 113.839986, 22.21977 ], [ 113.840045, 22.2194547 ], [ 113.839983300000014, 22.2191238 ], [ 113.8399056, 22.2188904 ] ] } },
{ "type": "Feature", "properties": { }, "geometry": { "type": "Polygon", "coordinates": [ [ [ 114.0116487, 22.266123 ], [ 114.0116863, 22.2662285 ], [ 114.0116367, 22.266226 ], [ 114.0116233, 22.2661664 ], [ 114.0116487, 22.266123 ] ] ] } },
{ "type": "Feature", "properties": { }, "geometry": { "type": "Polygon", "coordinates": [ [ [ 114.0107998, 22.266159 ], [ 114.0108776, 22.2661143 ], [ 114.0109514, 22.2661677 ], [ 114.0108937, 22.2662173 ], [ 114.0108414, 22.2662074 ], [ 114.0107998, 22.266159 ] ] ] } },
{ "type": "Feature", "properties": { }, "geometry": { "type": "Polygon", "coordinates": [ [ [ 114.004278, 22.2712921 ], [ 114.0041929, 22.2712313 ], [ 114.004263300000019, 22.2712058 ], [ 114.0043129, 22.2712195 ], [ 114.004278, 22.2712921 ] ] ] } },
{ "type": "Feature", "properties": { }, "geometry": { "type": "LineString", "coordinates": [ [ 114.257202, 22.5378811 ], [ 114.2572061, 22.5380031 ], [ 114.2570133, 22.5381927 ], [ 114.2565352, 22.5385477 ], [ 114.2562805, 22.5387009 ], [ 114.256053, 22.5390411 ], [ 114.2560341, 22.5391221 ], [ 114.256107, 22.5395152 ] ] } },
{ "type": "Feature", "properties": { }, "geometry": { "type": "LineString", "coordinates": [ [ 114.2673198, 22.5368756 ], [ 114.2671519, 22.537043 ], [ 114.26698, 22.53695 ], [ 114.2660883, 22.5367838 ], [ 114.2656063, 22.5368571 ], [ 114.2650393, 22.5366791 ], [ 114.2642601, 22.5366627 ], [ 114.2639178, 22.536312 ], [ 114.2636819, 22.5361192 ], [ 114.2635563, 22.5358275 ], [ 114.263539, 22.5355467 ], [ 114.263482700000012, 22.5353584 ], [ 114.263346, 22.535268 ], [ 114.2629881, 22.5352041 ], [ 114.2628979, 22.5350964 ], [ 114.2623821, 22.5339281 ], [ 114.2622381, 22.5338273 ], [ 114.2618446, 22.5338429 ], [ 114.2616856, 22.5340956 ], [ 114.2617569, 22.5343013 ], [ 114.2619091, 22.535354 ], [ 114.2621518, 22.5358426 ], [ 114.2626689, 22.5363655 ], [ 114.2627313, 22.5365429 ], [ 114.2626349, 22.5372081 ], [ 114.2627654, 22.5374542 ], [ 114.2628983, 22.5376109 ], [ 114.2630296, 22.537716 ], [ 114.2634075, 22.5379023 ], [ 114.2634934, 22.5383783 ], [ 114.2631902, 22.5389414 ], [ 114.2632267, 22.5391807 ], [ 114.2631832, 22.5393439 ], [ 114.2632262, 22.539422 ], [ 114.2631702, 22.5395774 ], [ 114.2628939, 22.5399836 ], [ 114.2628538, 22.5400892 ], [ 114.2627004, 22.5402522 ], [ 114.2624418, 22.5404318 ], [ 114.262410200000019, 22.5405745 ], [ 114.2622166, 22.5406451 ], [ 114.2621604, 22.5406209 ], [ 114.2620725, 22.540659 ], [ 114.2620186, 22.5406309 ], [ 114.2619379, 22.5406738 ], [ 114.2618873, 22.5406015 ], [ 114.2617014, 22.5405521 ], [ 114.2613329, 22.5406324 ], [ 114.2610743, 22.5404482 ], [ 114.2609748, 22.5404213 ], [ 114.260744, 22.540166 ], [ 114.2603455, 22.5400706 ], [ 114.2602787, 22.5396671 ], [ 114.260101100000014, 22.5394278 ], [ 114.259796900000012, 22.539312 ], [ 114.2597215, 22.5392584 ], [ 114.2596564, 22.5391323 ], [ 114.2591838, 22.5390919 ], [ 114.2590613, 22.5389549 ], [ 114.2586778, 22.5387645 ], [ 114.2586688, 22.5385473 ], [ 114.2586248, 22.5384918 ], [ 114.2583326, 22.538373 ], [ 114.257985, 22.5381079 ], [ 114.257717700000015, 22.5380213 ], [ 114.2574834, 22.5380067 ], [ 114.2572851, 22.5379589 ], [ 114.257202, 22.5378811 ] ] } },
{ "type": "Feature", "properties": { }, "geometry": { "type": "LineString", "coordinates": [ [ 114.2663448, 22.5262973 ], [ 114.2658118, 22.5260647 ], [ 114.2648138, 22.5255426 ], [ 114.2644459, 22.5253075 ], [ 114.2643467, 22.5253233 ], [ 114.264204, 22.525418 ], [ 114.2641544, 22.52561 ], [ 114.2640696, 22.525707 ], [ 114.263866100000016, 22.5256862 ], [ 114.2636303, 22.5254481 ], [ 114.2633958, 22.5252877 ], [ 114.2632663, 22.5249878 ], [ 114.2632346, 22.5247175 ], [ 114.263064, 22.5246593 ], [ 114.2630444, 22.5246922 ], [ 114.2630703, 22.5248014 ], [ 114.2630458, 22.524846 ], [ 114.2625512, 22.5250722 ], [ 114.2621479, 22.5253827 ], [ 114.2620556, 22.5255273 ], [ 114.2619894, 22.5257129 ], [ 114.2615953, 22.5256777 ], [ 114.2614677, 22.525731 ], [ 114.2614096, 22.5258102 ], [ 114.2614756, 22.5259502 ], [ 114.261648, 22.5258508 ], [ 114.2617462, 22.5258614 ], [ 114.2617837, 22.525905 ], [ 114.2617511, 22.5260958 ], [ 114.2616336, 22.5262618 ], [ 114.2616099, 22.526397 ], [ 114.2615112, 22.5264453 ], [ 114.2615506, 22.5265517 ], [ 114.2616248, 22.5266102 ], [ 114.2616085, 22.5267595 ], [ 114.2616302, 22.5267964 ], [ 114.2618305, 22.5269959 ], [ 114.2620214, 22.5271166 ], [ 114.26205010000001, 22.5271621 ], [ 114.2622977, 22.5272285 ], [ 114.2623695, 22.5273798 ], [ 114.2623206, 22.5274423 ], [ 114.2625214, 22.5275754 ], [ 114.2625202, 22.527615 ], [ 114.2624575, 22.5276592 ], [ 114.262274, 22.5277153 ], [ 114.2623261, 22.5278216 ], [ 114.2623314, 22.5280292 ] ] } },
{ "type": "Feature", "properties": { }, "geometry": { "type": "Polygon", "coordinates": [ [ [ 114.3130559, 22.5045819 ], [ 114.3130754, 22.5045416 ], [ 114.3132229, 22.5045515 ], [ 114.3132524, 22.5046599 ], [ 114.3132967, 22.5046977 ], [ 114.3132873, 22.5047584 ], [ 114.3130559, 22.5045819 ] ] ] } },
{ "type": "Feature", "properties": { }, "geometry": { "type": "Polygon", "coordinates": [ [ [ 114.3131686, 22.5049393 ], [ 114.3131686, 22.5049176 ], [ 114.3132363, 22.5049158 ], [ 114.3132316, 22.5049418 ], [ 114.3131686, 22.5049393 ] ] ] } },
{ "type": "Feature", "properties": { }, "geometry": { "type": "Polygon", "coordinates": [ [ [ 113.8569912, 22.2470993 ], [ 113.8569979, 22.2470745 ], [ 113.8570194, 22.2470782 ], [ 113.8570194, 22.2471006 ], [ 113.8569912, 22.2470993 ] ] ] } },
{ "type": "Feature", "properties": { }, "geometry": { "type": "Polygon", "coordinates": [ [ [ 113.8580745, 22.2476222 ], [ 113.8580752, 22.2475943 ], [ 113.8581067, 22.2475949 ], [ 113.858106, 22.2476228 ], [ 113.8580745, 22.2476222 ] ] ] } },
{ "type": "Feature", "properties": { }, "geometry": { "type": "Polygon", "coordinates": [ [ [ 113.8599014, 22.2522344 ], [ 113.8599041, 22.2522033 ], [ 113.859943, 22.2522133 ], [ 113.859939, 22.2522344 ], [ 113.8599014, 22.2522344 ] ] ] } },
{ "type": "Feature", "properties": { }, "geometry": { "type": "Polygon", "coordinates": [ [ [ 113.8576913, 22.2531926 ], [ 113.8576524, 22.2531963 ], [ 113.8576833, 22.2531752 ], [ 113.8576913, 22.2531926 ] ] ] } },
{ "type": "Feature", "properties": { }, "geometry": { "type": "LineString", "coordinates": [ [ 114.2587794, 22.5437564 ], [ 114.2588842, 22.543875 ], [ 114.2590178, 22.5441384 ], [ 114.2586538, 22.5442888 ], [ 114.2585463, 22.5445134 ], [ 114.2582499, 22.5446501 ], [ 114.25771610000001, 22.5444518 ], [ 114.257, 22.5446873 ], [ 114.2564499, 22.54462 ], [ 114.256627, 22.5448886 ], [ 114.2572117, 22.5453544 ], [ 114.2573184, 22.5458853 ], [ 114.2582113, 22.5460458 ], [ 114.258344600000015, 22.5465371 ], [ 114.2592019, 22.5470884 ], [ 114.2593909, 22.5472373 ], [ 114.2593467, 22.5474451 ], [ 114.259454, 22.5476482 ], [ 114.2596862, 22.5477442 ], [ 114.2601836, 22.5476928 ], [ 114.2606316, 22.5478394 ], [ 114.26081, 22.54804 ], [ 114.2607468, 22.5487778 ], [ 114.2606172, 22.5489951 ], [ 114.2602817, 22.5490299 ], [ 114.259908, 22.5486704 ], [ 114.2596042, 22.5486243 ], [ 114.259477, 22.5484321 ], [ 114.2593904, 22.5480677 ], [ 114.2591774, 22.54796 ], [ 114.25843660000001, 22.5478884 ], [ 114.2582373, 22.5481549 ], [ 114.2577379, 22.5483796 ], [ 114.2574788, 22.5486999 ], [ 114.2573819, 22.5490925 ], [ 114.2569723, 22.5493553 ], [ 114.256573, 22.5493239 ], [ 114.2564359, 22.5493968 ], [ 114.256418, 22.5494863 ], [ 114.2561602, 22.549465 ], [ 114.2559084, 22.5495152 ], [ 114.2558219, 22.5494726 ], [ 114.2556596, 22.5494877 ] ] } },
{ "type": "Feature", "properties": { }, "geometry": { "type": "LineString", "coordinates": [ [ 114.2317716, 22.5323942 ], [ 114.2312608, 22.5329263 ], [ 114.2307699, 22.5335 ], [ 114.2306317, 22.533589 ], [ 114.2303703, 22.5336398 ], [ 114.2298706, 22.5338053 ], [ 114.229617600000012, 22.5339344 ], [ 114.2293183, 22.5339203 ], [ 114.2291049, 22.5337257 ], [ 114.2292124, 22.5329036 ], [ 114.2290477, 22.5315524 ], [ 114.2290106, 22.5309812 ], [ 114.22848, 22.53025 ], [ 114.2281895, 22.5299807 ], [ 114.2280364, 22.5299115 ], [ 114.2277046, 22.5299313 ], [ 114.227409400000013, 22.530151 ], [ 114.2274257, 22.5306928 ], [ 114.2273031, 22.5307434 ], [ 114.2270052, 22.5307094 ], [ 114.2265586, 22.5301032 ], [ 114.2260594, 22.5295421 ], [ 114.2259269, 22.5292796 ] ] } },
{ "type": "Feature", "properties": { }, "geometry": { "type": "LineString", "coordinates": [ [ 114.2721773, 22.5138612 ], [ 114.2720858, 22.5140017 ], [ 114.2724925, 22.515034 ], [ 114.272491, 22.5152275 ], [ 114.2724387, 22.5152055 ], [ 114.2724357, 22.5152387 ], [ 114.2725336, 22.515294 ], [ 114.2725846, 22.5152904 ], [ 114.2728037, 22.5154546 ], [ 114.2730413, 22.5155469 ], [ 114.273199, 22.5155282 ], [ 114.2735831, 22.5152205 ], [ 114.2736297, 22.5152348 ], [ 114.2736935, 22.5153546 ], [ 114.2736936, 22.5154712 ], [ 114.2736513, 22.5155752 ], [ 114.2736733, 22.5156601 ], [ 114.2735167, 22.5158437 ], [ 114.2733981, 22.5158556 ], [ 114.2730945, 22.5156893 ], [ 114.2727062, 22.5157114 ], [ 114.2726117, 22.5156879 ], [ 114.272451, 22.5157893 ], [ 114.2722587, 22.5160714 ], [ 114.2721775, 22.51606 ], [ 114.2721332, 22.5161575 ], [ 114.2720183, 22.5162747 ], [ 114.271994, 22.5163304 ], [ 114.2720118, 22.5163836 ], [ 114.2722768, 22.5165776 ], [ 114.2723793, 22.5168442 ], [ 114.272472, 22.5169376 ], [ 114.2728027, 22.5167544 ], [ 114.2727988, 22.5167141 ], [ 114.2728176, 22.5167432 ], [ 114.27312280000001, 22.516574 ], [ 114.2731366, 22.5165952 ], [ 114.2723783, 22.517025 ], [ 114.2724289, 22.5171497 ], [ 114.2724665, 22.5174013 ], [ 114.2725274, 22.5174404 ] ] } },
{ "type": "Feature", "properties": { }, "geometry": { "type": "Polygon", "coordinates": [ [ [ 114.2317214, 22.2925173 ], [ 114.231680700000013, 22.292487 ], [ 114.2317058, 22.2924447 ], [ 114.2317552, 22.2924603 ], [ 114.2317214, 22.2925173 ] ] ] } },
{ "type": "Feature", "properties": { }, "geometry": { "type": "Polygon", "coordinates": [ [ [ 114.1263273, 22.26261 ], [ 114.1264205, 22.26261 ], [ 114.12645, 22.2626323 ], [ 114.1264399, 22.2626714 ], [ 114.1263313, 22.2626894 ], [ 114.1263273, 22.26261 ] ] ] } },
{ "type": "Feature", "properties": { }, "geometry": { "type": "Polygon", "coordinates": [ [ [ 113.9069652, 22.4037683 ], [ 113.907029600000016, 22.4037173 ], [ 113.9070848, 22.403755 ], [ 113.9070012, 22.40383 ], [ 113.9069652, 22.4037683 ] ] ] } },
{ "type": "Feature", "properties": { }, "geometry": { "type": "Polygon", "coordinates": [ [ [ 114.0000308, 22.3210513 ], [ 114.0000422, 22.320995 ], [ 114.000138, 22.3210212 ], [ 114.0001431, 22.3210527 ], [ 114.0001167, 22.3210855 ], [ 114.0000308, 22.3210513 ] ] ] } },
{ "type": "Feature", "properties": { }, "geometry": { "type": "Polygon", "coordinates": [ [ [ 113.9821077, 22.3753597 ], [ 113.982209, 22.3754172 ], [ 113.982213500000015, 22.3754626 ], [ 113.9821611, 22.3755392 ], [ 113.9821193, 22.3755461 ], [ 113.9820415, 22.375477 ], [ 113.9820506, 22.3753629 ], [ 113.9821077, 22.3753597 ] ] ] } },
{ "type": "Feature", "properties": { }, "geometry": { "type": "Polygon", "coordinates": [ [ [ 114.0702402, 22.3636492 ], [ 114.0702027, 22.3636188 ], [ 114.070268400000018, 22.3635958 ], [ 114.070274400000017, 22.3636312 ], [ 114.0702402, 22.3636492 ] ] ] } },
{ "type": "Feature", "properties": { }, "geometry": { "type": "Polygon", "coordinates": [ [ [ 114.3989624, 22.4338454 ], [ 114.3989289, 22.4337785 ], [ 114.399004, 22.4337376 ], [ 114.399022800000012, 22.4338343 ], [ 114.3989624, 22.4338454 ] ] ] } },
{ "type": "Feature", "properties": { }, "geometry": { "type": "Polygon", "coordinates": [ [ [ 114.398831, 22.4340524 ], [ 114.3988337, 22.4339768 ], [ 114.3989061, 22.4339607 ], [ 114.3989584, 22.4340078 ], [ 114.3989061, 22.4340872 ], [ 114.398831, 22.4340524 ] ] ] } },
{ "type": "Feature", "properties": { }, "geometry": { "type": "LineString", "coordinates": [ [ 113.9014337, 22.4058938 ], [ 113.9015137, 22.4058258 ], [ 113.9015169, 22.4057254 ], [ 113.9016272, 22.4056921 ], [ 113.9017284, 22.4057272 ], [ 113.9018704, 22.4055865 ], [ 113.901954, 22.4056056 ], [ 113.9019871, 22.4054983 ], [ 113.9020531, 22.4054664 ], [ 113.9022753, 22.4054647 ], [ 113.9023978, 22.4053279 ], [ 113.902515, 22.4052744 ], [ 113.9026495, 22.4052662 ], [ 113.9027054, 22.4053139 ], [ 113.9027775, 22.4052357 ], [ 113.902834, 22.4052778 ], [ 113.902959, 22.4052521 ], [ 113.9029837, 22.4051476 ], [ 113.903083, 22.405141 ], [ 113.9033042, 22.405185199999988 ], [ 113.9033891, 22.4051331 ], [ 113.9035505, 22.4051613 ], [ 113.9038914, 22.4050521 ], [ 113.9039019, 22.4049704 ], [ 113.9037764, 22.4049289 ], [ 113.9038231, 22.4048348 ], [ 113.9041686, 22.4048508 ], [ 113.9042194, 22.404814 ], [ 113.9042887, 22.4048299 ], [ 113.9044144, 22.404736 ], [ 113.9047333, 22.404643 ], [ 113.9048971, 22.4046397 ], [ 113.9049822, 22.4045077 ], [ 113.905083, 22.4045181 ], [ 113.9051656, 22.4044614 ], [ 113.9053553, 22.404514 ], [ 113.9054378, 22.4044318 ], [ 113.9055953, 22.4044163 ], [ 113.9057983, 22.4043412 ], [ 113.905840500000011, 22.4044194 ], [ 113.9059912, 22.4043573 ], [ 113.9060564, 22.4042503 ], [ 113.9062482, 22.4042569 ], [ 113.9062833, 22.4041453 ], [ 113.9064069, 22.4041704 ], [ 113.9064166, 22.4042508 ], [ 113.9065059, 22.4042721 ], [ 113.9066511, 22.4041543 ], [ 113.9067892, 22.4041239 ], [ 113.9068469, 22.404032 ], [ 113.9068153, 22.40391 ], [ 113.9069469, 22.4038784 ], [ 113.90699, 22.4040001 ], [ 113.9070052, 22.4039399 ], [ 113.9070773, 22.4039059 ], [ 113.9071049, 22.403834 ], [ 113.9073033, 22.4037858 ], [ 113.9074635, 22.4037917 ], [ 113.9075933, 22.4037133 ], [ 113.9077493, 22.4037423 ], [ 113.907838, 22.4036853 ], [ 113.9080977, 22.4037561 ], [ 113.9081491, 22.4039688 ], [ 113.90821870000002, 22.4039997 ], [ 113.9082928, 22.4039425 ], [ 113.9085605, 22.4040268 ], [ 113.908473900000018, 22.404233 ], [ 113.9088528, 22.4043291 ], [ 113.9092865, 22.4042199 ], [ 113.9096849, 22.4039004 ], [ 113.9104204, 22.4032237 ], [ 113.9105174, 22.4032299 ], [ 113.9106958, 22.403147 ], [ 113.9108444, 22.4029472 ], [ 113.9104101, 22.402512 ], [ 113.9099793, 22.402132699999989 ], [ 113.9100038, 22.4021177 ], [ 113.9104416, 22.4024518 ], [ 113.9108339, 22.4027984 ], [ 113.9110954, 22.4026992 ], [ 113.911263, 22.4025711 ], [ 113.9114012, 22.4026087 ], [ 113.9121841, 22.403333 ], [ 113.9124058, 22.4032601 ], [ 113.9125872, 22.4031391 ], [ 113.9132858, 22.4024249 ], [ 113.9133974, 22.4022651 ], [ 113.9137123, 22.4020306 ], [ 113.9141456, 22.4014965 ], [ 113.9142853, 22.4012431 ], [ 113.9143776, 22.4011397 ], [ 113.914649200000014, 22.4005805 ], [ 113.9149308, 22.3997496 ], [ 113.9150372, 22.399634 ], [ 113.9149944, 22.3996164 ], [ 113.9150716, 22.3993797 ], [ 113.9150862, 22.3991729 ], [ 113.9151822, 22.399038 ], [ 113.9152758, 22.398782 ], [ 113.9153401, 22.39827 ], [ 113.9153849, 22.3981214 ], [ 113.9153761, 22.3977722 ], [ 113.9152236, 22.3974908 ], [ 113.914648, 22.3970564 ], [ 113.9145675, 22.3970601 ], [ 113.9145581, 22.3971642 ], [ 113.9144683, 22.3971927 ], [ 113.9144401, 22.3970886 ], [ 113.9143918, 22.3970526 ], [ 113.9142698, 22.3971382 ], [ 113.9142255, 22.3971121 ], [ 113.9142886, 22.397065 ], [ 113.9143194, 22.3969547 ], [ 113.9141411, 22.39691 ], [ 113.914078, 22.3969224 ], [ 113.9140539, 22.3968679 ], [ 113.9139042, 22.3968114 ], [ 113.9137495, 22.3966769 ], [ 113.9137535, 22.396791 ], [ 113.91370520000001, 22.3968034 ], [ 113.9136864, 22.3967315 ], [ 113.913724, 22.3966732 ], [ 113.9136489, 22.3965988 ], [ 113.913531600000013, 22.3965937 ], [ 113.9135925, 22.396512 ], [ 113.9135563, 22.3964066 ], [ 113.9134705, 22.3963905 ], [ 113.9133739, 22.3961859 ], [ 113.9133042, 22.3961041 ], [ 113.9133701, 22.3959138 ], [ 113.9134963, 22.3958912 ], [ 113.9135203, 22.3959571 ], [ 113.9136573, 22.3959365 ], [ 113.9136785, 22.3956937 ], [ 113.9139004, 22.3956194 ], [ 113.9141594, 22.3952697 ], [ 113.9144451, 22.3947255 ], [ 113.914671700000014, 22.3945228 ], [ 113.9147105, 22.3936558 ], [ 113.9148652, 22.3928597 ], [ 113.9151661, 22.3925463 ], [ 113.9153987, 22.3923847 ], [ 113.9161864, 22.3924491 ], [ 113.91629, 22.3923401 ], [ 113.9165136, 22.3923269 ], [ 113.9165075, 22.3922142 ], [ 113.9165706, 22.392092 ], [ 113.9167474, 22.391998 ], [ 113.916946600000017, 22.391718 ], [ 113.9171133, 22.3916334 ], [ 113.9172088, 22.3915394 ], [ 113.9170422, 22.391454 ], [ 113.9172527, 22.3913777 ], [ 113.9173979, 22.3910508 ], [ 113.9175422, 22.391094 ], [ 113.917589, 22.391017 ], [ 113.917872, 22.3912372 ], [ 113.9180591, 22.3912837 ], [ 113.9183816, 22.3911343 ], [ 113.9188966, 22.3906023 ], [ 113.9191568, 22.3902601 ], [ 113.9199185, 22.3889829 ], [ 113.9206696, 22.3870633 ], [ 113.9208533, 22.3863032 ], [ 113.9209391, 22.3854282 ], [ 113.9208546, 22.3849441 ], [ 113.9206704, 22.3841163 ], [ 113.9204294, 22.3834499 ], [ 113.9204243, 22.3828741 ], [ 113.9203661, 22.3824672 ], [ 113.9201955, 22.3819724 ], [ 113.9201111, 22.3818331 ], [ 113.919914700000021, 22.3808263 ], [ 113.9197031, 22.380028 ], [ 113.9193145, 22.3793441 ], [ 113.9183062, 22.3786151 ] ] } },
{ "type": "Feature", "properties": { }, "geometry": { "type": "LineString", "coordinates": [ [ 114.2897831, 22.5052813 ], [ 114.2895276, 22.5054733 ], [ 114.2892949, 22.5055117 ], [ 114.2892158, 22.5055582 ], [ 114.2891984, 22.5058227 ], [ 114.2891561, 22.5059206 ], [ 114.2889127, 22.505964 ], [ 114.2885875, 22.5059286 ], [ 114.2884447, 22.5059856 ], [ 114.288385700000021, 22.506042 ], [ 114.2883555, 22.5061356 ], [ 114.2884205, 22.5063338 ], [ 114.2884091, 22.5064837 ], [ 114.2883635, 22.5065562 ], [ 114.2882495, 22.5066268 ], [ 114.288045700000012, 22.5066256 ], [ 114.287345, 22.5064069 ], [ 114.2872518, 22.5063499 ], [ 114.2870358, 22.5060717 ], [ 114.2867294, 22.5060761 ], [ 114.2864706, 22.5058593 ], [ 114.2863807, 22.5058252 ], [ 114.286262, 22.5058611 ], [ 114.2862272, 22.5060067 ], [ 114.2862895, 22.506252 ], [ 114.286602, 22.5068034 ], [ 114.2870124, 22.5073262 ], [ 114.2877741, 22.5080027 ], [ 114.2878412, 22.5081117 ], [ 114.2878519, 22.5082628 ], [ 114.287762, 22.5085862 ], [ 114.2876534, 22.5092453 ], [ 114.2876038, 22.5092812 ], [ 114.287479100000013, 22.5092751 ], [ 114.2868233, 22.5086147 ], [ 114.2863727, 22.5083483 ], [ 114.2863043, 22.5083273 ], [ 114.2862453, 22.5083446 ], [ 114.2861675, 22.5084524 ] ] } },
{ "type": "Feature", "properties": { }, "geometry": { "type": "LineString", "coordinates": [ [ 114.3918519, 22.3779283 ], [ 114.3918423, 22.378022 ], [ 114.3916781, 22.3781466 ], [ 114.3917382, 22.3782189 ], [ 114.3916313, 22.3782407 ], [ 114.391618, 22.3782924 ], [ 114.3915201, 22.3783809 ], [ 114.391406900000021, 22.3783397 ], [ 114.3912755, 22.3783493 ], [ 114.3912978, 22.3784259 ], [ 114.3912695, 22.3784411 ], [ 114.3913283, 22.3785101 ], [ 114.391367500000015, 22.3787293 ], [ 114.3913326, 22.3787964 ], [ 114.3911831, 22.3788839 ], [ 114.3911487, 22.3789678 ], [ 114.3908807, 22.3791384 ], [ 114.3910538, 22.3790936 ], [ 114.3910787, 22.3791293 ], [ 114.3911598, 22.3791045 ], [ 114.3911631, 22.3791396 ], [ 114.3911396, 22.3791803 ], [ 114.3910588, 22.3791671 ], [ 114.3910096, 22.3792302 ], [ 114.3909557, 22.3792306 ], [ 114.3908653, 22.3793564 ], [ 114.3908186, 22.3793542 ], [ 114.3907501, 22.3795657 ], [ 114.3908324, 22.3795448 ], [ 114.3908143, 22.3795186 ], [ 114.3908377, 22.3795096 ], [ 114.390982, 22.3795131 ], [ 114.3909474, 22.3795725 ], [ 114.3909971, 22.3795857 ], [ 114.3912673, 22.3794981 ], [ 114.3913447, 22.3795018 ], [ 114.3913546, 22.3795433 ], [ 114.3913708, 22.3794971 ], [ 114.391483, 22.3795025 ], [ 114.391480800000011, 22.3795989 ], [ 114.391414900000015, 22.3796871 ], [ 114.3913981, 22.3797731 ], [ 114.3913472, 22.3797778 ], [ 114.3912173, 22.3799265 ], [ 114.3911369, 22.3799609 ], [ 114.3911311, 22.3799963 ], [ 114.3912111, 22.3800332 ], [ 114.3909181, 22.3802029 ], [ 114.3908686, 22.3803126 ], [ 114.3908698, 22.380384 ], [ 114.3909432, 22.3803936 ], [ 114.3910284, 22.3803339 ], [ 114.3911227, 22.3803149 ], [ 114.3911912, 22.3802332 ], [ 114.3912505, 22.3802265 ], [ 114.391263, 22.3802546 ], [ 114.3913092, 22.3802174 ], [ 114.391364300000021, 22.380221 ], [ 114.3914063, 22.3803517 ], [ 114.3913787, 22.380363 ], [ 114.391361900000021, 22.380478 ], [ 114.3913175, 22.3804703 ], [ 114.3912848, 22.3805001 ], [ 114.3913301, 22.3805667 ], [ 114.391216, 22.3806305 ], [ 114.3911447, 22.3806231 ], [ 114.3911224, 22.3806927 ], [ 114.391173800000018, 22.3807635 ], [ 114.3911091, 22.380756 ], [ 114.3910722, 22.3808291 ], [ 114.3909691, 22.3808904 ], [ 114.3906561, 22.3808849 ], [ 114.3906481, 22.3808532 ], [ 114.3906057, 22.3808454 ], [ 114.3905553, 22.3808709 ], [ 114.3905705, 22.380923 ], [ 114.3906414, 22.3809279 ], [ 114.3906742, 22.3809801 ], [ 114.390653, 22.3810569 ], [ 114.39075, 22.3810717 ], [ 114.3906287, 22.3811493 ], [ 114.3905757, 22.3811297 ], [ 114.3905934, 22.3811844 ], [ 114.3905138, 22.3812129 ], [ 114.3905334, 22.3812507 ], [ 114.3904907, 22.3813205 ], [ 114.3902915, 22.3813511 ], [ 114.390186, 22.3812601 ], [ 114.3902088, 22.3812404 ], [ 114.3901533, 22.3812693 ], [ 114.3900781, 22.3812591 ], [ 114.3900776, 22.3813187 ], [ 114.3900272, 22.3813018 ], [ 114.3900355, 22.3813915 ], [ 114.3901172, 22.3814047 ], [ 114.3901221, 22.3814396 ], [ 114.3901016, 22.3814692 ], [ 114.3900473, 22.3814645 ], [ 114.3900188, 22.3815252 ], [ 114.3900911, 22.3815234 ], [ 114.390079, 22.3815844 ], [ 114.3901171, 22.3816329 ], [ 114.390158, 22.3815873 ], [ 114.3902576, 22.381551 ], [ 114.390308200000021, 22.3815876 ], [ 114.3901558, 22.3816811 ], [ 114.3900483, 22.3816844 ], [ 114.39001, 22.3817437 ], [ 114.3900342, 22.381817 ], [ 114.3902161, 22.3818555 ], [ 114.390187, 22.381899 ], [ 114.3897109, 22.3820457 ], [ 114.3898627, 22.3820614 ], [ 114.3898653, 22.3821186 ], [ 114.3897832, 22.3821346 ], [ 114.3900433, 22.382189 ], [ 114.3900716, 22.3822601 ], [ 114.3901737, 22.3822829 ], [ 114.3902255, 22.3822523 ], [ 114.3902895, 22.3822941 ], [ 114.3901722, 22.3824752 ], [ 114.3901659, 22.3826516 ], [ 114.390200100000015, 22.3827356 ], [ 114.3901365, 22.3831397 ], [ 114.3902363, 22.3830391 ], [ 114.3902999, 22.3830442 ], [ 114.390341, 22.3830941 ], [ 114.390334700000011, 22.3832004 ], [ 114.3902891, 22.3832562 ], [ 114.3902517, 22.3832407 ], [ 114.3902553, 22.3832818 ], [ 114.3902143, 22.3833179 ], [ 114.3901846, 22.3833056 ], [ 114.3901252, 22.3833488 ], [ 114.3901369, 22.3834218 ], [ 114.390192, 22.3834648 ], [ 114.3900796, 22.3835282 ], [ 114.3900968, 22.3835825 ], [ 114.3901804, 22.3835801 ], [ 114.3902263, 22.3836717 ], [ 114.3902694, 22.3836904 ], [ 114.3904165, 22.3836746 ], [ 114.3904908, 22.3837229 ], [ 114.3905372, 22.3836782 ], [ 114.3905563, 22.3837072 ], [ 114.3906358, 22.383702 ], [ 114.3906059, 22.3837863 ], [ 114.3905108, 22.3838665 ], [ 114.3904289, 22.3838233 ], [ 114.3903669, 22.3838354 ], [ 114.390309800000011, 22.3837842 ], [ 114.39022940000001, 22.3838104 ], [ 114.3900305, 22.383772 ], [ 114.3900093, 22.3837941 ], [ 114.3901201, 22.3838375 ], [ 114.3900884, 22.3838699 ], [ 114.3901311, 22.3838836 ], [ 114.3900939, 22.3839795 ], [ 114.3901375, 22.3839327 ], [ 114.39017680000002, 22.3839629 ], [ 114.3902549, 22.383945 ], [ 114.3903176, 22.3839805 ], [ 114.3903017, 22.3840997 ], [ 114.3903849, 22.3841767 ], [ 114.3903479, 22.3842408 ], [ 114.3904118, 22.3842706 ], [ 114.3903464, 22.3843476 ], [ 114.3902621, 22.3843741 ], [ 114.3903648, 22.3845274 ], [ 114.3903156, 22.3845923 ], [ 114.390355, 22.3845936 ], [ 114.3903591, 22.3846296 ], [ 114.3902741, 22.3846987 ], [ 114.3902593, 22.3847865 ], [ 114.3902911, 22.3848022 ], [ 114.3902265, 22.3848537 ], [ 114.3901195, 22.3848684 ], [ 114.3901068, 22.3849014 ], [ 114.3901316, 22.3849303 ], [ 114.3903488, 22.3849201 ], [ 114.3903827, 22.3849484 ], [ 114.3903477, 22.3849833 ], [ 114.3903456, 22.3850994 ], [ 114.390243500000011, 22.3851089 ], [ 114.3902498, 22.3851498 ], [ 114.3901524, 22.3852478 ], [ 114.3902175, 22.3852744 ], [ 114.3902116, 22.3852208 ], [ 114.3903123, 22.3852514 ], [ 114.3903373, 22.3852271 ], [ 114.3904172, 22.3853108 ], [ 114.3904104, 22.3853523 ], [ 114.390012, 22.3854761 ], [ 114.3899845, 22.3855172 ], [ 114.3898369, 22.3855029 ], [ 114.3897583, 22.385516 ], [ 114.3897533, 22.3855458 ], [ 114.3896558, 22.3855349 ], [ 114.3895453, 22.3855674 ], [ 114.3895403, 22.3856002 ], [ 114.3900833, 22.3856316 ], [ 114.3901927, 22.3856695 ], [ 114.39022580000001, 22.385694 ], [ 114.3902198, 22.3857357 ], [ 114.3902729, 22.3857691 ], [ 114.3902641, 22.3858527 ], [ 114.3903815, 22.3859188 ], [ 114.390401, 22.3859618 ], [ 114.3904975, 22.3859963 ], [ 114.3905362, 22.3861077 ], [ 114.3904752, 22.3861885 ], [ 114.3906189, 22.3861987 ], [ 114.3906406, 22.38627 ], [ 114.3906149, 22.3863516 ], [ 114.3907222, 22.3863723 ], [ 114.3906748, 22.3864521 ], [ 114.3907052, 22.3864752 ], [ 114.3906935, 22.3865109 ], [ 114.3906453, 22.3865672 ], [ 114.3905298, 22.3866108 ], [ 114.390532, 22.3866337 ], [ 114.3905981, 22.3866354 ], [ 114.3906246, 22.386677 ], [ 114.3906283, 22.3867091 ], [ 114.390578, 22.3867398 ], [ 114.390598, 22.3867615 ], [ 114.3905749, 22.3868068 ], [ 114.3905176, 22.3868148 ], [ 114.3905058, 22.386876 ], [ 114.3904507, 22.3868947 ], [ 114.3903615, 22.3870064 ], [ 114.3903883, 22.3870387 ], [ 114.3903422, 22.3870342 ], [ 114.3903, 22.3871618 ], [ 114.3902392, 22.3872289 ], [ 114.3900814, 22.3872633 ], [ 114.3900692, 22.38728 ], [ 114.3901763, 22.3872854 ], [ 114.3902087, 22.3873133 ], [ 114.3900159, 22.3873984 ], [ 114.3899444, 22.3875277 ], [ 114.3899541, 22.3876111 ], [ 114.3900989, 22.3876059 ], [ 114.3901535, 22.3877087 ], [ 114.3901948, 22.3877208 ], [ 114.39025070000001, 22.3876721 ], [ 114.3903252, 22.3876647 ], [ 114.3903043, 22.3876356 ], [ 114.3903266, 22.387588 ], [ 114.390442400000012, 22.3874968 ], [ 114.3906218, 22.3874685 ], [ 114.3906836, 22.3876552 ], [ 114.3907367, 22.3876896 ], [ 114.3906168, 22.3879074 ], [ 114.3904998, 22.3879944 ], [ 114.3902142, 22.3881183 ], [ 114.3902115, 22.388166 ], [ 114.3901407, 22.3882094 ], [ 114.389795, 22.3881061 ], [ 114.389879400000012, 22.3882235 ], [ 114.3898363, 22.3882761 ], [ 114.3897618, 22.3882916 ], [ 114.3896945, 22.3882633 ], [ 114.3896471, 22.3882943 ], [ 114.3896611, 22.3883279 ], [ 114.3895894, 22.3883778 ], [ 114.3895818, 22.3884697 ], [ 114.3895923, 22.3885186 ], [ 114.3897229, 22.3885382 ], [ 114.3897191, 22.3886508 ], [ 114.3897435, 22.3885881 ], [ 114.3897779, 22.3886478 ], [ 114.3897313, 22.3887179 ], [ 114.38967, 22.3887432 ], [ 114.3896866, 22.388801 ], [ 114.3895819, 22.3888313 ], [ 114.389511700000014, 22.388819 ], [ 114.3894088, 22.3888881 ], [ 114.3894747, 22.3889017 ], [ 114.3894787, 22.3889669 ], [ 114.3893532, 22.3889938 ], [ 114.3891996, 22.3889455 ], [ 114.3891702, 22.3889099 ], [ 114.3889559, 22.388891 ], [ 114.388917800000016, 22.3888443 ], [ 114.3888365, 22.3888334 ], [ 114.3888207, 22.3887718 ], [ 114.3887696, 22.3887553 ], [ 114.388758, 22.388818 ], [ 114.3888488, 22.3889472 ], [ 114.3889046, 22.3891296 ], [ 114.3888935, 22.3891687 ], [ 114.388809, 22.3892286 ], [ 114.3886114, 22.3892545 ], [ 114.38853, 22.3891856 ], [ 114.3884719, 22.3892113 ], [ 114.3884167, 22.3891971 ], [ 114.3882862, 22.3891143 ], [ 114.3882188, 22.3891033 ], [ 114.3881582, 22.3890001 ], [ 114.3881585, 22.389103 ], [ 114.387992700000012, 22.3891659 ], [ 114.388116, 22.3891979 ], [ 114.3881564, 22.3892404 ], [ 114.3881625, 22.3893081 ], [ 114.3881068, 22.3893631 ], [ 114.387993, 22.3893467 ], [ 114.3879243, 22.3892492 ], [ 114.3879109, 22.3892787 ], [ 114.3878408, 22.3892778 ], [ 114.3877648, 22.3892377 ], [ 114.3878695, 22.3893412 ], [ 114.3879091, 22.3894056 ], [ 114.387896, 22.3894362 ], [ 114.3875447, 22.3895469 ], [ 114.387286, 22.3897051 ], [ 114.3871149, 22.3897092 ], [ 114.38705920000001, 22.3897494 ], [ 114.3869718, 22.3897483 ], [ 114.386968, 22.3897773 ], [ 114.3870129, 22.389783 ], [ 114.3869926, 22.3898838 ], [ 114.387064400000014, 22.3898613 ], [ 114.3871631, 22.3899108 ], [ 114.3871589, 22.3899933 ], [ 114.3870988, 22.3900175 ], [ 114.38705880000002, 22.3899809 ], [ 114.3870186, 22.3900047 ], [ 114.3870337, 22.390076 ], [ 114.3870002, 22.3901345 ], [ 114.3868512, 22.3900873 ], [ 114.3866389, 22.3901295 ], [ 114.3868915, 22.3901717 ], [ 114.3868676, 22.3902038 ], [ 114.3869663, 22.3903634 ], [ 114.3868242, 22.3904931 ], [ 114.3868198, 22.3905881 ], [ 114.3867289, 22.3906222 ], [ 114.3865542, 22.3905876 ], [ 114.3864618, 22.3906566 ], [ 114.3863483, 22.3906497 ], [ 114.3863053, 22.3906099 ], [ 114.3861512, 22.3905606 ], [ 114.3860932, 22.3904609 ], [ 114.3860432, 22.3904343 ], [ 114.3859853, 22.3903092 ], [ 114.38584680000001, 22.3903035 ], [ 114.3858012, 22.3902177 ], [ 114.3857903, 22.3901001 ], [ 114.385712600000019, 22.390052 ], [ 114.3855713, 22.3900996 ], [ 114.3854749, 22.3899824 ], [ 114.385438900000011, 22.3897845 ], [ 114.3852371, 22.389682 ], [ 114.3852317, 22.3896191 ], [ 114.3853475, 22.3894537 ], [ 114.385378, 22.3893576 ], [ 114.385266500000014, 22.3893637 ], [ 114.3852326, 22.3893356 ], [ 114.3852343, 22.3892749 ], [ 114.3851459, 22.389344 ], [ 114.3850322, 22.3895021 ], [ 114.385046300000013, 22.3893674 ], [ 114.3849431, 22.3893169 ], [ 114.3847702, 22.3893333 ], [ 114.3847356, 22.3894084 ], [ 114.3846666, 22.3893683 ], [ 114.3844256, 22.389322 ], [ 114.3844155, 22.389466 ], [ 114.3842776, 22.3898014 ], [ 114.384217, 22.3898944 ], [ 114.3840794, 22.3899194 ], [ 114.3840805, 22.3899418 ], [ 114.384194800000017, 22.3899792 ], [ 114.3841855, 22.3900311 ], [ 114.3840596, 22.390220699999986 ], [ 114.3839769, 22.3902643 ], [ 114.3839209, 22.3904751 ], [ 114.383849600000019, 22.3905679 ], [ 114.3839062, 22.3905493 ], [ 114.3839302, 22.3906322 ], [ 114.3838202, 22.3906712 ], [ 114.3838232, 22.3907459 ], [ 114.3837827, 22.3908238 ], [ 114.3837935, 22.3909068 ], [ 114.3836514, 22.3909854 ], [ 114.3836415, 22.3910164 ], [ 114.383549, 22.39104 ], [ 114.3835543, 22.3910833 ], [ 114.3834812, 22.3911366 ], [ 114.38349070000001, 22.3911579 ], [ 114.3834207, 22.3911845 ], [ 114.3834199, 22.3912543 ], [ 114.3833468, 22.3912655 ], [ 114.3833422, 22.3913376 ], [ 114.383294, 22.3913399 ], [ 114.3832556, 22.3914208 ], [ 114.383198, 22.3914306 ], [ 114.3831471, 22.3915657 ], [ 114.3830051, 22.3917235 ], [ 114.3829416, 22.3917481 ], [ 114.3828903, 22.391729 ], [ 114.3828305, 22.3917464 ], [ 114.382795, 22.3917014 ], [ 114.3826466, 22.3917249 ], [ 114.3826223, 22.3917116 ], [ 114.3826525, 22.3916524 ], [ 114.382641, 22.3916331 ], [ 114.382591, 22.3916488 ], [ 114.3826024, 22.3915949 ], [ 114.3825727, 22.3915886 ], [ 114.3824698, 22.3916539 ], [ 114.3824672, 22.3915779 ], [ 114.382338600000011, 22.3915471 ], [ 114.3822939, 22.3913975 ], [ 114.3822327, 22.3914489 ], [ 114.3822314, 22.3915333 ], [ 114.3820048, 22.3915578 ], [ 114.381966, 22.3915947 ], [ 114.3818514, 22.3916235 ], [ 114.3816985, 22.391595 ], [ 114.3816572, 22.3916072 ], [ 114.381664300000011, 22.3916524 ], [ 114.381618, 22.3916752 ], [ 114.3815214, 22.3916162 ], [ 114.3814973, 22.3917255 ], [ 114.3814056, 22.3917011 ], [ 114.3815261, 22.3917398 ], [ 114.3816019, 22.3918084 ], [ 114.3815897, 22.3918341 ], [ 114.3816506, 22.3919442 ], [ 114.3816391, 22.3920761 ], [ 114.381701, 22.3922037 ], [ 114.3816674, 22.3922537 ], [ 114.381689, 22.392342 ], [ 114.381577100000015, 22.3927515 ], [ 114.3815802, 22.3927705 ], [ 114.3816433, 22.3927469 ], [ 114.3816697, 22.3927714 ], [ 114.3816322, 22.3928183 ], [ 114.3816632, 22.3929237 ], [ 114.3816291, 22.3929671 ], [ 114.3816409, 22.3930469 ], [ 114.381608, 22.3930754 ], [ 114.3816222, 22.3932048 ], [ 114.3816065, 22.3932425 ], [ 114.3815503, 22.3932652 ], [ 114.3815521, 22.3933496 ], [ 114.3814631, 22.3934753 ], [ 114.3814671, 22.3935844 ], [ 114.3814081, 22.393695 ], [ 114.3813065, 22.3937667 ], [ 114.381174800000011, 22.3937724 ], [ 114.3809563, 22.3938974 ], [ 114.3807923, 22.393904 ], [ 114.3807407, 22.3939565 ], [ 114.3809338, 22.3940186 ], [ 114.3809661, 22.394128 ], [ 114.3809414, 22.3942095 ], [ 114.3808045, 22.3943769 ], [ 114.3806139, 22.3944424 ], [ 114.380575, 22.394518 ], [ 114.3806021, 22.3945389 ], [ 114.3805886, 22.3945676 ], [ 114.3805076, 22.3946107 ], [ 114.3804745, 22.3947323 ], [ 114.3804412, 22.3947402 ], [ 114.3804498, 22.3947971 ], [ 114.3803808, 22.3948667 ], [ 114.3804187, 22.3948685 ], [ 114.3803917, 22.3949408 ], [ 114.3803202, 22.3949936 ], [ 114.3803162, 22.3950763 ], [ 114.380199, 22.3951698 ], [ 114.3798395, 22.3952937 ], [ 114.37986, 22.3953675 ], [ 114.379973, 22.3953811 ], [ 114.3800967, 22.3955378 ], [ 114.3799507, 22.3957104 ], [ 114.379938700000011, 22.3957348 ], [ 114.3799782, 22.3957711 ], [ 114.3798853, 22.3958875 ], [ 114.379891300000011, 22.395926 ], [ 114.3797908, 22.3960058 ], [ 114.3797275, 22.3961035 ], [ 114.3796209, 22.3961512 ], [ 114.3794281, 22.3960933 ], [ 114.3794165, 22.3961335 ], [ 114.3793731, 22.3960961 ], [ 114.379348800000017, 22.3961297 ], [ 114.3792448, 22.3960761 ], [ 114.3792022, 22.3959994 ], [ 114.3790866, 22.3959582 ], [ 114.3791202, 22.3960729 ], [ 114.3792131, 22.3961575 ], [ 114.3792093, 22.3961881 ], [ 114.3791326, 22.396191 ], [ 114.3791052, 22.3961086 ], [ 114.3789921, 22.3960769 ], [ 114.3788254, 22.3958874 ], [ 114.3788856, 22.3960355 ], [ 114.3788854, 22.3961178 ], [ 114.3787946, 22.3961771 ], [ 114.3787467, 22.3961611 ], [ 114.3786376, 22.3959732 ], [ 114.3785699, 22.3960498 ], [ 114.3786198, 22.3961102 ], [ 114.3786044, 22.3962065 ], [ 114.3785032, 22.3960669 ], [ 114.3784617, 22.3959474 ], [ 114.378476, 22.3958638 ], [ 114.3784235, 22.3959229 ], [ 114.37841610000001, 22.395773 ], [ 114.378303, 22.3961187 ], [ 114.3783004, 22.3962937 ], [ 114.3782589, 22.3963071 ], [ 114.378245300000017, 22.3964104 ], [ 114.3781715, 22.3964309 ], [ 114.3781601, 22.3965172 ], [ 114.378091400000017, 22.3965474 ], [ 114.3779792, 22.396692 ], [ 114.377887, 22.3967249 ], [ 114.37780530000002, 22.3968606 ], [ 114.3777408, 22.3968437 ], [ 114.3776708, 22.396988 ], [ 114.3775659, 22.3970327 ], [ 114.377314, 22.3970257 ], [ 114.3771193, 22.3969157 ], [ 114.3771305, 22.3969562 ], [ 114.3770853, 22.3969839 ], [ 114.3770015, 22.3969753 ], [ 114.3768044, 22.3967764 ], [ 114.3767558, 22.3967058 ], [ 114.3767661, 22.3966702 ], [ 114.3766669, 22.3965686 ], [ 114.3766728, 22.3965138 ], [ 114.3765036, 22.3965408 ], [ 114.3766176, 22.3968558 ], [ 114.3766606, 22.397154 ], [ 114.3767204, 22.3972595 ], [ 114.3767021, 22.3973215 ], [ 114.376743200000021, 22.3976156 ], [ 114.3767282, 22.3978243 ], [ 114.3766687, 22.3979111 ], [ 114.3766904, 22.3979718 ], [ 114.3766478, 22.3979733 ], [ 114.3766364, 22.3980811 ], [ 114.3765235, 22.3981304 ], [ 114.3765927, 22.3982644 ], [ 114.376548, 22.3983199 ], [ 114.3764812, 22.398323 ], [ 114.3764234, 22.3982609 ], [ 114.3764144, 22.3983218 ], [ 114.3763686, 22.3982988 ], [ 114.3762968, 22.3981639 ], [ 114.3762792, 22.3983009 ], [ 114.3760867, 22.3983533 ], [ 114.3759193, 22.3983371 ], [ 114.3758287, 22.3982798 ], [ 114.375725, 22.3981491 ], [ 114.375702, 22.3982106 ], [ 114.3755011, 22.3983091 ], [ 114.3753037, 22.3982938 ], [ 114.3751234, 22.3982117 ], [ 114.3750818, 22.3982334 ], [ 114.3749762, 22.3981755 ], [ 114.3747783, 22.3981477 ], [ 114.3747426, 22.3981186 ], [ 114.374729, 22.3979871 ], [ 114.3746304, 22.3979603 ], [ 114.3745657, 22.398003 ], [ 114.374426900000017, 22.3978672 ], [ 114.3744216, 22.3978139 ], [ 114.3743483, 22.3977204 ], [ 114.3743708, 22.3976142 ], [ 114.374345, 22.3975913 ], [ 114.3743712, 22.397556 ], [ 114.3743363, 22.397501 ], [ 114.3742977, 22.3975103 ], [ 114.3741921, 22.3973597 ], [ 114.374098, 22.3973842 ], [ 114.3740388, 22.397343299999989 ], [ 114.374039100000019, 22.3972826 ], [ 114.3739975, 22.3972322 ], [ 114.374057, 22.3971412 ], [ 114.3740428, 22.3970719 ], [ 114.3737439, 22.3968495 ], [ 114.372954100000015, 22.3969969 ], [ 114.3721948, 22.3975281 ], [ 114.3717356, 22.3980025 ], [ 114.3717587, 22.3980879 ], [ 114.371651, 22.3982278 ], [ 114.37124, 22.3982201 ], [ 114.371132900000021, 22.3983772 ], [ 114.3706992, 22.3991809 ], [ 114.3700723, 22.4001679 ], [ 114.3700911, 22.4002969 ], [ 114.3708676, 22.4003632 ], [ 114.370939, 22.4005652 ], [ 114.3712737, 22.4005252 ], [ 114.3716065, 22.4004333 ], [ 114.3719056, 22.4005219 ], [ 114.3721041, 22.4004798 ], [ 114.3723132, 22.4005322 ], [ 114.3723398, 22.4008581 ], [ 114.3720502, 22.40104 ], [ 114.3721282, 22.4011915 ], [ 114.3721084, 22.4012922 ], [ 114.3724012, 22.4013319 ], [ 114.372433, 22.4012549 ], [ 114.3725395, 22.4012137 ], [ 114.3727064, 22.4012871 ], [ 114.3728869, 22.4011696 ], [ 114.3730147, 22.4009968 ], [ 114.3732923, 22.4009596 ], [ 114.3736048, 22.4008493 ], [ 114.3736665, 22.400796 ], [ 114.3737791, 22.400791 ], [ 114.3737778, 22.4008294 ], [ 114.3736759, 22.4008939 ], [ 114.3736061, 22.400889 ], [ 114.3735887, 22.4009485 ], [ 114.37363160000001, 22.4010911 ], [ 114.3735813, 22.4011765 ], [ 114.3736383, 22.4012113 ], [ 114.373842, 22.4012418 ], [ 114.3738328, 22.4012882 ], [ 114.3739615, 22.4013192 ], [ 114.373877, 22.4013787 ], [ 114.3739025, 22.4015461 ], [ 114.373997700000018, 22.4015932 ], [ 114.3739937, 22.4018077 ], [ 114.374148, 22.4017532 ], [ 114.3741707, 22.4016924 ], [ 114.3742874, 22.4016515 ], [ 114.3743961, 22.401675 ], [ 114.3743478, 22.4018052 ], [ 114.3741748, 22.4019429 ], [ 114.3739106, 22.40199 ], [ 114.373861, 22.4020272 ], [ 114.3738169, 22.402131 ], [ 114.3740541, 22.4021524 ], [ 114.3742864, 22.4022263 ], [ 114.3743963, 22.402422 ], [ 114.3745838, 22.4024128 ], [ 114.3746428, 22.4024537 ], [ 114.3746308, 22.4025679 ], [ 114.3745516, 22.4026694 ], [ 114.3744671, 22.4026533 ], [ 114.37416, 22.4028207 ], [ 114.3741319, 22.4029149 ], [ 114.3740313, 22.40291 ], [ 114.373756200000017, 22.4030868 ], [ 114.3739186, 22.4031133 ], [ 114.3739414, 22.403215 ], [ 114.3741761, 22.4034493 ], [ 114.3742856, 22.403456 ], [ 114.3743934, 22.4034444 ], [ 114.3744108, 22.4033191 ], [ 114.3746294, 22.4033551 ], [ 114.3749204, 22.4030501 ], [ 114.3750371, 22.4029955 ], [ 114.3752155, 22.4030414 ], [ 114.375304, 22.4031059 ], [ 114.3753482, 22.4032348 ], [ 114.3753095, 22.4033607 ], [ 114.3752517, 22.4033849 ], [ 114.37519, 22.4035212 ], [ 114.3748614, 22.4036514 ], [ 114.3747541, 22.4036576 ], [ 114.3746188, 22.4037505 ], [ 114.37482390000001, 22.4038511 ], [ 114.37474880000002, 22.4040246 ], [ 114.3748628, 22.404104 ], [ 114.3750277, 22.4040581 ], [ 114.3750961, 22.4041288 ], [ 114.3750492, 22.4042057 ], [ 114.3747595, 22.4042491 ], [ 114.3745972, 22.4044251 ], [ 114.3745161, 22.4044461 ], [ 114.3745677, 22.4045231 ], [ 114.3744645, 22.4045875 ], [ 114.3745912, 22.4048964 ], [ 114.374667, 22.4048392 ], [ 114.3746187, 22.4046892 ], [ 114.3747032, 22.4046161 ], [ 114.3749419, 22.4045677 ], [ 114.3750881, 22.4045925 ], [ 114.3750559, 22.4047859 ], [ 114.3751176, 22.4048045 ], [ 114.375127, 22.4048566 ], [ 114.3750894, 22.4049248 ], [ 114.3751337, 22.405045 ], [ 114.3750545, 22.4051542 ], [ 114.375135, 22.4052608 ], [ 114.3753496, 22.4052831 ], [ 114.3755065, 22.4052261 ], [ 114.3755481, 22.4052806 ], [ 114.3755414, 22.4053463 ], [ 114.3754823, 22.405391 ], [ 114.3754193, 22.4053885 ], [ 114.3752986, 22.4055249 ], [ 114.3751504, 22.4055339 ], [ 114.3751095, 22.4055906 ], [ 114.3751673, 22.4058429 ], [ 114.3750613, 22.4059118 ], [ 114.3749781, 22.4058274 ], [ 114.374995500000011, 22.4057629 ], [ 114.3749472, 22.4057852 ], [ 114.3748855, 22.4058361 ], [ 114.374862100000016, 22.4061139 ], [ 114.3744876, 22.4062913 ] ] } },
{ "type": "Feature", "properties": { }, "geometry": { "type": "LineString", "coordinates": [ [ 114.2743645, 22.4115491 ], [ 114.2742647, 22.411687 ], [ 114.2741001, 22.4120845 ], [ 114.2741573, 22.4125181 ], [ 114.2740957, 22.4127182 ] ] } },
{ "type": "Feature", "properties": { }, "geometry": { "type": "LineString", "coordinates": [ [ 114.2748707, 22.4685322 ], [ 114.274863300000021, 22.4685762 ], [ 114.274756, 22.4686431 ], [ 114.2746849, 22.4688464 ], [ 114.2746474, 22.4688575 ], [ 114.2745428, 22.4688427 ], [ 114.2743736, 22.4688837 ], [ 114.273857, 22.4688499 ], [ 114.2736241, 22.4688042 ], [ 114.2734753, 22.4686897 ], [ 114.2726827, 22.4682813 ], [ 114.2721924, 22.4679245 ], [ 114.2716813, 22.4677058 ], [ 114.2712473, 22.4675873 ], [ 114.2708529, 22.467276 ], [ 114.270619300000021, 22.4671417 ], [ 114.2703867, 22.4671138 ], [ 114.2701587, 22.4671238 ], [ 114.270082, 22.4672577 ] ] } },
{ "type": "Feature", "properties": { }, "geometry": { "type": "LineString", "coordinates": [ [ 114.354921, 22.4410691 ], [ 114.3550604, 22.4406501 ], [ 114.3551355, 22.4406426 ], [ 114.355208, 22.4404741 ], [ 114.355301800000021, 22.4404047 ], [ 114.3553662, 22.4404071 ], [ 114.3557739, 22.4399857 ], [ 114.3560394, 22.4398394 ], [ 114.35593750000001, 22.4397675 ], [ 114.3559563, 22.4396584 ], [ 114.3560475, 22.4395965 ], [ 114.3559885, 22.4394576 ], [ 114.355849, 22.4393015 ], [ 114.3555932, 22.4392014 ], [ 114.355564200000018, 22.439153 ], [ 114.3556492, 22.4390436 ], [ 114.355456100000012, 22.4385081 ], [ 114.3551127, 22.4381462 ], [ 114.3549786, 22.4378487 ], [ 114.3548123, 22.4375908 ], [ 114.3546192, 22.4375363 ], [ 114.3544905, 22.4373876 ], [ 114.354458300000019, 22.4371099 ], [ 114.3545441, 22.4369661 ], [ 114.3545066, 22.4367479 ], [ 114.3546139, 22.4363513 ], [ 114.354528, 22.4360389 ], [ 114.3542705, 22.4355976 ], [ 114.3542115, 22.4352505 ], [ 114.3544958, 22.4348489 ], [ 114.354748, 22.4346208 ], [ 114.3550601, 22.4346199 ], [ 114.3552, 22.4343701 ], [ 114.35521, 22.4341 ], [ 114.3551021, 22.433851 ], [ 114.3549669, 22.4337358 ], [ 114.3542879, 22.433488 ], [ 114.3540553, 22.4331396 ], [ 114.3541285, 22.432474 ], [ 114.3539447, 22.4320572 ], [ 114.353956400000015, 22.4316913 ], [ 114.3541023, 22.4313899 ], [ 114.3539489, 22.4308524 ], [ 114.3540465, 22.4305546 ], [ 114.3543212, 22.4303277 ], [ 114.354467, 22.4299652 ], [ 114.3544598, 22.4294551 ], [ 114.3543372, 22.4291113 ], [ 114.3542247, 22.4288953 ], [ 114.35357, 22.4284865 ], [ 114.3535244, 22.4283876 ], [ 114.3535566, 22.4280204 ], [ 114.3537176, 22.427822 ], [ 114.3540582, 22.4277179 ], [ 114.3546858, 22.4276063 ], [ 114.3551257, 22.4276039 ], [ 114.355284, 22.427534399999988 ], [ 114.3554261, 22.4273683 ], [ 114.3554261, 22.4272047 ], [ 114.3553406, 22.4271401 ], [ 114.3547368, 22.4269493 ], [ 114.3546537, 22.4268353 ], [ 114.3546676, 22.4265317 ], [ 114.3547873, 22.4263749 ], [ 114.355069500000013, 22.4261387 ], [ 114.3553309, 22.4260004 ], [ 114.355504, 22.425826 ], [ 114.3556499, 22.4257949 ], [ 114.3557887, 22.4258047 ], [ 114.3559309, 22.4257058 ], [ 114.3559641, 22.4255084 ], [ 114.3561594, 22.4252197 ], [ 114.3562089, 22.4250235 ], [ 114.3562017, 22.4249002 ], [ 114.3561301, 22.4248339 ], [ 114.3557312, 22.4249654 ], [ 114.3556444, 22.4249076 ], [ 114.3551938, 22.4248669 ], [ 114.3549063, 22.4247836 ], [ 114.3548289, 22.424789 ], [ 114.354807, 22.4248536 ], [ 114.3547483, 22.4248622 ], [ 114.3540948, 22.4246813 ], [ 114.3535523, 22.4249921 ], [ 114.353509100000011, 22.4249835 ], [ 114.3535173, 22.4249167 ], [ 114.353482200000016, 22.4248749 ], [ 114.3536026, 22.4248017 ], [ 114.3536412, 22.4248552 ], [ 114.353974500000021, 22.4246512 ], [ 114.3538364, 22.4244759 ], [ 114.353792, 22.4243703 ], [ 114.3538119, 22.4242516 ], [ 114.353789600000013, 22.4241403 ], [ 114.3538389, 22.4240793 ], [ 114.35403070000001, 22.4240383 ], [ 114.3541074, 22.4239628 ], [ 114.3544492, 22.4234369 ], [ 114.3547201, 22.42342 ], [ 114.3550946, 22.4232938 ], [ 114.3552747, 22.4232647 ], [ 114.3555336, 22.4231588 ], [ 114.3556395, 22.4230333 ], [ 114.3557173, 22.4227968 ], [ 114.3559369, 22.422547 ], [ 114.3560737, 22.4222869 ], [ 114.3560292, 22.4222502 ], [ 114.3559336, 22.4223329 ], [ 114.355667900000014, 22.4224616 ], [ 114.3555973, 22.422468 ], [ 114.355209400000021, 22.4220535 ], [ 114.3547744, 22.4219996 ], [ 114.3545759, 22.4220344 ], [ 114.3543842, 22.4220031 ], [ 114.3542122, 22.4220526 ], [ 114.3539896, 22.4222212 ], [ 114.3536829, 22.4223323 ], [ 114.3535058, 22.4223011 ] ] } },
{ "type": "Feature", "properties": { }, "geometry": { "type": "LineString", "coordinates": [ [ 114.2938669, 22.4768876 ], [ 114.2941244, 22.4773287 ], [ 114.2943495, 22.4776005 ], [ 114.2944417, 22.4778626 ], [ 114.294312, 22.4784704 ], [ 114.2943274, 22.4787273 ], [ 114.295197, 22.4790128 ], [ 114.2956236, 22.4788496 ], [ 114.2959065, 22.478775 ], [ 114.2962915, 22.4787802 ], [ 114.296680800000019, 22.4788904 ], [ 114.2972812, 22.4792186 ], [ 114.2977434, 22.4793622 ], [ 114.2987957, 22.4793023 ], [ 114.2992142, 22.4793077 ] ] } },
{ "type": "Feature", "properties": { }, "geometry": { "type": "LineString", "coordinates": [ [ 114.3093941, 22.4859724 ], [ 114.309266500000021, 22.4860462 ], [ 114.30903, 22.4860238 ], [ 114.3086981, 22.4859346 ], [ 114.3083725, 22.4859336 ], [ 114.3078303, 22.4857519 ], [ 114.3075676, 22.4857207 ], [ 114.3069425, 22.4857345 ], [ 114.3067531, 22.4858796 ], [ 114.3066648, 22.4860318 ], [ 114.3067977, 22.4861385 ], [ 114.3068566, 22.4862548 ], [ 114.3067279, 22.4863516 ], [ 114.306516, 22.4863739 ], [ 114.3064007, 22.4865003 ], [ 114.3064098, 22.4866217 ], [ 114.3066797, 22.4868448 ], [ 114.3078299, 22.4869601 ], [ 114.308402900000019, 22.4872057 ], [ 114.3090225, 22.4879883 ], [ 114.3090776, 22.4881037 ], [ 114.3090159, 22.4883243 ], [ 114.3090058, 22.4885883 ], [ 114.3091014, 22.4886865 ], [ 114.3093646, 22.4887506 ], [ 114.309576, 22.4886637 ], [ 114.3098086, 22.4884131 ], [ 114.310011, 22.4883243 ], [ 114.31037240000002, 22.4883868 ], [ 114.3105555, 22.4884953 ], [ 114.3106091, 22.4886266 ], [ 114.3107259, 22.4887343 ], [ 114.3107647, 22.488867 ], [ 114.3107432, 22.4891619 ], [ 114.3106654, 22.4892636 ], [ 114.3107071, 22.4893712 ], [ 114.3112807, 22.4899145 ], [ 114.311778500000017, 22.4898534 ], [ 114.3121516, 22.4900019 ], [ 114.3124473, 22.4897191 ], [ 114.3119493, 22.4891698 ], [ 114.311743, 22.4888813 ], [ 114.3116789, 22.4884808 ], [ 114.3118644, 22.4882921 ], [ 114.3119206, 22.4880585 ], [ 114.3120629, 22.4878361 ], [ 114.3120253, 22.4875684 ], [ 114.312042100000014, 22.4875128 ] ] } },
{ "type": "Feature", "properties": { }, "geometry": { "type": "LineString", "coordinates": [ [ 114.2467245, 22.4318146 ], [ 114.2466087, 22.4315816 ], [ 114.2462179, 22.4310345 ], [ 114.2460768, 22.4308897 ], [ 114.2459137, 22.4307872 ], [ 114.2456312, 22.4309323 ], [ 114.2455387, 22.43091 ], [ 114.2454757, 22.430951 ], [ 114.2452979, 22.4309607 ], [ 114.2451417, 22.4311294 ], [ 114.245069300000011, 22.4312931 ], [ 114.2448145, 22.4313711 ], [ 114.2445543, 22.431654 ], [ 114.2440726, 22.4326359 ], [ 114.244047400000014, 22.4327062 ], [ 114.2440647, 22.4329547 ], [ 114.2441976, 22.433155 ], [ 114.2443507, 22.4333177 ], [ 114.2445745, 22.4334934 ], [ 114.244754, 22.4337576 ], [ 114.2452229, 22.4337933 ], [ 114.2454024, 22.4337737 ], [ 114.2454964, 22.433829 ], [ 114.245716700000017, 22.4340915 ], [ 114.2461, 22.4344201 ], [ 114.2462695, 22.4344787 ], [ 114.2465476, 22.4344716 ], [ 114.246869, 22.4346035 ], [ 114.2471285, 22.4346651 ], [ 114.2475001, 22.4348239 ], [ 114.2476701, 22.4347315 ], [ 114.247811200000015, 22.4347374 ] ] } },
{ "type": "Feature", "properties": { }, "geometry": { "type": "LineString", "coordinates": [ [ 114.2612362, 22.4605199 ], [ 114.2613386, 22.4605274 ], [ 114.261698, 22.4606455 ], [ 114.261720200000013, 22.460774 ], [ 114.262048100000015, 22.4607824 ], [ 114.2622081, 22.460903 ], [ 114.262332, 22.4610559 ], [ 114.2623787, 22.4611696 ], [ 114.2624853, 22.4612082 ], [ 114.262543600000015, 22.4612707 ], [ 114.2625426, 22.4614242 ], [ 114.2626921, 22.4617571 ], [ 114.2629537, 22.4620677 ], [ 114.2632586, 22.4622964 ], [ 114.2636455, 22.4625024 ], [ 114.2639923, 22.4625121 ], [ 114.2645731, 22.4627555 ], [ 114.2649554, 22.4628361 ], [ 114.2655942, 22.4631223 ], [ 114.2658798, 22.4632185 ], [ 114.2662548, 22.46346 ], [ 114.2662887, 22.4635092 ], [ 114.2664218, 22.463583 ], [ 114.267225200000013, 22.4643522 ], [ 114.2672518, 22.4644282 ], [ 114.2675204, 22.4647625 ], [ 114.2680523, 22.4652172 ], [ 114.2686701, 22.46546 ], [ 114.27004, 22.4657399 ], [ 114.2712967, 22.466391 ], [ 114.2722408, 22.4670256 ], [ 114.27306, 22.46734 ], [ 114.2733301, 22.4676001 ], [ 114.2738801, 22.46787 ], [ 114.2748238, 22.4684706 ], [ 114.2748707, 22.4685322 ] ] } },
{ "type": "Feature", "properties": { }, "geometry": { "type": "LineString", "coordinates": [ [ 114.2778814, 22.4430671 ], [ 114.2780227, 22.4429678 ], [ 114.2782207, 22.4429039 ], [ 114.2783567, 22.4429089 ], [ 114.2784416, 22.4429454 ], [ 114.278507, 22.4430165 ], [ 114.2785146, 22.4432372 ], [ 114.2783931, 22.4435882 ], [ 114.2784425, 22.4438259 ], [ 114.2784512, 22.444158 ], [ 114.2785726, 22.4443717 ], [ 114.2792783, 22.4441304 ], [ 114.2794296, 22.4440462 ], [ 114.2794198, 22.4439924 ], [ 114.2794528, 22.4439521 ], [ 114.2795707, 22.4439763 ], [ 114.2795691, 22.4440353 ], [ 114.2796169, 22.4440895 ], [ 114.2802635, 22.4440222 ], [ 114.28035340000001, 22.4439509 ], [ 114.2804381, 22.4438088 ], [ 114.2805477, 22.4437363 ], [ 114.2809565, 22.4436112 ], [ 114.281018500000016, 22.443544 ], [ 114.2810523, 22.4433951 ], [ 114.2814197, 22.4433137 ], [ 114.2818024, 22.4434193 ], [ 114.2818873, 22.4436685 ], [ 114.2821122, 22.4438074 ], [ 114.2822263, 22.4437686 ], [ 114.2822717, 22.4436835 ], [ 114.282432, 22.443664 ], [ 114.2825326, 22.4437641 ], [ 114.2826588, 22.4438209 ], [ 114.2830845, 22.4437743 ], [ 114.2833518, 22.4436548 ], [ 114.2835685, 22.4436029 ], [ 114.2837819, 22.4436076 ] ] } },
{ "type": "Feature", "properties": { }, "geometry": { "type": "LineString", "coordinates": [ [ 114.2344506, 22.4679402 ], [ 114.2346483, 22.4678984 ], [ 114.2348028, 22.4678209 ], [ 114.247684600000014, 22.4550851 ], [ 114.2476924, 22.4550362 ], [ 114.24753, 22.4548468 ], [ 114.2472539, 22.4546914 ], [ 114.2466246, 22.4537332 ], [ 114.2467043, 22.4535248 ], [ 114.246827, 22.4534346 ], [ 114.2469196, 22.4530245 ], [ 114.2468245, 22.4528145 ], [ 114.2468642, 22.4524586 ], [ 114.2468651, 22.4515712 ], [ 114.2467605, 22.4508535 ], [ 114.246545, 22.4499482 ], [ 114.2465545, 22.4498457 ], [ 114.2467257, 22.4497109 ] ] } },
{ "type": "Feature", "properties": { }, "geometry": { "type": "LineString", "coordinates": [ [ 114.2217911, 22.4500197 ], [ 114.2216619, 22.4500723 ], [ 114.2214864, 22.4502177 ], [ 114.2212266, 22.4502479 ], [ 114.221042400000016, 22.4502357 ], [ 114.2209179, 22.4503252 ], [ 114.2206954, 22.4506022 ], [ 114.2204873, 22.4511674 ], [ 114.2204351, 22.4512166 ], [ 114.220308, 22.4512068 ], [ 114.2198729, 22.4512591 ], [ 114.21944, 22.4514 ], [ 114.219176, 22.4516151 ], [ 114.2188707, 22.4516288 ], [ 114.2186261, 22.4517366 ], [ 114.2182953, 22.4517937 ], [ 114.2181885, 22.451878 ], [ 114.2179994, 22.4519156 ], [ 114.2175809, 22.4519157 ], [ 114.2170617, 22.4520103 ], [ 114.2167046, 22.4520413 ], [ 114.21587820000002, 22.4523225 ], [ 114.2156019, 22.4525022 ], [ 114.2154649, 22.4526391 ], [ 114.2153624, 22.4528371 ], [ 114.2152396, 22.4531812 ], [ 114.215128, 22.4535995 ], [ 114.215136, 22.4536618 ], [ 114.2152847, 22.4538803 ], [ 114.2155925, 22.4541316 ], [ 114.2157345, 22.4544642 ], [ 114.2161953, 22.454777 ], [ 114.2163457, 22.4549333 ], [ 114.2165103, 22.4551787 ], [ 114.216732100000016, 22.4553 ], [ 114.2167225, 22.4553232 ], [ 114.216600700000015, 22.4553258 ], [ 114.2165511, 22.4553549 ], [ 114.216515500000014, 22.455503 ], [ 114.2167531, 22.4561126 ], [ 114.2166294, 22.455916 ], [ 114.2165913, 22.4557811 ], [ 114.2164958, 22.4556569 ], [ 114.2164676, 22.4555072 ], [ 114.2163538, 22.455465 ], [ 114.2161727, 22.4554801 ], [ 114.2160793, 22.455531 ], [ 114.2157333, 22.4559202 ], [ 114.2157117, 22.4560882 ], [ 114.2155801, 22.4562273 ], [ 114.215453, 22.4562765 ], [ 114.2150661, 22.4562806 ], [ 114.2148824, 22.4563252 ], [ 114.2146632, 22.4565491 ], [ 114.2146538, 22.4566948 ], [ 114.2147047, 22.4570087 ], [ 114.214681, 22.4570363 ], [ 114.2147571, 22.4570695 ], [ 114.2143379, 22.4576668 ], [ 114.2142468, 22.4576073 ], [ 114.2140613, 22.4576427 ], [ 114.213787700000012, 22.4575891 ], [ 114.2134736, 22.4573994 ], [ 114.2133623, 22.4572634 ], [ 114.21324, 22.4572261 ] ] } },
{ "type": "Feature", "properties": { }, "geometry": { "type": "LineString", "coordinates": [ [ 114.213195400000018, 22.456916 ], [ 114.2134112, 22.4566883 ], [ 114.2134488, 22.4566003 ], [ 114.2135035, 22.4564027 ], [ 114.2134749, 22.4563921 ], [ 114.2135034, 22.4563286 ], [ 114.2135383, 22.4563332 ], [ 114.2135719, 22.4562303 ], [ 114.2135095, 22.4562152 ], [ 114.2135457, 22.4561164 ], [ 114.2135695, 22.4561253 ], [ 114.2135775, 22.4558115 ], [ 114.2136265, 22.4556931 ], [ 114.2137666, 22.455615 ], [ 114.2138428, 22.4554071 ], [ 114.2139648, 22.4554573 ], [ 114.2140087, 22.4553631 ], [ 114.2140241, 22.455281 ], [ 114.2139393, 22.4552401 ], [ 114.2139598, 22.4551198 ], [ 114.2140335, 22.4551279 ], [ 114.2140762, 22.4550245 ], [ 114.2140885, 22.4549414 ], [ 114.2140194, 22.4549321 ], [ 114.2140207, 22.4549042 ], [ 114.2140905, 22.4548825 ], [ 114.2140824, 22.4548038 ], [ 114.2141426, 22.4545949 ], [ 114.21410760000002, 22.4545869 ], [ 114.2141337, 22.4545556 ], [ 114.2140033, 22.4546216 ], [ 114.2139883, 22.4546034 ], [ 114.214044900000019, 22.4545504 ], [ 114.213978600000019, 22.4545014 ], [ 114.2138334, 22.4545782 ], [ 114.2138867, 22.4544791 ], [ 114.2139584, 22.4544326 ], [ 114.213848400000018, 22.4542591 ], [ 114.213395100000014, 22.454009 ], [ 114.2133294, 22.4539145 ], [ 114.2129777, 22.4537109 ], [ 114.2128262, 22.4535579 ], [ 114.2127812, 22.4535468 ], [ 114.2127451, 22.453578 ], [ 114.2126919, 22.4535342 ], [ 114.212741300000019, 22.4535018 ], [ 114.2126089, 22.4532049 ], [ 114.2125901, 22.4528226 ], [ 114.2124335, 22.4526661 ], [ 114.2122046, 22.4525329 ], [ 114.2120218, 22.4523931 ], [ 114.2119279, 22.4522822 ], [ 114.2118884, 22.4522741 ], [ 114.2117798, 22.4520919 ], [ 114.2117397, 22.4519637 ], [ 114.2115929, 22.4518199 ], [ 114.2114922, 22.4516495 ], [ 114.2114666, 22.451427 ], [ 114.2112783, 22.4511444 ], [ 114.211292, 22.4509914 ], [ 114.2112206, 22.4508954 ], [ 114.2109661, 22.4508224 ], [ 114.210718, 22.4506705 ], [ 114.2104707, 22.4505956 ], [ 114.2103346, 22.4502812 ], [ 114.2100603, 22.4500981 ], [ 114.2095751, 22.4498353 ], [ 114.209573, 22.4497419 ], [ 114.2094778, 22.44975 ], [ 114.2094851, 22.4496787 ], [ 114.209532100000018, 22.4496446 ], [ 114.2096119, 22.4496764 ], [ 114.2097761, 22.4495312 ], [ 114.2098303, 22.4494173 ], [ 114.2099257, 22.4494481 ], [ 114.209993400000016, 22.4493995 ], [ 114.2103071, 22.4494195 ], [ 114.2103815, 22.4494711 ], [ 114.2106914, 22.4494793 ], [ 114.2108633, 22.4493732 ], [ 114.2110597, 22.4493373 ], [ 114.2113151, 22.449112 ], [ 114.2117845, 22.4491623 ], [ 114.212135, 22.4491375 ], [ 114.2123388, 22.4489522 ], [ 114.2123244, 22.4486853 ], [ 114.2125878, 22.4487701 ], [ 114.2128187, 22.4487287 ], [ 114.2129472, 22.4489193 ], [ 114.2140313, 22.4488737 ], [ 114.2144511, 22.4489721 ], [ 114.2149698, 22.4488519 ], [ 114.2154073, 22.4485634 ], [ 114.2156786, 22.4486582 ], [ 114.2157573, 22.4487205 ], [ 114.2159526, 22.4487478 ], [ 114.2160337, 22.4487284 ], [ 114.2163085, 22.4484724 ], [ 114.216347, 22.4483341 ], [ 114.2163235, 22.4481697 ], [ 114.2162598, 22.4480336 ], [ 114.215773, 22.4475234 ], [ 114.2156392, 22.4474434 ], [ 114.2156077, 22.4473665 ], [ 114.2156328, 22.4473021 ] ] } },
{ "type": "Feature", "properties": { }, "geometry": { "type": "LineString", "coordinates": [ [ 114.2985652, 22.3100523 ], [ 114.2982819, 22.3097993 ], [ 114.2980456, 22.3096938 ], [ 114.2976888, 22.3093935 ], [ 114.2973697, 22.3092819 ], [ 114.2972571, 22.3092124 ], [ 114.297021, 22.3089395 ], [ 114.2968386, 22.30887 ], [ 114.2967099, 22.3087856 ], [ 114.296532900000017, 22.3085573 ], [ 114.2963934, 22.3083042 ], [ 114.2961466, 22.308071 ], [ 114.295905200000021, 22.3078923 ], [ 114.2951113, 22.3075102 ], [ 114.294735800000012, 22.3072372 ], [ 114.294607, 22.3070784 ], [ 114.2945802, 22.3070039 ], [ 114.2946339, 22.3068948 ], [ 114.2952454, 22.3067012 ], [ 114.295401, 22.3064729 ], [ 114.2957713, 22.306079 ], [ 114.2958274, 22.3057692 ], [ 114.2957298, 22.3052729 ], [ 114.2957864, 22.3047104 ], [ 114.2955547, 22.3044334 ], [ 114.2947615, 22.3043631 ], [ 114.2939679, 22.3042299 ], [ 114.293216, 22.3042712 ], [ 114.2928852, 22.3041902 ], [ 114.292499, 22.3043162 ], [ 114.2922128, 22.3046314 ], [ 114.2924999, 22.3052468 ], [ 114.2924465, 22.3055183 ], [ 114.2926744, 22.305827 ], [ 114.2929249, 22.3063734 ], [ 114.2930283, 22.3069435 ], [ 114.292894, 22.3070507 ], [ 114.292676700000015, 22.306903 ], [ 114.2924914, 22.306893 ], [ 114.2923701, 22.3067582 ], [ 114.2921047, 22.3067282 ], [ 114.2919296, 22.3067952 ], [ 114.2919462, 22.3068723 ], [ 114.2919183, 22.3069187 ], [ 114.2917007, 22.3070163 ], [ 114.2914737, 22.3070232 ], [ 114.2913587, 22.3069678 ], [ 114.291102, 22.3069066 ], [ 114.2906156, 22.3071623 ], [ 114.2904727, 22.3073123 ], [ 114.2903932, 22.3074885 ], [ 114.2903912, 22.3075949 ], [ 114.2904751, 22.3078452 ], [ 114.290902500000016, 22.308121 ], [ 114.2914211, 22.3086776 ], [ 114.2920186, 22.3093803 ], [ 114.2920334, 22.3095731 ], [ 114.2922903, 22.3098362 ], [ 114.2923718, 22.3100849 ], [ 114.2924599, 22.3100855 ], [ 114.2925133, 22.3101335 ], [ 114.2924827, 22.3102037 ], [ 114.2926169, 22.3103537 ], [ 114.2926221, 22.3107699 ], [ 114.2924102, 22.3111431 ], [ 114.2921414, 22.3112631 ], [ 114.29200160000002, 22.3113931 ], [ 114.2918535, 22.3114013 ], [ 114.2917064, 22.3115854 ], [ 114.2916514, 22.311799 ], [ 114.2920111, 22.3120889 ], [ 114.29207310000001, 22.312053 ], [ 114.2924847, 22.3123203 ], [ 114.292599, 22.3125979 ] ] } },
{ "type": "Feature", "properties": { }, "geometry": { "type": "LineString", "coordinates": [ [ 114.292599, 22.3125979 ], [ 114.2925415, 22.3127857 ], [ 114.2923419, 22.3129051 ], [ 114.2924901, 22.31302 ], [ 114.2924719, 22.313213 ], [ 114.2923582, 22.3133159 ], [ 114.2921937, 22.3134025 ], [ 114.29214, 22.3133659 ], [ 114.2919621, 22.3133826 ], [ 114.291687, 22.3135521 ], [ 114.291626, 22.3135241 ], [ 114.2913769, 22.3136414 ], [ 114.2911795, 22.3137862 ], [ 114.2908614, 22.3138674 ], [ 114.2907562, 22.3137926 ], [ 114.2904822, 22.3140633 ], [ 114.2902967, 22.3140962 ], [ 114.2901514, 22.3141932 ], [ 114.2900835, 22.3144879 ], [ 114.2901967, 22.314609 ], [ 114.2900855, 22.3147228 ], [ 114.2900404, 22.3148671 ], [ 114.2902, 22.3149255 ], [ 114.2901582, 22.315035 ], [ 114.2900477, 22.3150858 ], [ 114.2899745, 22.3152168 ], [ 114.2901294, 22.3153099 ], [ 114.2900956, 22.3154134 ], [ 114.2900359, 22.3153853 ], [ 114.2900577, 22.315642 ], [ 114.290202500000021, 22.3156179 ], [ 114.2902861, 22.3156599 ], [ 114.290403400000017, 22.3158315 ], [ 114.290403400000017, 22.3160346 ], [ 114.2902577, 22.3164316 ], [ 114.290164, 22.3164991 ], [ 114.2901498, 22.3165892 ], [ 114.290202, 22.3166204 ], [ 114.2901251, 22.3168562 ], [ 114.2900199, 22.3169432 ], [ 114.2900037, 22.31699 ], [ 114.29014220000002, 22.3169898 ], [ 114.2901927, 22.317063 ], [ 114.2901318, 22.3173562 ], [ 114.2899858, 22.3175146 ], [ 114.289950100000013, 22.3176515 ], [ 114.2898792, 22.3177203 ], [ 114.2898335, 22.3178275 ], [ 114.2898518, 22.3179616 ], [ 114.2895159, 22.3183934 ], [ 114.2894276, 22.3184123 ], [ 114.2894814, 22.3185277 ], [ 114.2892385, 22.3187728 ], [ 114.289216, 22.3189016 ], [ 114.2890815, 22.3190531 ], [ 114.2887505, 22.3192973 ], [ 114.2888151, 22.3194659 ], [ 114.2888908, 22.319551 ], [ 114.2889873, 22.3195894 ], [ 114.2891594, 22.3195375 ], [ 114.2892127, 22.3195642 ], [ 114.2892243, 22.3196554 ], [ 114.2894171, 22.3195624 ], [ 114.2895043, 22.3195636 ], [ 114.2896391, 22.319625 ], [ 114.2895898, 22.3197335 ], [ 114.2894773, 22.319828 ], [ 114.2897298, 22.3198738 ], [ 114.2898275, 22.3199783 ], [ 114.2898761, 22.3200889 ], [ 114.2898202, 22.3202519 ], [ 114.2897149, 22.3202783 ], [ 114.2896958, 22.3207922 ], [ 114.2896283, 22.3208676 ], [ 114.2897153, 22.3209493 ], [ 114.2897161, 22.32104 ], [ 114.2895831, 22.3211672 ], [ 114.2894065, 22.3211089 ], [ 114.289206, 22.3211914 ], [ 114.2892874, 22.321289 ], [ 114.2891551, 22.3213435 ], [ 114.2889333, 22.3213606 ], [ 114.2886602, 22.3213143 ], [ 114.2883197, 22.3209286 ], [ 114.2883345, 22.3206697 ], [ 114.2884003, 22.3205707 ], [ 114.2885655, 22.320478 ], [ 114.288447, 22.3202724 ], [ 114.288206, 22.3201046 ], [ 114.2873248, 22.3199826 ], [ 114.2871422, 22.3201096 ], [ 114.2862558, 22.3201138 ], [ 114.2858439, 22.320294 ], [ 114.2856502, 22.3204091 ], [ 114.2855331, 22.3205338 ], [ 114.2854814, 22.3207963 ], [ 114.2856433, 22.3207776 ], [ 114.285612, 22.3211186 ], [ 114.285508800000017, 22.3212578 ], [ 114.2856065, 22.3213658 ], [ 114.2854239, 22.3214575 ], [ 114.2852992, 22.3213628 ], [ 114.2851458, 22.3213639 ], [ 114.2852163, 22.3214677 ], [ 114.2849355, 22.3215733 ], [ 114.2847696, 22.3215573 ], [ 114.2845534, 22.3216593 ], [ 114.2843634, 22.3215573 ], [ 114.2832774, 22.3212754 ], [ 114.2826754, 22.3214948 ], [ 114.282452, 22.3215184 ], [ 114.2822104, 22.3214674 ], [ 114.2816608, 22.3209531 ], [ 114.2813575, 22.3207922 ], [ 114.2810503, 22.3207412 ], [ 114.280181, 22.3202865 ], [ 114.2793574, 22.3199475 ], [ 114.2789748, 22.3199461 ], [ 114.278811500000018, 22.3198248 ], [ 114.2787971, 22.3196894 ], [ 114.2784855, 22.3194659 ], [ 114.2776864, 22.3196656 ], [ 114.2771781, 22.3211006 ], [ 114.2770866, 22.3214549 ], [ 114.2774121, 22.3213729 ], [ 114.2775, 22.3214773 ], [ 114.2774348, 22.3216647 ], [ 114.2771754, 22.3218042 ], [ 114.2768125, 22.3218215 ], [ 114.2767452, 22.3217412 ], [ 114.2764418, 22.3218154 ], [ 114.2761901, 22.3220343 ], [ 114.2757347, 22.3221275 ], [ 114.27552750000001, 22.3220702 ], [ 114.2750607, 22.3221544 ], [ 114.2747024, 22.322031 ], [ 114.2739513, 22.3221997 ], [ 114.273549, 22.3223436 ], [ 114.2732084, 22.322294 ], [ 114.2729957, 22.3223948 ], [ 114.2726424, 22.3224329 ], [ 114.272507, 22.3225452 ], [ 114.2718861, 22.3233268 ], [ 114.2719623, 22.3237245 ], [ 114.2721236, 22.3238393 ], [ 114.2722703, 22.3241702 ], [ 114.2722723, 22.3243334 ], [ 114.2723697, 22.3245133 ], [ 114.2722857, 22.3251535 ], [ 114.272227500000014, 22.325171 ], [ 114.2721963, 22.3252276 ], [ 114.2722704, 22.3252988 ], [ 114.27219, 22.3254831 ], [ 114.2722154, 22.325585 ], [ 114.2721102, 22.3257286 ], [ 114.2718628, 22.3264378 ], [ 114.2720442, 22.3264803 ], [ 114.2720124, 22.3268333 ], [ 114.2720336, 22.3271298 ], [ 114.272107, 22.3274325 ], [ 114.272055, 22.3276788 ], [ 114.2722489, 22.3281593 ], [ 114.2722788, 22.3284309 ], [ 114.2722651, 22.3286294 ], [ 114.2724986, 22.328848 ], [ 114.2724918, 22.3289743 ], [ 114.2724093, 22.3289939 ], [ 114.272373400000021, 22.3291413 ], [ 114.2724637, 22.3292018 ], [ 114.2721985, 22.3295104 ], [ 114.2720862, 22.3297246 ], [ 114.2720135, 22.3297225 ], [ 114.2719668, 22.3298962 ], [ 114.271905600000011, 22.3299082 ], [ 114.2718536, 22.3303165 ], [ 114.2717616, 22.3305292 ], [ 114.271625, 22.3306322 ], [ 114.270945, 22.3309468 ], [ 114.2709177, 22.3313416 ], [ 114.2707027, 22.3318097 ], [ 114.270648, 22.3321463 ], [ 114.2704994, 22.3322784 ], [ 114.2704381, 22.3329206 ], [ 114.270501, 22.3333169 ], [ 114.2705746, 22.3333281 ], [ 114.2707118, 22.3334183 ], [ 114.2708697, 22.3336553 ], [ 114.27087, 22.3339753 ], [ 114.2703841, 22.3346455 ], [ 114.2704294, 22.3349419 ], [ 114.2703339, 22.3350848 ], [ 114.2699658, 22.3352781 ], [ 114.2699881, 22.3354445 ], [ 114.2698958, 22.3359568 ], [ 114.2698522, 22.3360636 ], [ 114.2696927, 22.3362565 ], [ 114.2696743, 22.3363472 ], [ 114.2697269, 22.3364964 ], [ 114.2698814, 22.3366575 ], [ 114.2698967, 22.3367713 ], [ 114.2698722, 22.3368109 ], [ 114.2697878, 22.3368345 ], [ 114.2694675, 22.3367927 ], [ 114.269271, 22.336823 ], [ 114.2695472, 22.3375898 ], [ 114.2695826, 22.3377216 ], [ 114.2695449, 22.3377408 ], [ 114.2695747, 22.3378585 ], [ 114.2694097, 22.3379016 ], [ 114.269384, 22.3378398 ], [ 114.268844, 22.3379682 ], [ 114.2688328, 22.337913 ], [ 114.2689893, 22.3378754 ], [ 114.269003, 22.3378274 ], [ 114.2688951, 22.3378491 ], [ 114.268888, 22.3378218 ], [ 114.2689953, 22.3377967 ], [ 114.2689852, 22.3377652 ], [ 114.2676047, 22.3381239 ], [ 114.2675208, 22.3381679 ], [ 114.2673665, 22.3383645 ], [ 114.2672637, 22.3383668 ], [ 114.2670581, 22.3383074 ], [ 114.2669595, 22.3383446 ], [ 114.26689570000002, 22.3383993 ], [ 114.2667543, 22.3386523 ], [ 114.266624400000012, 22.338993099999989 ], [ 114.2665716, 22.3393508 ], [ 114.2663517, 22.3398396 ], [ 114.2661425, 22.3399748 ], [ 114.2658947, 22.3401869 ], [ 114.2659854, 22.3404208 ], [ 114.2660539, 22.3411932 ], [ 114.2660513, 22.3418121 ], [ 114.266137400000019, 22.3418818 ], [ 114.266191, 22.3420943 ], [ 114.2660821, 22.3425028 ], [ 114.2661733, 22.3425227 ], [ 114.2662431, 22.3425946 ], [ 114.2659936, 22.3428278 ], [ 114.265838, 22.3428824 ], [ 114.2657844, 22.3430039 ], [ 114.265889, 22.342994 ], [ 114.2657921, 22.3433504 ], [ 114.265880600000017, 22.3434224 ], [ 114.2658859, 22.3435315 ], [ 114.2656828, 22.3438377 ], [ 114.265702200000021, 22.3441678 ], [ 114.2658323, 22.3441542 ], [ 114.2659128, 22.3443328 ], [ 114.2659189, 22.3446122 ], [ 114.265986, 22.3446717 ], [ 114.2661468, 22.344694 ], [ 114.2662648, 22.3448001 ], [ 114.2663017, 22.3449233 ], [ 114.2662795, 22.3450694 ], [ 114.2662152, 22.3451785 ], [ 114.266210500000014, 22.3455087 ], [ 114.2661106, 22.3457019 ], [ 114.2662432, 22.3462189 ], [ 114.2661493, 22.3463827 ], [ 114.2662083, 22.3466258 ], [ 114.2663585, 22.3467722 ], [ 114.2665147, 22.3467976 ], [ 114.2667738, 22.3467243 ], [ 114.2672887, 22.346769 ], [ 114.2673, 22.3468466 ], [ 114.267422900000014, 22.3469724 ], [ 114.2672136, 22.3471113 ], [ 114.2671466, 22.3472205 ], [ 114.2669722, 22.347223 ], [ 114.2666394, 22.3474298 ], [ 114.2667617, 22.3479556 ], [ 114.2672458, 22.3481557 ], [ 114.2675275, 22.348178 ], [ 114.26764, 22.34839 ], [ 114.2678788, 22.3484708 ], [ 114.267944500000013, 22.3487717 ], [ 114.2682549, 22.3489757 ], [ 114.2686689, 22.3494259 ], [ 114.2686089, 22.3495438 ], [ 114.2686223, 22.3497596 ], [ 114.2687805, 22.3500866 ], [ 114.2687366, 22.3502462 ], [ 114.2685901, 22.3503723 ], [ 114.2683595, 22.3507444 ], [ 114.26837, 22.3508887 ], [ 114.2682145, 22.3512534 ], [ 114.2669754, 22.351119 ], [ 114.2667796, 22.3512207 ], [ 114.2664605, 22.351191 ], [ 114.2661708, 22.3512306 ], [ 114.2659047, 22.3511301 ], [ 114.2657216, 22.350905 ], [ 114.2655585, 22.3507896 ], [ 114.2654465, 22.3507463 ], [ 114.265253, 22.3505491 ], [ 114.2650932, 22.3504638 ], [ 114.2649254, 22.3502506 ], [ 114.2648662, 22.350111 ], [ 114.2646608, 22.3501001 ], [ 114.264469, 22.350347 ], [ 114.2643941, 22.3505669 ], [ 114.264457, 22.3506762 ], [ 114.2644071, 22.3509377 ], [ 114.2644905, 22.3511171 ], [ 114.2647621, 22.3515295 ], [ 114.2648613, 22.3516188 ], [ 114.2648324, 22.3518484 ], [ 114.2649284, 22.3518495 ], [ 114.2649686, 22.352048 ], [ 114.2648941, 22.3522229 ], [ 114.2647143, 22.3522998 ], [ 114.2647197, 22.3525231 ], [ 114.2648136, 22.3526248 ], [ 114.2652025, 22.3525553 ], [ 114.2653978, 22.3525863 ], [ 114.2656048, 22.3525504 ], [ 114.2657202, 22.3527588 ], [ 114.2655157, 22.3529169 ], [ 114.2653849, 22.3531706 ], [ 114.2652127, 22.3529112 ], [ 114.2651053, 22.352964 ], [ 114.2649678, 22.3528654 ], [ 114.2647117, 22.3527488 ], [ 114.2646667, 22.3529039 ], [ 114.2645977, 22.352911299999988 ], [ 114.264625200000012, 22.3527247 ], [ 114.264537200000021, 22.3526899 ], [ 114.2643033, 22.3526664 ], [ 114.2641585, 22.3526998 ], [ 114.2640151, 22.3527831 ], [ 114.2637355, 22.3531825 ], [ 114.2633125, 22.3536721 ], [ 114.263138, 22.3539221 ], [ 114.2629496, 22.3544359 ], [ 114.2627319, 22.3547033 ], [ 114.262435, 22.3546523 ], [ 114.2619258, 22.3544049 ], [ 114.26116, 22.3542001 ], [ 114.2610199, 22.3543201 ], [ 114.2605748, 22.3550274 ], [ 114.2602925, 22.3556295 ], [ 114.2608418, 22.356209 ], [ 114.2608933, 22.3567647 ], [ 114.2604678, 22.3569675 ], [ 114.2601071, 22.356831 ], [ 114.2597245, 22.3565625 ], [ 114.2596803, 22.3559267 ], [ 114.259833900000018, 22.3553618 ], [ 114.2598161, 22.3551885 ], [ 114.2571339, 22.355826 ], [ 114.2558035, 22.3558409 ], [ 114.25575790000002, 22.3557342 ], [ 114.2565867, 22.3557416 ], [ 114.2577025, 22.3555978 ], [ 114.2597383, 22.3551289 ], [ 114.2594004, 22.3550829 ], [ 114.2593827, 22.354026 ], [ 114.2590652, 22.3541689 ], [ 114.2586944, 22.3541951 ], [ 114.2587381, 22.353885 ], [ 114.2580094, 22.353772 ], [ 114.258105500000013, 22.3541626 ], [ 114.2578228, 22.3543975 ], [ 114.2573077, 22.354494 ], [ 114.2570099, 22.35438 ], [ 114.25618, 22.3542399 ], [ 114.256088, 22.3535391 ], [ 114.2561839, 22.3533032 ], [ 114.255735, 22.353104 ], [ 114.255573400000017, 22.3533987 ], [ 114.2556385, 22.3534261 ], [ 114.2556966, 22.3535206 ], [ 114.2556862, 22.3535916 ], [ 114.2555536, 22.3537848 ], [ 114.2554627, 22.3538204 ], [ 114.2552977, 22.3538126 ], [ 114.2552554, 22.353763 ], [ 114.255285700000016, 22.353715 ], [ 114.2551992, 22.353667 ], [ 114.2551337, 22.3537675 ], [ 114.2553316, 22.3545774 ], [ 114.2549763, 22.3545733 ], [ 114.254723100000021, 22.3544556 ], [ 114.2546256, 22.354359 ], [ 114.2543738, 22.3539575 ], [ 114.2541218, 22.3536789 ], [ 114.2539959, 22.3537641 ], [ 114.2537155, 22.3538568 ], [ 114.253733700000012, 22.3539661 ], [ 114.253507, 22.353959499999988 ], [ 114.2533841, 22.3539141 ], [ 114.2532766, 22.3538308 ], [ 114.253174, 22.353632 ], [ 114.253126, 22.3532108 ], [ 114.2529689, 22.3528188 ], [ 114.2524541, 22.3526648 ], [ 114.2522769, 22.3525337 ], [ 114.2522878, 22.3524152 ], [ 114.2521553, 22.3521369 ], [ 114.2520772, 22.3521511 ], [ 114.2520275, 22.3522006 ] ] } },
{ "type": "Feature", "properties": { }, "geometry": { "type": "LineString", "coordinates": [ [ 114.3018787, 22.2719831 ], [ 114.3016124, 22.2726103 ], [ 114.3015069, 22.2729399 ], [ 114.3016332, 22.2729879 ], [ 114.3016552, 22.2730282 ], [ 114.3015836, 22.2731027 ], [ 114.3016492, 22.2731966 ], [ 114.3016207, 22.2732725 ], [ 114.3014413, 22.2733135 ], [ 114.3016884, 22.2733883 ], [ 114.3015247, 22.2736453 ], [ 114.3012051, 22.27371 ], [ 114.3013169, 22.2737905 ], [ 114.3011411, 22.2738997 ], [ 114.3012258, 22.2740217 ], [ 114.301105, 22.2742187 ], [ 114.3010963, 22.2745424 ], [ 114.300647900000016, 22.2751879 ], [ 114.3006147, 22.2755035 ], [ 114.3004826, 22.2760827 ], [ 114.3003574, 22.2772133 ], [ 114.3004487, 22.2775261 ], [ 114.3005118, 22.2782248 ], [ 114.300444, 22.2787871 ], [ 114.3006522, 22.278591 ], [ 114.3008985, 22.2787479 ], [ 114.3012773, 22.2788683 ], [ 114.3016135, 22.2788879 ], [ 114.3020019, 22.2788188 ], [ 114.3021766, 22.2789307 ], [ 114.3031043, 22.2792632 ], [ 114.3032008, 22.2793277 ], [ 114.3032177, 22.2794109 ] ] } },
{ "type": "Feature", "properties": { }, "geometry": { "type": "LineString", "coordinates": [ [ 114.3051137, 22.2694947 ], [ 114.3048378, 22.2690222 ], [ 114.30484, 22.26875 ], [ 114.3046356, 22.2686214 ], [ 114.3040714, 22.2686746 ], [ 114.3037242, 22.2689195 ], [ 114.3029245, 22.2684304 ], [ 114.3024825, 22.2680677 ], [ 114.302174, 22.2682798 ], [ 114.3021271, 22.2682501 ], [ 114.3016091, 22.2686195 ], [ 114.3014412, 22.268949 ], [ 114.3012196, 22.2690809 ], [ 114.3007751, 22.2691306 ], [ 114.300502400000013, 22.2692087 ], [ 114.3003886, 22.2693191 ], [ 114.3005823, 22.2697771 ], [ 114.3006429, 22.2700501 ], [ 114.3004559, 22.2700175 ], [ 114.3007208, 22.2705506 ], [ 114.30082, 22.270822 ], [ 114.3013733, 22.2714374 ], [ 114.301511500000018, 22.2714753 ] ] } },
{ "type": "Feature", "properties": { }, "geometry": { "type": "LineString", "coordinates": [ [ 114.2964483, 22.2789115 ], [ 114.2962203, 22.2788911 ], [ 114.2960751, 22.2790335 ], [ 114.29607, 22.2792686 ], [ 114.2957685, 22.2792449 ], [ 114.2955635, 22.2791086 ], [ 114.2952401, 22.27913 ], [ 114.2950511, 22.279209 ], [ 114.2945069, 22.2791875 ], [ 114.2942204, 22.2794467 ], [ 114.2938126, 22.2794411 ], [ 114.2936568, 22.2793269 ], [ 114.2936768, 22.2791021 ], [ 114.293374300000011, 22.2789876 ], [ 114.2932005, 22.2787858 ], [ 114.2928133, 22.278923 ], [ 114.2925289, 22.2790847 ], [ 114.292202100000011, 22.2791747 ], [ 114.2902599, 22.27944 ], [ 114.2894091, 22.2798124 ], [ 114.2885079, 22.2803683 ], [ 114.2882933, 22.280686 ], [ 114.2883713, 22.281142 ], [ 114.2880002, 22.2813512 ], [ 114.2879929, 22.2825922 ], [ 114.2882504, 22.2835849 ], [ 114.2888512, 22.2842997 ], [ 114.2896396, 22.2845125 ], [ 114.2900473, 22.2848302 ], [ 114.2903643, 22.2849309 ], [ 114.290534800000017, 22.2850965 ], [ 114.2906751, 22.2853735 ], [ 114.2907105, 22.2855112 ], [ 114.2906573, 22.285609 ], [ 114.2904782, 22.285659 ], [ 114.2902513, 22.2858244 ], [ 114.2902818, 22.2858997 ], [ 114.2904151, 22.2859495 ], [ 114.2904876, 22.2860883 ], [ 114.2906655, 22.286259 ], [ 114.2905912, 22.2864548 ], [ 114.2901947, 22.2863372 ], [ 114.2899829, 22.2861418 ], [ 114.2898273, 22.2858738 ], [ 114.2896077, 22.2857533 ], [ 114.2894011, 22.2857422 ], [ 114.2892037, 22.2858137 ], [ 114.289135, 22.2859328 ], [ 114.2889805, 22.2859805 ], [ 114.2888604, 22.2858614 ], [ 114.2886544, 22.2859408 ], [ 114.2883545, 22.2863485 ], [ 114.28820810000002, 22.2864808 ], [ 114.288062200000013, 22.2868144 ], [ 114.2880223, 22.2874399 ], [ 114.2881222, 22.2879501 ], [ 114.2884425, 22.2886067 ], [ 114.2886115, 22.2887601 ], [ 114.2887746, 22.2888157 ], [ 114.2888947, 22.2889587 ], [ 114.2890235, 22.2889984 ], [ 114.289135, 22.2891652 ], [ 114.2893067, 22.289324 ], [ 114.2897198, 22.2895738 ], [ 114.2900041, 22.2899212 ], [ 114.2901757, 22.2900304 ], [ 114.2903313, 22.29009 ], [ 114.2904225, 22.2903233 ], [ 114.2903968, 22.2905073 ], [ 114.2905427, 22.2906026 ], [ 114.2906886, 22.2905629 ], [ 114.2907738, 22.2907436 ], [ 114.2909032, 22.2908647 ], [ 114.2910233, 22.2909044 ], [ 114.2914164, 22.2911298 ], [ 114.291504, 22.2911585 ], [ 114.291667, 22.2911506 ], [ 114.2918227, 22.2911023 ], [ 114.292178, 22.2911041 ], [ 114.2923096, 22.2909705 ], [ 114.2924002, 22.2909474 ], [ 114.2924455, 22.2910154 ], [ 114.292637700000014, 22.2908845 ], [ 114.2927935, 22.290863 ], [ 114.2928277, 22.2908813 ], [ 114.2931531, 22.2908482 ], [ 114.293212, 22.2909056 ], [ 114.2934829, 22.2908766 ], [ 114.2935786, 22.2909288 ], [ 114.293803, 22.2909321 ], [ 114.2941004, 22.2908747 ], [ 114.2941418, 22.2908346 ], [ 114.2943059, 22.2905897 ], [ 114.2944605, 22.2902005 ], [ 114.2945399, 22.2901054 ], [ 114.2945548, 22.2900038 ], [ 114.2940592, 22.2895687 ], [ 114.2939998, 22.2894807 ], [ 114.2939376, 22.2891427 ], [ 114.2940792, 22.2888533 ], [ 114.2940891, 22.2887095 ], [ 114.294163, 22.288637 ], [ 114.2942671, 22.2885995 ], [ 114.2944038, 22.2884143 ], [ 114.2945892, 22.28831 ], [ 114.2947632, 22.2882876 ], [ 114.2949111, 22.2883094 ], [ 114.2950438, 22.2883905 ], [ 114.2952087, 22.2882931 ], [ 114.2954075, 22.288227 ], [ 114.2954772, 22.2881263 ], [ 114.2956025, 22.2881178 ], [ 114.2958968, 22.2880176 ], [ 114.2960254, 22.2879419 ], [ 114.2962172, 22.2879305 ], [ 114.296315100000015, 22.2878814 ], [ 114.2965071, 22.2878847 ], [ 114.2969289, 22.2877936 ], [ 114.2971643, 22.2877905 ], [ 114.2972597, 22.2879386 ], [ 114.297291200000018, 22.2879344 ], [ 114.297351, 22.288128 ], [ 114.297355, 22.2882455 ], [ 114.2974706, 22.2881975 ], [ 114.2977086, 22.288218 ], [ 114.2979132, 22.288137 ], [ 114.2978906, 22.2879984 ], [ 114.2979357, 22.2879896 ], [ 114.297975, 22.2880189 ], [ 114.2980349, 22.2879673 ], [ 114.2980124, 22.2878586 ], [ 114.2980409, 22.2878301 ], [ 114.2981369, 22.2878288 ], [ 114.2980931, 22.287752 ], [ 114.2981564, 22.2877204 ], [ 114.2982124, 22.2877758 ], [ 114.2982805, 22.2877622 ], [ 114.2987591, 22.2874485 ], [ 114.299240600000019, 22.2872733 ], [ 114.2998803, 22.287106 ], [ 114.3001807, 22.287101 ], [ 114.30060450000002, 22.2871408 ], [ 114.3009531, 22.2870564 ], [ 114.3011248, 22.2870713 ], [ 114.3012297, 22.2871405 ], [ 114.3013608, 22.2874634 ], [ 114.3014198, 22.2874882 ], [ 114.3014816, 22.2874763 ], [ 114.301554, 22.2873641 ], [ 114.3017471, 22.2872996 ], [ 114.3019295, 22.2873691 ], [ 114.3022594, 22.287791 ] ] } },
{ "type": "Feature", "properties": { }, "geometry": { "type": "LineString", "coordinates": [ [ 114.2978861, 22.2783226 ], [ 114.2977528, 22.2780524 ], [ 114.2976532, 22.2777734 ], [ 114.2975854, 22.2774476 ], [ 114.297508, 22.2772896 ], [ 114.2973655, 22.2771784 ], [ 114.29722, 22.27711 ], [ 114.2968188, 22.277074 ], [ 114.2962716, 22.2766978 ], [ 114.2960472, 22.2765853 ], [ 114.29589150000001, 22.2765414 ], [ 114.2955893, 22.2761527 ], [ 114.2955993, 22.2761094 ], [ 114.2956604, 22.2760713 ], [ 114.2954084, 22.2760727 ], [ 114.2954011, 22.2759117 ], [ 114.2955843, 22.2759122 ], [ 114.295582900000014, 22.2758838 ], [ 114.2954835, 22.2758827 ], [ 114.2955068, 22.2758202 ], [ 114.2954589, 22.2758054 ], [ 114.2954541, 22.2756074 ], [ 114.2953954, 22.2753072 ], [ 114.2954128, 22.2750488 ], [ 114.2953097, 22.2749774 ], [ 114.2954214, 22.2744513 ], [ 114.2954064, 22.2742191 ], [ 114.2952747, 22.2740834 ], [ 114.295368, 22.2737966 ], [ 114.2953501, 22.2736001 ], [ 114.2952669, 22.2733216 ], [ 114.2950888, 22.2731319 ], [ 114.2947543, 22.273089 ], [ 114.29363, 22.2731468 ], [ 114.2932546, 22.2732895 ], [ 114.292857, 22.2735783 ], [ 114.2928257, 22.2738465 ], [ 114.2926725, 22.2740218 ], [ 114.29270360000001, 22.2743861 ], [ 114.2926692, 22.2745606 ], [ 114.2928812, 22.2750178 ], [ 114.2928688, 22.2753585 ], [ 114.2929279, 22.2758048 ], [ 114.2930667, 22.2760117 ], [ 114.2931906, 22.2761368 ], [ 114.29339, 22.2762353 ], [ 114.293504, 22.2764003 ], [ 114.2937052, 22.2765898 ], [ 114.2937228, 22.2768976 ], [ 114.2938996, 22.2771076 ], [ 114.2941173, 22.2770956 ], [ 114.2942048, 22.2769996 ], [ 114.2943588, 22.2769563 ], [ 114.2945595, 22.2769614 ], [ 114.2953285, 22.2774697 ], [ 114.2954449, 22.2776175 ], [ 114.2957278, 22.2776702 ], [ 114.2958579, 22.2777819 ], [ 114.295914, 22.2780683 ], [ 114.2958521, 22.2782334 ], [ 114.295891, 22.2783936 ], [ 114.2960315, 22.2785061 ], [ 114.2962581, 22.2785717 ], [ 114.2964183, 22.2787594 ], [ 114.2964483, 22.2789115 ] ] } },
{ "type": "Feature", "properties": { }, "geometry": { "type": "LineString", "coordinates": [ [ 114.3005913, 22.2611491 ], [ 114.3007823, 22.2616988 ], [ 114.3006627, 22.2617736 ], [ 114.300630200000015, 22.2619674 ], [ 114.3007851, 22.2619412 ], [ 114.300902, 22.2619825 ], [ 114.3010493, 22.2623203 ], [ 114.3007073, 22.2623932 ], [ 114.3006385, 22.262466 ], [ 114.3006506, 22.2625664 ], [ 114.3007383, 22.2626005 ], [ 114.3007091, 22.2627306 ], [ 114.3008024, 22.2629434 ], [ 114.300713800000011, 22.263028 ], [ 114.3006412, 22.2631787 ], [ 114.3006482, 22.2632698 ], [ 114.3007602, 22.263279 ], [ 114.3008348, 22.2633372 ], [ 114.3008202, 22.2634261 ], [ 114.3007792, 22.2635951 ], [ 114.300667200000021, 22.2637134 ], [ 114.3006267, 22.2638191 ], [ 114.3004439, 22.263942 ], [ 114.3004377, 22.2642141 ], [ 114.3001541, 22.2645409 ], [ 114.2997402, 22.2647886 ], [ 114.2997973, 22.2648101 ], [ 114.300037900000021, 22.2647276 ], [ 114.3001002, 22.264779 ], [ 114.300108, 22.264895 ], [ 114.2999196, 22.2650738 ], [ 114.299960700000014, 22.2652843 ], [ 114.3002807, 22.2654015 ], [ 114.300489, 22.265632 ], [ 114.300519300000019, 22.2657951 ], [ 114.3003919, 22.265864 ], [ 114.3003795, 22.266285 ], [ 114.300438, 22.2664211 ], [ 114.3006532, 22.2663698 ], [ 114.3007659, 22.2664765 ], [ 114.3008842, 22.266341 ], [ 114.3010483, 22.2663247 ], [ 114.3010439, 22.266715 ], [ 114.3011611, 22.26679 ], [ 114.3012785, 22.2664079 ], [ 114.301407, 22.2663812 ], [ 114.3014628, 22.2665474 ], [ 114.3016138, 22.2665319 ], [ 114.301579, 22.2663471 ], [ 114.3016111, 22.266164 ], [ 114.301796, 22.2661137 ], [ 114.3017709, 22.2663841 ], [ 114.3019431, 22.2664435 ], [ 114.3020224, 22.2660081 ], [ 114.3021904, 22.2657609 ], [ 114.3023995, 22.2656944 ], [ 114.3025958, 22.2656806 ], [ 114.3027558, 22.265793 ], [ 114.302946500000019, 22.2657271 ], [ 114.3029279, 22.2655382 ], [ 114.30297, 22.2653701 ], [ 114.3034081, 22.265069 ], [ 114.3038099, 22.26488 ], [ 114.304004, 22.2647059 ], [ 114.304577, 22.2645498 ], [ 114.3048125, 22.2645859 ], [ 114.3049255, 22.2644549 ], [ 114.3052, 22.2643801 ] ] } },
{ "type": "Feature", "properties": { }, "geometry": { "type": "LineString", "coordinates": [ [ 114.020728, 22.3012915 ], [ 114.020716, 22.301387 ], [ 114.0204209, 22.3018628 ], [ 114.0202352, 22.3018814 ], [ 114.0201339, 22.30183 ], [ 114.0199281, 22.3016159 ], [ 114.0197725, 22.3015675 ], [ 114.0195921, 22.3016196 ], [ 114.0194459, 22.3017208 ], [ 114.0193306, 22.3018523 ], [ 114.0192555, 22.302021 ], [ 114.019234, 22.3021873 ], [ 114.0192327, 22.302294 ], [ 114.019281, 22.3023933 ], [ 114.0196139, 22.3026006 ], [ 114.0199207, 22.302727 ], [ 114.0199649, 22.3028201 ] ] } },
{ "type": "Feature", "properties": { }, "geometry": { "type": "LineString", "coordinates": [ [ 114.0230077, 22.3100578 ], [ 114.0232426, 22.3101082 ], [ 114.023484, 22.3101045 ], [ 114.0240446, 22.3100375 ], [ 114.0247031, 22.310009 ], [ 114.0251805, 22.3100214 ], [ 114.0256378, 22.310076 ], [ 114.0259543, 22.3102323 ] ] } },
{ "type": "Feature", "properties": { }, "geometry": { "type": "LineString", "coordinates": [ [ 114.0174202, 22.3069717 ], [ 114.017268, 22.3096864 ], [ 114.0173176, 22.3098638 ], [ 114.0176103, 22.310181 ], [ 114.0179, 22.3104101 ], [ 114.0184409, 22.3105987 ], [ 114.0189861, 22.3106151 ], [ 114.0190808, 22.3105759 ] ] } },
{ "type": "Feature", "properties": { }, "geometry": { "type": "LineString", "coordinates": [ [ 114.0220368, 22.2973306 ], [ 114.0215106, 22.2969599 ], [ 114.0203485, 22.2960447 ], [ 114.0200454, 22.2956805 ], [ 114.0198348, 22.2956569 ], [ 114.0193178, 22.2961458 ], [ 114.019228, 22.2961985 ], [ 114.0178815, 22.2958362 ], [ 114.017799, 22.2958672 ], [ 114.017555, 22.2966958 ], [ 114.0181651, 22.2968687 ], [ 114.018121, 22.297 ] ] } },
{ "type": "Feature", "properties": { }, "geometry": { "type": "LineString", "coordinates": [ [ 114.018121, 22.297 ], [ 114.017980200000011, 22.2969577 ], [ 114.0179496, 22.2970606 ], [ 114.01730910000002, 22.2968769 ], [ 114.0172539, 22.2969058 ], [ 114.0169585, 22.2968293 ], [ 114.0168217, 22.2968943 ], [ 114.0161485, 22.2966744 ], [ 114.015948400000013, 22.2969495 ], [ 114.0157961, 22.2972736 ], [ 114.0156571, 22.297701 ], [ 114.015549, 22.2982754 ], [ 114.0154797, 22.299428 ], [ 114.0154957, 22.299785 ], [ 114.0155392, 22.3000039 ], [ 114.0157311, 22.3002479 ], [ 114.0157973, 22.3002925 ], [ 114.015992200000014, 22.300309 ], [ 114.0167138, 22.3002495 ], [ 114.0171766, 22.3002792 ], [ 114.0181977, 22.3004998 ], [ 114.0187224, 22.3006655 ], [ 114.0190349, 22.300828 ], [ 114.0191911, 22.30098 ], [ 114.0193515, 22.3010792 ], [ 114.0195056, 22.3011252 ], [ 114.0202104, 22.3013039 ], [ 114.0206569, 22.3012592 ], [ 114.020728, 22.3012915 ] ] } },
{ "type": "Feature", "properties": { }, "geometry": { "type": "LineString", "coordinates": [ [ 114.0062104, 22.2603376 ], [ 114.0064687, 22.2608457 ], [ 114.006454, 22.2609177 ], [ 114.0062136, 22.2610979 ], [ 114.0053228, 22.2614409 ], [ 114.0047889, 22.261809 ], [ 114.0037203, 22.2622811 ], [ 114.0035786, 22.2623376 ], [ 114.0033589, 22.2622825 ], [ 114.003323, 22.2623292 ], [ 114.0013642, 22.2623365 ], [ 114.0013164, 22.2623664 ], [ 114.001329, 22.262745 ], [ 114.0024197, 22.2628666 ], [ 114.0023908, 22.2628962 ], [ 114.0019786, 22.2648814 ], [ 114.0020558, 22.2648933 ], [ 114.0021267, 22.2649422 ], [ 114.0026924, 22.2650505 ], [ 114.0026577, 22.2652534 ], [ 114.002079, 22.2651643 ], [ 114.0019166, 22.2651682 ], [ 114.0017854, 22.265723699999988 ], [ 114.0019561, 22.2657381 ], [ 114.0019491, 22.2658092 ], [ 114.0017456, 22.2657919 ], [ 114.0017598, 22.2656481 ], [ 114.0014633, 22.2656237 ], [ 114.0014103, 22.2657709 ], [ 114.0004059, 22.2662044 ], [ 114.0004384, 22.2662601 ], [ 114.0001046, 22.2664121 ], [ 113.9989414, 22.2667888 ], [ 113.9986005, 22.2667969 ], [ 113.998371300000017, 22.2666982 ], [ 113.998304, 22.2668419 ], [ 113.9983849, 22.2669618 ], [ 113.998398600000016, 22.2670904 ], [ 113.9982679, 22.2672524 ], [ 113.9982464, 22.2673244 ], [ 113.9983463, 22.2677079 ], [ 113.9984, 22.2680908 ], [ 113.9985254, 22.2683452 ], [ 113.9988271, 22.2686747 ], [ 113.998858, 22.268787 ], [ 113.9988714, 22.2692276 ], [ 113.998917, 22.2694435 ], [ 113.999175800000017, 22.2700306 ], [ 113.9995433, 22.2706374 ], [ 113.9997283, 22.2708819 ], [ 114.0000737, 22.271253 ] ] } },
{ "type": "Feature", "properties": { }, "geometry": { "type": "LineString", "coordinates": [ [ 114.1970821, 22.2139913 ], [ 114.1970283, 22.2132296 ], [ 114.1970739, 22.2126758 ], [ 114.1969451, 22.2122338 ], [ 114.1969156, 22.2119582 ], [ 114.1969411, 22.2116267 ], [ 114.1970189, 22.2112604 ], [ 114.1969746, 22.2109562 ], [ 114.1970041, 22.2108818 ], [ 114.1971738, 22.2107148 ], [ 114.1971919, 22.2105745 ], [ 114.1972589, 22.2104931 ], [ 114.1974145, 22.21049 ], [ 114.1975211, 22.210626 ], [ 114.1975956, 22.2106421 ], [ 114.1977659, 22.2103702 ], [ 114.1979215, 22.2103007 ], [ 114.1982004, 22.2102895 ], [ 114.198658, 22.2103293 ], [ 114.1990614, 22.2102026 ], [ 114.1991714, 22.2101964 ], [ 114.1993135, 22.2102225 ], [ 114.2002134, 22.2106558 ], [ 114.2003609, 22.2107824 ], [ 114.2005205, 22.211027 ], [ 114.2006425, 22.2112729 ], [ 114.2008775, 22.2119442 ], [ 114.2014056, 22.2125691 ], [ 114.2017087, 22.2127901 ], [ 114.2020494, 22.2129266 ], [ 114.2021582, 22.2131939 ], [ 114.2021831, 22.2131697 ], [ 114.2021795, 22.2129123 ], [ 114.2022143, 22.2128819 ], [ 114.2028017, 22.212888 ], [ 114.204165700000019, 22.212741 ], [ 114.2045257, 22.2126367 ], [ 114.2047209, 22.212317 ], [ 114.2049535, 22.2123406 ], [ 114.205262, 22.2123251 ] ] } },
{ "type": "Feature", "properties": { }, "geometry": { "type": "LineString", "coordinates": [ [ 114.1939054, 22.2243287 ], [ 114.193812300000019, 22.2243089 ], [ 114.1937689, 22.2242288 ], [ 114.1939008, 22.2237776 ], [ 114.1941677, 22.2235725 ], [ 114.1944721, 22.2234374 ], [ 114.1946331, 22.223245 ], [ 114.1948879, 22.2230327 ], [ 114.1951413, 22.2228999 ], [ 114.1953686, 22.2228951 ], [ 114.1954713, 22.2231047 ], [ 114.1955812, 22.2230935 ], [ 114.1956224, 22.2230375 ], [ 114.1956154, 22.2229955 ], [ 114.195540300000019, 22.2228968 ], [ 114.1955329, 22.222826 ], [ 114.1957399, 22.2226077 ], [ 114.1960182, 22.2222415 ] ] } },
{ "type": "Feature", "properties": { }, "geometry": { "type": "LineString", "coordinates": [ [ 114.1960182, 22.2222415 ], [ 114.1965122, 22.2218682 ], [ 114.1967994, 22.221769 ], [ 114.1968566, 22.2217701 ], [ 114.1969545, 22.2218409 ], [ 114.1969673, 22.2220159 ], [ 114.1970197, 22.2220194 ], [ 114.197062500000015, 22.2218777 ], [ 114.1971329, 22.2217937 ], [ 114.1974061, 22.2216092 ], [ 114.1977496, 22.2214679 ], [ 114.1982735, 22.2211791 ], [ 114.1983124, 22.2212021 ], [ 114.198245, 22.2212853 ], [ 114.198249, 22.2213287 ], [ 114.1985813, 22.2211661 ], [ 114.1988026, 22.2211133 ], [ 114.1989501, 22.2211233 ], [ 114.199098300000017, 22.2212344 ], [ 114.1991785, 22.2212449 ], [ 114.1993015, 22.2210395 ], [ 114.1995841, 22.2210882 ], [ 114.1995764, 22.2210544 ], [ 114.1993732, 22.2209814 ], [ 114.1993742, 22.220951 ], [ 114.1998024, 22.2208619 ], [ 114.1999002, 22.2208771 ], [ 114.1999804, 22.2209274 ], [ 114.1999586, 22.2210275 ], [ 114.200273700000011, 22.2209363 ], [ 114.200833, 22.2209688 ], [ 114.2008987, 22.2209457 ], [ 114.2009316, 22.220861 ], [ 114.2007904, 22.2207365 ], [ 114.2007874, 22.2206478 ], [ 114.200828300000012, 22.2206137 ], [ 114.2009316, 22.2206236 ], [ 114.2009711, 22.2206018 ], [ 114.2009591, 22.2205075 ], [ 114.2010161, 22.2203573 ], [ 114.2013607, 22.2200848 ], [ 114.2013627, 22.2200252 ], [ 114.2013142, 22.2199584 ], [ 114.2011481, 22.2199401 ], [ 114.2011052, 22.2199016 ], [ 114.2011037, 22.2198121 ], [ 114.201289, 22.2196993 ], [ 114.201287600000015, 22.2196686 ], [ 114.2011714, 22.2196234 ], [ 114.2011488, 22.2195869 ], [ 114.2011926, 22.2193581 ], [ 114.2012367, 22.219307 ], [ 114.2014412, 22.219238 ], [ 114.2014486, 22.2191896 ], [ 114.201366800000017, 22.2191313 ], [ 114.2013714, 22.2190773 ], [ 114.2015565, 22.2188817 ], [ 114.2017356, 22.2187743 ], [ 114.2019201, 22.2186048 ], [ 114.2019846, 22.2179815 ], [ 114.2019823, 22.2177265 ], [ 114.2019506, 22.2174724 ], [ 114.2018272, 22.2170231 ] ] } },
{ "type": "Feature", "properties": { }, "geometry": { "type": "LineString", "coordinates": [ [ 114.1963624, 22.2283302 ], [ 114.1964623, 22.228078 ], [ 114.1969827, 22.2277639 ], [ 114.1971946, 22.2270153 ], [ 114.1976076, 22.2262258 ], [ 114.1977729, 22.2260567 ], [ 114.1976264, 22.2255057 ], [ 114.1973765, 22.2249178 ], [ 114.1967333, 22.2242109 ], [ 114.1966246, 22.2241519 ], [ 114.1965529, 22.2240622 ], [ 114.1964603, 22.2241053 ], [ 114.1962399, 22.2241044 ], [ 114.1959884, 22.2240373 ], [ 114.1959494, 22.2240675 ], [ 114.1959507, 22.2241053 ], [ 114.1960117, 22.2241655 ], [ 114.1960198, 22.2242183 ], [ 114.195935300000016, 22.2242403 ], [ 114.1958588, 22.2242251 ], [ 114.1957636, 22.2241233 ], [ 114.1956568, 22.2240957 ], [ 114.1955557, 22.2241829 ], [ 114.1954397, 22.2241764 ], [ 114.1954367, 22.2241367 ], [ 114.1955024, 22.2240653 ], [ 114.1954934, 22.2240197 ], [ 114.1954578, 22.2240066 ], [ 114.195087, 22.2241606 ], [ 114.1949362, 22.2242568 ], [ 114.1947511, 22.2243164 ], [ 114.1944507, 22.2243325 ], [ 114.1940121, 22.2242978 ], [ 114.1939054, 22.2243287 ] ] } },
{ "type": "Feature", "properties": { }, "geometry": { "type": "LineString", "coordinates": [ [ 114.1963471, 22.2289488 ], [ 114.1963323, 22.2286721 ], [ 114.1963624, 22.2283302 ] ] } },
{ "type": "Feature", "properties": { }, "geometry": { "type": "LineString", "coordinates": [ [ 114.197175800000011, 22.2344558 ], [ 114.1972838, 22.2344716 ], [ 114.1976117, 22.2344068 ], [ 114.1976868, 22.2344837 ], [ 114.1980951, 22.2346134 ], [ 114.1982339, 22.2345967 ], [ 114.1983124, 22.2345296 ], [ 114.1983328, 22.2343744 ], [ 114.1982614, 22.2341138 ], [ 114.198317100000011, 22.2337165 ], [ 114.1982688, 22.2333429 ], [ 114.1982956, 22.2330033 ], [ 114.1983449, 22.2329313 ], [ 114.1983372, 22.2327644 ], [ 114.1980267, 22.2321617 ], [ 114.1980395, 22.2320239 ], [ 114.1981233, 22.2319014 ], [ 114.19814270000002, 22.2317812 ], [ 114.198167, 22.2311353 ], [ 114.1981112, 22.2305612 ], [ 114.1981287, 22.2302288 ], [ 114.1979186, 22.2296437 ], [ 114.1977365, 22.2294126 ], [ 114.1967014, 22.2292916 ], [ 114.1963471, 22.2289488 ] ] } },
{ "type": "Feature", "properties": { }, "geometry": { "type": "LineString", "coordinates": [ [ 114.1971055, 22.2345646 ], [ 114.197116, 22.2345019 ], [ 114.197175800000011, 22.2344558 ] ] } },
{ "type": "Feature", "properties": { }, "geometry": { "type": "LineString", "coordinates": [ [ 114.1913128, 22.235935 ], [ 114.1915405, 22.2359758 ], [ 114.1920662, 22.2361571 ], [ 114.1925852, 22.2364314 ], [ 114.192687100000015, 22.2365009 ], [ 114.1928199, 22.2366598 ], [ 114.193013, 22.2367951 ], [ 114.1931793, 22.2370024 ], [ 114.1932987, 22.2371048 ], [ 114.1934536, 22.2371843 ], [ 114.1936474, 22.2374146 ], [ 114.1937747, 22.2374166 ], [ 114.1939258, 22.2373345 ], [ 114.1940043, 22.2373232 ], [ 114.1940657, 22.2373703 ], [ 114.1940778, 22.2374192 ], [ 114.1940136, 22.2375034 ], [ 114.1939965, 22.2376399 ], [ 114.1940839, 22.2376777 ], [ 114.1943169, 22.2376759 ], [ 114.1946357, 22.2375319 ], [ 114.1948396, 22.2374022 ], [ 114.1957743, 22.2367455 ], [ 114.1961914, 22.2363929 ], [ 114.1966715, 22.2359324 ], [ 114.1973354, 22.2352161 ], [ 114.1975936, 22.2348536 ], [ 114.1975902, 22.2347928 ], [ 114.197491, 22.23465 ], [ 114.1974313, 22.2346116 ], [ 114.1972965, 22.234592 ], [ 114.1972014, 22.2346462 ], [ 114.1971238, 22.23461 ], [ 114.1971055, 22.2345646 ] ] } },
{ "type": "Feature", "properties": { }, "geometry": { "type": "LineString", "coordinates": [ [ 114.2117665, 22.2089062 ], [ 114.2116517, 22.2083203 ], [ 114.2116372, 22.2075933 ], [ 114.2115873, 22.2073519 ], [ 114.2116061, 22.2071582 ], [ 114.2118843, 22.2061119 ], [ 114.2119614, 22.20559 ], [ 114.2119577, 22.2051046 ], [ 114.2118699, 22.2044342 ], [ 114.2118716, 22.2040392 ], [ 114.2117643, 22.2033091 ], [ 114.2116472, 22.2027797 ], [ 114.2116463, 22.2022015 ], [ 114.211554600000014, 22.2017595 ], [ 114.2110348, 22.2006792 ], [ 114.210810800000019, 22.2006035 ], [ 114.2108336, 22.2005389 ], [ 114.210798700000012, 22.200339 ], [ 114.210847, 22.2003291 ], [ 114.2108779, 22.2003936 ], [ 114.2109874, 22.2003191 ], [ 114.2107853, 22.2000919 ], [ 114.2109323, 22.1999373 ], [ 114.2109543, 22.1998287 ], [ 114.2110562, 22.1996797 ], [ 114.2109101, 22.1995207 ], [ 114.2109932, 22.19944 ], [ 114.2110777, 22.1994537 ], [ 114.2111447, 22.1992364 ], [ 114.2111109, 22.1991724 ], [ 114.2112359, 22.1991544 ], [ 114.2112678, 22.1987824 ], [ 114.2112507, 22.1986627 ], [ 114.2110911, 22.1983932 ], [ 114.2111769, 22.1982914 ], [ 114.2112266, 22.1981536 ], [ 114.211181, 22.1978879 ], [ 114.2112065, 22.1976321 ], [ 114.211080400000014, 22.197503 ], [ 114.2111233, 22.1973428 ], [ 114.2110817, 22.197082 ], [ 114.2113567, 22.1964902 ], [ 114.2112654, 22.1963432 ], [ 114.2114063, 22.196147 ], [ 114.2115444, 22.1960526 ], [ 114.21170530000002, 22.1960315 ], [ 114.2118689, 22.1959533 ], [ 114.2119588, 22.195962 ], [ 114.2119977, 22.1959173 ], [ 114.2120258, 22.1957819 ], [ 114.21217470000002, 22.1955982 ], [ 114.2122632, 22.1955535 ], [ 114.21226590000002, 22.1953895 ], [ 114.2124993, 22.1952852 ], [ 114.2124613, 22.1951585 ], [ 114.2127071, 22.1951002 ], [ 114.212742, 22.1949872 ], [ 114.2128318, 22.1949587 ], [ 114.2128533, 22.1950344 ], [ 114.2129365, 22.194994699999988 ], [ 114.2129901, 22.195017 ], [ 114.2130142, 22.1949611 ], [ 114.2129951, 22.1949061 ], [ 114.2129405, 22.1948866 ], [ 114.2129096, 22.194791 ], [ 114.2129311, 22.1947637 ], [ 114.2129861, 22.1948171 ], [ 114.2130357, 22.19476 ], [ 114.2130585, 22.1946532 ], [ 114.2131229, 22.1946631 ], [ 114.2131591, 22.1946085 ], [ 114.2132208, 22.1945973 ], [ 114.2132288, 22.1945327 ], [ 114.2133021, 22.1944687 ], [ 114.2134179, 22.1944371 ], [ 114.2134635, 22.1944831 ], [ 114.213538600000021, 22.194488 ], [ 114.2136003, 22.1943713 ], [ 114.213658, 22.1943875 ], [ 114.2137693, 22.1943043 ], [ 114.2137304, 22.1942571 ], [ 114.2138712, 22.1941379 ], [ 114.2139436, 22.1939982 ], [ 114.2141327, 22.1939789 ], [ 114.2141917, 22.1939963 ], [ 114.2142158, 22.194054 ], [ 114.2143393, 22.1941428 ], [ 114.2143165, 22.1942918 ], [ 114.2142306, 22.1943291 ], [ 114.2142541, 22.1943738 ], [ 114.2142957, 22.1943471 ], [ 114.2144157, 22.1943688 ], [ 114.214410200000017, 22.1944094 ], [ 114.2144425, 22.194429 ], [ 114.214578, 22.1943589 ], [ 114.2146879, 22.1944098 ], [ 114.2149213, 22.194601 ], [ 114.2150085, 22.1946259 ], [ 114.2150313, 22.1946867 ], [ 114.2151318, 22.1946718 ], [ 114.2151748, 22.1946035 ], [ 114.2152981, 22.1945676 ], [ 114.2153022, 22.1946855 ], [ 114.2153692, 22.1946967 ], [ 114.215402800000021, 22.1946197 ], [ 114.2154953, 22.194647 ], [ 114.2155261, 22.1947302 ], [ 114.2155838, 22.1947488 ], [ 114.2156991, 22.194647 ], [ 114.2157716, 22.1946234 ], [ 114.2157568, 22.1946693 ], [ 114.2158239, 22.1946979 ], [ 114.2158721, 22.1946606 ], [ 114.215884200000019, 22.1945092 ], [ 114.2159526, 22.1945042 ], [ 114.2159969, 22.1945787 ], [ 114.2161672, 22.1946482 ], [ 114.2162785, 22.1945924 ], [ 114.2162983, 22.1945342 ], [ 114.2163683, 22.1945203 ], [ 114.2164783, 22.1945973 ], [ 114.2165018, 22.1946669 ], [ 114.2166218, 22.1946619 ], [ 114.2166976, 22.1947275 ], [ 114.2167211, 22.1946991 ], [ 114.2168283, 22.1947029 ], [ 114.2168568, 22.1947873 ], [ 114.2170664, 22.1948395 ], [ 114.217739, 22.19495 ], [ 114.2178328, 22.1950555 ], [ 114.2180226, 22.1951331 ], [ 114.2180836, 22.1950207 ], [ 114.218258, 22.1950353 ], [ 114.2182271, 22.1949587 ], [ 114.2182419, 22.1949214 ], [ 114.2183237, 22.1948991 ], [ 114.2184162, 22.1949338 ], [ 114.2184994, 22.1948084 ], [ 114.2186519, 22.1947293 ], [ 114.218727300000012, 22.1947302 ], [ 114.2188293, 22.1947662 ], [ 114.218917800000014, 22.1948419 ], [ 114.2191485, 22.1949164 ], [ 114.2193523, 22.1949363 ], [ 114.2194851, 22.1950009 ], [ 114.2204869, 22.1952232 ], [ 114.2207928, 22.1952337 ], [ 114.2209147, 22.1953008 ], [ 114.221197, 22.1953197 ], [ 114.221198300000012, 22.1952467 ], [ 114.221295600000019, 22.1952356 ], [ 114.2217861, 22.1953113 ], [ 114.2218173, 22.1954007 ], [ 114.2219487, 22.195402 ], [ 114.221997, 22.1954417 ], [ 114.2220392, 22.1955721 ], [ 114.2221036, 22.1956447 ], [ 114.2222887, 22.1955932 ], [ 114.2223356, 22.1956174 ], [ 114.2223644, 22.1956981 ], [ 114.2224335, 22.1957049 ], [ 114.222628, 22.1958359 ], [ 114.2227225, 22.1958477 ], [ 114.2228244, 22.1959148 ], [ 114.2228928, 22.1959235 ], [ 114.2229173, 22.1959011 ], [ 114.2228834, 22.1958254 ], [ 114.2228955, 22.1957844 ], [ 114.2230377, 22.195772 ], [ 114.2233756, 22.1961544 ], [ 114.2234366, 22.1965034 ], [ 114.2236385, 22.196676 ], [ 114.2236184, 22.1967405 ], [ 114.2237416, 22.1968176 ], [ 114.2239656, 22.1971466 ], [ 114.2240167, 22.1974061 ], [ 114.2241092, 22.1976172 ], [ 114.2241494, 22.1978568 ], [ 114.2241647, 22.198034 ], [ 114.2241226, 22.198176 ], [ 114.2240649, 22.1982529 ], [ 114.2241079, 22.1983399 ], [ 114.2241065, 22.198428 ] ] } },
{ "type": "Feature", "properties": { }, "geometry": { "type": "LineString", "coordinates": [ [ 114.2115431, 22.218274 ], [ 114.211995, 22.2178364 ], [ 114.2122029, 22.2174447 ], [ 114.2122894, 22.2171666 ], [ 114.212284, 22.2170945 ], [ 114.212179100000014, 22.2169546 ], [ 114.2120782, 22.2169136 ], [ 114.2120962, 22.2168196 ], [ 114.2122552, 22.2167233 ], [ 114.212392, 22.216701 ], [ 114.2126307, 22.2166998 ], [ 114.212691, 22.2167116 ], [ 114.212793, 22.2167904 ], [ 114.2129016, 22.2167854 ], [ 114.2131054, 22.2166737 ], [ 114.2133929, 22.2163602 ], [ 114.213489, 22.2160132 ], [ 114.2134743, 22.2155985 ], [ 114.2135319, 22.2151528 ], [ 114.2135587, 22.2151118 ], [ 114.2139369, 22.2149454 ], [ 114.2141864, 22.2147021 ], [ 114.2142588, 22.2145854 ], [ 114.2142963, 22.2142452 ], [ 114.2142159, 22.2138106 ], [ 114.21426, 22.2137134 ], [ 114.2148294, 22.21307 ], [ 114.2148704, 22.2129639 ], [ 114.2148676, 22.2123605 ], [ 114.2147727, 22.2121002 ], [ 114.2146108, 22.2118964 ], [ 114.2141089, 22.2120845 ], [ 114.2140998, 22.2120449 ], [ 114.2143637, 22.2119422 ], [ 114.214189, 22.2115584 ], [ 114.2139128, 22.2112108 ], [ 114.2137197, 22.2110841 ], [ 114.2136392, 22.2110618 ], [ 114.2131651, 22.2111512 ], [ 114.213156400000017, 22.2112288 ], [ 114.2131108, 22.2112294 ], [ 114.2128211, 22.2110543 ], [ 114.2127911, 22.2109944 ], [ 114.2128037, 22.2107203 ], [ 114.2127509, 22.2104801 ], [ 114.2125333, 22.2100721 ], [ 114.2122758, 22.209733 ], [ 114.2117665, 22.2089062 ] ] } },
{ "type": "Feature", "properties": { }, "geometry": { "type": "LineString", "coordinates": [ [ 114.2345296, 22.2386916 ], [ 114.2346027, 22.2377736 ], [ 114.2348068, 22.2368542 ], [ 114.2347703, 22.2366827 ], [ 114.2346341, 22.2363798 ], [ 114.2344679, 22.2361965 ], [ 114.2343613, 22.2361602 ], [ 114.234146, 22.2362145 ], [ 114.2339582, 22.2361495 ], [ 114.2337082, 22.2359845 ], [ 114.2337118, 22.2357837 ], [ 114.2338068, 22.235601 ], [ 114.2341956, 22.2353154 ], [ 114.2343475, 22.2351665 ], [ 114.2349039, 22.234088 ], [ 114.2350231, 22.2339377 ], [ 114.2349314, 22.2338534 ], [ 114.2349379, 22.2338333 ], [ 114.2349795, 22.2338598 ], [ 114.235052300000021, 22.2337715 ], [ 114.2351015, 22.233586 ], [ 114.235077, 22.233511 ], [ 114.2349894, 22.2335052 ], [ 114.234993, 22.2334157 ], [ 114.235064, 22.2332465 ], [ 114.235236300000011, 22.2330474 ], [ 114.235294, 22.2328283 ], [ 114.2353187, 22.2325929 ], [ 114.2351975, 22.232315 ], [ 114.2352175, 22.2321126 ], [ 114.2352994, 22.2319525 ], [ 114.2354295, 22.2318271 ], [ 114.235469400000014, 22.231718 ], [ 114.23557630000002, 22.231679 ], [ 114.2356463, 22.2316144 ], [ 114.2358803, 22.2313104 ], [ 114.2358036, 22.2307868 ], [ 114.2357158, 22.2304392 ], [ 114.2357876, 22.2300308 ] ] } },
{ "type": "Feature", "properties": { }, "geometry": { "type": "LineString", "coordinates": [ [ 114.246261600000011, 22.2068155 ], [ 114.2467363, 22.2067459 ], [ 114.2472392, 22.2067683 ], [ 114.2474404, 22.2067956 ], [ 114.2475819, 22.2069343 ], [ 114.2478699, 22.2070176 ], [ 114.2479138, 22.2069905 ], [ 114.2479141, 22.2068869 ], [ 114.2479574, 22.2068524 ], [ 114.2482182, 22.2068509 ], [ 114.2485086, 22.2071253 ], [ 114.248596400000011, 22.2073708 ], [ 114.2486853, 22.2072516 ], [ 114.2489116, 22.2072029 ], [ 114.249161, 22.2070228 ], [ 114.2495204, 22.2070042 ], [ 114.2498584, 22.2072153 ], [ 114.2502743, 22.207276 ], [ 114.2506684, 22.2073953 ], [ 114.2513866, 22.2074951 ], [ 114.2514664, 22.2075282 ], [ 114.2518303, 22.20788 ], [ 114.2520863, 22.2081885 ], [ 114.2522013, 22.2082775 ], [ 114.2522623, 22.2082551 ], [ 114.2523099, 22.2081713 ], [ 114.252208, 22.2079671 ], [ 114.2522409, 22.2078749 ], [ 114.2523408, 22.2078882 ], [ 114.2524769, 22.2081161 ], [ 114.2525292, 22.2081335 ], [ 114.2525534, 22.2080943 ], [ 114.2524762, 22.2078137 ], [ 114.252499, 22.2076921 ], [ 114.2525943, 22.2076412 ], [ 114.2529161, 22.2076933 ], [ 114.2530556, 22.2076734 ], [ 114.2531535, 22.2075406 ], [ 114.253128, 22.2073469 ], [ 114.2531562, 22.2071718 ], [ 114.2533761, 22.2068515 ], [ 114.2534995, 22.2067695 ], [ 114.253818, 22.2067208 ], [ 114.2538155, 22.2066907 ], [ 114.2535827, 22.2065628 ], [ 114.2535531, 22.2064957 ], [ 114.2535833, 22.2064805 ] ] } },
{ "type": "Feature", "properties": { }, "geometry": { "type": "Polygon", "coordinates": [ [ [ 114.2335519, 22.2358418 ], [ 114.233564, 22.2357586 ], [ 114.2336445, 22.2357561 ], [ 114.2336445, 22.2358405 ], [ 114.2335519, 22.2358418 ] ] ] } },
{ "type": "Feature", "properties": { }, "geometry": { "type": "LineString", "coordinates": [ [ 114.2144094, 22.2223189 ], [ 114.2144919, 22.2223327 ] ] } },
{ "type": "Feature", "properties": { }, "geometry": { "type": "LineString", "coordinates": [ [ 114.2144919, 22.2223327 ], [ 114.2147798, 22.2224393 ], [ 114.2149052, 22.2225609 ], [ 114.2149259, 22.2228897 ], [ 114.2152775, 22.2232817 ], [ 114.21527, 22.2235144 ], [ 114.2152217, 22.2237081 ], [ 114.2150259, 22.2239079 ], [ 114.2149897, 22.2241314 ], [ 114.2150285, 22.2243768 ], [ 114.2152633, 22.2243735 ], [ 114.2153645, 22.2244165 ], [ 114.2154114, 22.2243952 ], [ 114.2154111, 22.224488 ], [ 114.215516100000016, 22.2245616 ], [ 114.2156589, 22.2245324 ], [ 114.2157025, 22.2245709 ], [ 114.2157139, 22.2246435 ], [ 114.2156059, 22.224682 ], [ 114.2157675, 22.2247165 ], [ 114.2156998, 22.2247968 ], [ 114.2158718, 22.2249551 ], [ 114.216367, 22.2251606 ], [ 114.2164502, 22.225168 ], [ 114.216662, 22.2252823 ], [ 114.2166393, 22.2253437 ], [ 114.2167063, 22.2253586 ], [ 114.2167586, 22.2253096 ], [ 114.2168411, 22.2253983 ], [ 114.2169008, 22.2253294 ], [ 114.2169801, 22.22533 ], [ 114.2170483, 22.2253952 ], [ 114.2170751, 22.2254809 ], [ 114.217059, 22.2255715 ], [ 114.2171516, 22.2256261 ], [ 114.2172875, 22.2256576 ], [ 114.2173608, 22.2257404 ], [ 114.2174238, 22.2259117 ], [ 114.2175458, 22.2259942 ], [ 114.2175219, 22.2261483 ], [ 114.2176062, 22.2261351 ], [ 114.2176994, 22.2261656 ], [ 114.2177477, 22.226222 ], [ 114.2177765, 22.226281 ], [ 114.2177356, 22.2263844 ], [ 114.2177869, 22.2263763 ], [ 114.2179046, 22.2262872 ], [ 114.217942100000016, 22.2262903 ], [ 114.2180367, 22.2263834 ], [ 114.2180558, 22.2265324 ], [ 114.2181718, 22.2265097 ], [ 114.218264, 22.2265696 ], [ 114.2182422, 22.226664 ], [ 114.218264, 22.2268276 ], [ 114.218337100000014, 22.2267791 ], [ 114.2184095, 22.226812 ], [ 114.2182714, 22.2271407 ], [ 114.2183166, 22.2272819 ], [ 114.2185765, 22.2273071 ], [ 114.2185654, 22.2276606 ], [ 114.2186294, 22.2276596 ], [ 114.218661, 22.22761 ], [ 114.2187049, 22.2276007 ], [ 114.2187515, 22.2276348 ], [ 114.218836, 22.227609 ], [ 114.218903, 22.2276361 ], [ 114.2188836, 22.2276857 ], [ 114.2188018, 22.2277453 ], [ 114.2187595, 22.2278502 ], [ 114.2187914, 22.2278896 ], [ 114.2189044, 22.227857 ], [ 114.2189352, 22.2278781 ], [ 114.2188916, 22.2279781 ], [ 114.2188843, 22.2283437 ], [ 114.2187549, 22.2284232 ], [ 114.2186406, 22.2286491 ], [ 114.2186268, 22.2287335 ], [ 114.2187233, 22.2288998 ], [ 114.2188655, 22.2290023 ], [ 114.2191109, 22.228978 ], [ 114.2195803, 22.2287839 ], [ 114.2198324, 22.2286243 ], [ 114.2199766, 22.2285883 ], [ 114.2200228, 22.2286243 ], [ 114.2199974, 22.2287807 ], [ 114.2200402, 22.2288453 ], [ 114.2203581, 22.2290168 ], [ 114.2204158, 22.229001 ], [ 114.2204118, 22.2289346 ], [ 114.2204765, 22.2288884 ], [ 114.2205137, 22.2290352 ], [ 114.2206062, 22.2291404 ], [ 114.2207618, 22.2291481 ], [ 114.2208194, 22.2290514 ], [ 114.2209241, 22.2290904 ], [ 114.2210233, 22.2291755 ] ] } },
{ "type": "Feature", "properties": { }, "geometry": { "type": "LineString", "coordinates": [ [ 114.2142735, 22.2198656 ], [ 114.2141998, 22.2216584 ], [ 114.2142534, 22.2220296 ], [ 114.2144094, 22.2223189 ] ] } },
{ "type": "Feature", "properties": { }, "geometry": { "type": "Polygon", "coordinates": [ [ [ 114.220098, 22.2286879 ], [ 114.2200594, 22.2286463 ], [ 114.2200946, 22.2286159 ], [ 114.2201301, 22.2286612 ], [ 114.220098, 22.2286879 ] ] ] } },
{ "type": "Feature", "properties": { }, "geometry": { "type": "LineString", "coordinates": [ [ 114.2290351, 22.2298204 ], [ 114.2290971, 22.2300528 ], [ 114.2291873, 22.2299805 ], [ 114.2292141, 22.2299848 ], [ 114.229244300000019, 22.2300578 ], [ 114.22936, 22.2300348 ], [ 114.2293668, 22.2301184 ], [ 114.2295232, 22.2303368 ], [ 114.2295195, 22.2304033 ], [ 114.229576200000011, 22.2304841 ], [ 114.2295487, 22.230597 ], [ 114.2296254, 22.2307194 ], [ 114.2295073, 22.2307035 ], [ 114.2294932, 22.2306738 ], [ 114.2294726, 22.2306931 ], [ 114.2295599, 22.2307969 ], [ 114.22954, 22.2308703 ], [ 114.2295782, 22.2308845 ], [ 114.2296475, 22.2311915 ], [ 114.2296613, 22.231207 ], [ 114.2296976, 22.2311207 ], [ 114.2300892, 22.2315403 ], [ 114.2300798, 22.2318246 ], [ 114.2300502, 22.2318917 ] ] } },
{ "type": "Feature", "properties": { }, "geometry": { "type": "LineString", "coordinates": [ [ 114.2186569, 22.2274984 ], [ 114.2188335, 22.2274122 ], [ 114.218855, 22.2274173 ], [ 114.2188029, 22.2275008 ], [ 114.2186836, 22.2275306 ], [ 114.2186548, 22.2275265 ], [ 114.2186569, 22.2274984 ] ] } },
{ "type": "Feature", "properties": { }, "geometry": { "type": "LineString", "coordinates": [ [ 114.2187164, 22.227439 ], [ 114.2187292, 22.227375 ], [ 114.2187748, 22.2273649 ], [ 114.218773, 22.2273941 ], [ 114.2187164, 22.227439 ] ] } },
{ "type": "Feature", "properties": { }, "geometry": { "type": "LineString", "coordinates": [ [ 114.2183704, 22.2272218 ], [ 114.2183594, 22.2271689 ], [ 114.2184816, 22.2270347 ], [ 114.2185292, 22.2270302 ], [ 114.218425, 22.2271421 ], [ 114.2184242, 22.2272285 ], [ 114.2183704, 22.2272218 ] ] } },
{ "type": "Feature", "properties": { }, "geometry": { "type": "LineString", "coordinates": [ [ 114.2226398, 22.2312224 ], [ 114.222609, 22.2312049 ], [ 114.222618, 22.2311741 ], [ 114.2226511, 22.2311943 ], [ 114.2226398, 22.2312224 ] ] } },
{ "type": "Feature", "properties": { }, "geometry": { "type": "LineString", "coordinates": [ [ 114.2223499, 22.2310632 ], [ 114.2223081, 22.231049 ], [ 114.2223064, 22.2309851 ], [ 114.2223864, 22.2310335 ], [ 114.2223499, 22.2310632 ] ] } },
{ "type": "Feature", "properties": { }, "geometry": { "type": "LineString", "coordinates": [ [ 114.2300502, 22.2318917 ], [ 114.2296386, 22.2323429 ], [ 114.2297284, 22.2327594 ], [ 114.2298463, 22.2330686 ], [ 114.2297767, 22.2333962 ], [ 114.229833, 22.2335564 ], [ 114.2298149, 22.2337066 ], [ 114.229605, 22.2341386 ], [ 114.2293649, 22.2344913 ], [ 114.2292416, 22.2348053 ], [ 114.2291424, 22.2349678 ], [ 114.2290874, 22.2351999 ], [ 114.2289371, 22.2354929 ], [ 114.2288755, 22.2357041 ], [ 114.2288487, 22.2360031 ], [ 114.2287588, 22.2363097 ], [ 114.2287628, 22.236455 ], [ 114.2289412, 22.2366846 ], [ 114.228791, 22.2370869 ], [ 114.2288098, 22.2374121 ], [ 114.2287397, 22.2375967 ], [ 114.228341700000016, 22.2378701 ], [ 114.2281312, 22.2381532 ], [ 114.2280292, 22.238214 ], [ 114.2272482, 22.2383999 ], [ 114.2266747, 22.2386361 ], [ 114.2263725, 22.2387124 ], [ 114.2257407, 22.2387046 ], [ 114.2257321, 22.2384621 ], [ 114.2256634, 22.2384144 ], [ 114.2255277, 22.2383826 ], [ 114.2247694, 22.2383498 ], [ 114.2245939, 22.2384031 ], [ 114.2244619, 22.2384921 ], [ 114.2243573, 22.2386162 ], [ 114.2242969, 22.2387429 ], [ 114.2242535, 22.238942 ], [ 114.224205, 22.2394988 ], [ 114.2241773, 22.2395407 ], [ 114.2240774, 22.2403225 ], [ 114.2240474, 22.2403212 ], [ 114.223987, 22.2408158 ], [ 114.2240099, 22.2411033 ], [ 114.2238551, 22.2418057 ], [ 114.2238611, 22.2419264 ], [ 114.2242823, 22.2420814 ], [ 114.2238587, 22.2419465 ], [ 114.2237687, 22.2420624 ], [ 114.2237393, 22.2420473 ], [ 114.2237104, 22.2421086 ], [ 114.2237743, 22.242142 ], [ 114.223768, 22.2421631 ], [ 114.2236893, 22.2421234 ], [ 114.2234779, 22.2423539 ], [ 114.2234683, 22.2425356 ], [ 114.2233572, 22.2428231 ], [ 114.2234123, 22.2429347 ], [ 114.2234788, 22.2429566 ], [ 114.223614, 22.2427694 ], [ 114.223814800000014, 22.2428678 ], [ 114.2241485, 22.2429609 ], [ 114.2241421, 22.2429806 ], [ 114.2238084, 22.2428876 ], [ 114.2237805, 22.2429689 ], [ 114.2236735, 22.2429355 ], [ 114.2234839, 22.2430831 ], [ 114.2231469, 22.2435038 ], [ 114.2230442, 22.2434853 ], [ 114.2230291, 22.2435251 ], [ 114.2230325, 22.2435802 ], [ 114.2230665, 22.2435803 ], [ 114.2230534, 22.2438493 ], [ 114.2230762, 22.2439008 ], [ 114.2230168, 22.2441118 ], [ 114.2232328, 22.2442176 ], [ 114.2232692, 22.2441885 ], [ 114.2232488, 22.2440848 ], [ 114.2233384, 22.2440369 ], [ 114.2233819, 22.2440735 ], [ 114.2233905, 22.24416 ], [ 114.2234559, 22.2441323 ], [ 114.2234678, 22.2441563 ], [ 114.2232375, 22.2442659 ], [ 114.2233938, 22.2446161 ], [ 114.2233078, 22.2449094 ], [ 114.2232133, 22.2449605 ], [ 114.2226942, 22.2450602 ], [ 114.2224472, 22.2450374 ], [ 114.2222563, 22.2449667 ], [ 114.2218916, 22.2445637 ], [ 114.2216068, 22.2448115 ], [ 114.2216842, 22.2449291 ], [ 114.2218353, 22.2447728 ], [ 114.221949400000014, 22.2448389 ], [ 114.2220663, 22.245051 ], [ 114.2221614, 22.2451403 ], [ 114.2221659, 22.2451632 ], [ 114.2220846, 22.2451781 ], [ 114.2221113, 22.2452131 ], [ 114.2224602, 22.2453181 ], [ 114.222556200000014, 22.2453666 ], [ 114.2225893, 22.2454439 ], [ 114.2226781, 22.2455162 ], [ 114.2233268, 22.245774 ], [ 114.2234914, 22.2458934 ], [ 114.2234908, 22.2459594 ], [ 114.2233241, 22.2460324 ], [ 114.2231328, 22.246057 ], [ 114.2228963, 22.2460172 ], [ 114.2229682, 22.2461372 ], [ 114.223071, 22.246208 ], [ 114.2229631, 22.2462678 ], [ 114.2231157, 22.2462316 ], [ 114.2232081, 22.2462642 ], [ 114.2232085, 22.2462948 ], [ 114.2231113, 22.2463472 ], [ 114.2232026, 22.2463968 ], [ 114.2233937, 22.2465811 ], [ 114.2236731, 22.2467094 ], [ 114.2239862, 22.2469372 ], [ 114.2240881, 22.2470469 ], [ 114.2241333, 22.2470633 ], [ 114.224115800000021, 22.2469779 ], [ 114.2240139, 22.2468724 ], [ 114.2240023, 22.2468245 ], [ 114.2242315, 22.2466736 ], [ 114.2244269, 22.2467511 ], [ 114.2244444, 22.2466678 ], [ 114.2244791, 22.246642199999986 ], [ 114.2246231, 22.2466578 ], [ 114.2248473, 22.2468153 ], [ 114.224957700000019, 22.2468437 ], [ 114.2250407, 22.2468328 ], [ 114.2251367, 22.2467592 ], [ 114.2251762, 22.2466845 ], [ 114.2251721, 22.246549 ], [ 114.225117200000014, 22.2465957 ], [ 114.2250612, 22.2465373 ], [ 114.2249671, 22.2465037 ], [ 114.2247814, 22.2465496 ], [ 114.2247358, 22.24648 ], [ 114.2246905, 22.2465483 ], [ 114.2246283, 22.2465146 ], [ 114.2245736, 22.246432 ], [ 114.2246106, 22.2462064 ], [ 114.2246741, 22.246118 ], [ 114.224783, 22.2460564 ], [ 114.2248072, 22.2459977 ], [ 114.2248047, 22.2459623 ], [ 114.2246497, 22.2458118 ], [ 114.224705700000015, 22.2457851 ], [ 114.2247148, 22.2457043 ], [ 114.2248676, 22.2457656 ], [ 114.2249804, 22.2457609 ], [ 114.2250607, 22.2458051 ], [ 114.2251486, 22.2457631 ], [ 114.2252129, 22.2456217 ], [ 114.2253163, 22.2450032 ], [ 114.2253218, 22.2448827 ], [ 114.225268, 22.2447607 ], [ 114.2253874, 22.2446868 ], [ 114.2255629, 22.2443984 ], [ 114.2257327, 22.2441913 ], [ 114.2258287, 22.2438984 ], [ 114.2259427, 22.2437302 ], [ 114.225869, 22.2434118 ], [ 114.2258212, 22.2433322 ], [ 114.2258151, 22.2431961 ], [ 114.2256683, 22.2431101 ], [ 114.2255274, 22.2431619 ], [ 114.2254845, 22.2430999 ], [ 114.225522700000013, 22.2425028 ], [ 114.2255643, 22.242339 ], [ 114.2260337, 22.2413459 ], [ 114.2262215, 22.2412826 ], [ 114.2262933, 22.2413617 ], [ 114.2263623, 22.2412844 ], [ 114.2264283, 22.2412633 ], [ 114.2264873, 22.241272 ], [ 114.2265423, 22.2413412 ], [ 114.226652300000012, 22.2413257 ], [ 114.2267454, 22.2413723 ], [ 114.226981400000014, 22.2416727 ], [ 114.2271548, 22.2418027 ], [ 114.2276752, 22.2419988 ], [ 114.2279801, 22.2420594 ], [ 114.2284741, 22.2419809 ], [ 114.2286193, 22.2419293 ], [ 114.2288165, 22.2417791 ], [ 114.2288889, 22.2417543 ], [ 114.229652, 22.2416984 ], [ 114.2298049, 22.2416662 ], [ 114.2305259, 22.2413922 ], [ 114.231028, 22.2413547 ], [ 114.2314343, 22.2411597 ], [ 114.2316113, 22.2409475 ], [ 114.2316978, 22.2408858 ], [ 114.232007, 22.2404596 ], [ 114.2324053, 22.240395 ], [ 114.2324844, 22.2401865 ], [ 114.232787, 22.23979 ], [ 114.2328438, 22.2397975 ], [ 114.2329897, 22.2395627 ], [ 114.2330748, 22.2395466 ], [ 114.2332897, 22.2393203 ], [ 114.2333494, 22.2393213 ], [ 114.233435200000017, 22.2392688 ], [ 114.2334577, 22.2391283 ], [ 114.2335365, 22.2391009 ] ] } },
{ "type": "Feature", "properties": { }, "geometry": { "type": "LineString", "coordinates": [ [ 114.2210233, 22.2291755 ], [ 114.2215343, 22.2295851 ], [ 114.2216617, 22.229775 ], [ 114.221665, 22.2298321 ], [ 114.2216033, 22.2299457 ], [ 114.2216389, 22.2300091 ], [ 114.2217492, 22.2300333 ], [ 114.2217365, 22.2300615 ], [ 114.221663, 22.2300693 ], [ 114.2216635, 22.2301085 ], [ 114.221836, 22.230145 ], [ 114.2218508, 22.2301766 ], [ 114.2218176, 22.2302499 ], [ 114.2218857, 22.2302812 ], [ 114.2218629, 22.2303467 ], [ 114.221781, 22.2303647 ], [ 114.2217911, 22.2304858 ], [ 114.2218628, 22.2305485 ], [ 114.2219762, 22.2305255 ], [ 114.2220332, 22.2305429 ], [ 114.2220258, 22.2305981 ], [ 114.2219373, 22.2306738 ], [ 114.221935300000013, 22.2307483 ], [ 114.2219728, 22.2307781 ], [ 114.2221304, 22.2307856 ], [ 114.2222216, 22.2308694 ], [ 114.2222451, 22.2310351 ], [ 114.2223792, 22.2311245 ], [ 114.2224073, 22.2312115 ], [ 114.2226889, 22.2312934 ], [ 114.2227218, 22.2313734 ], [ 114.2228311, 22.2314839 ], [ 114.2230759, 22.2316552 ], [ 114.2230225, 22.2317944 ], [ 114.2230532, 22.2318385 ], [ 114.2230675, 22.2319994 ], [ 114.2230539, 22.2320452 ], [ 114.2229496, 22.2321271 ], [ 114.2229607, 22.2323113 ], [ 114.2229087, 22.2324274 ], [ 114.222938, 22.2324946 ], [ 114.2229216, 22.2325751 ], [ 114.2229596, 22.2326156 ], [ 114.2229217, 22.2326887 ], [ 114.2229426, 22.2327663 ], [ 114.2232093, 22.2329304 ], [ 114.2235633, 22.2330127 ], [ 114.2238322, 22.2329573 ], [ 114.2238248, 22.2328502 ], [ 114.223943, 22.2327151 ], [ 114.2240074, 22.2326809 ], [ 114.2240095, 22.2325362 ], [ 114.2240878, 22.2324689 ], [ 114.2241208, 22.2325428 ], [ 114.2241561, 22.2325386 ], [ 114.2241581, 22.2323983 ], [ 114.2242034, 22.2323355 ], [ 114.2242782, 22.2320667 ], [ 114.2245008, 22.2319612 ], [ 114.2245491, 22.2319066 ], [ 114.2245947, 22.2317228 ], [ 114.2246617, 22.2316884 ], [ 114.224641, 22.231572 ], [ 114.2247476, 22.2314892 ], [ 114.2248736, 22.231248 ], [ 114.2249165, 22.2310463 ], [ 114.225046, 22.2309156 ], [ 114.2250716, 22.2308628 ], [ 114.2250245, 22.230897 ], [ 114.225005100000018, 22.2308706 ], [ 114.2250813, 22.2307759 ], [ 114.2251492, 22.230798 ], [ 114.2254117, 22.2305182 ], [ 114.2256635, 22.2305188 ], [ 114.2257681, 22.230304 ], [ 114.2261665, 22.2300817 ], [ 114.226253, 22.230067 ], [ 114.2262825, 22.230010299999989 ], [ 114.2265192, 22.2299738 ], [ 114.2269349, 22.229749 ] ] } },
{ "type": "Feature", "properties": { }, "geometry": { "type": "LineString", "coordinates": [ [ 114.2357876, 22.2300308 ], [ 114.235864, 22.2297502 ], [ 114.2358553, 22.2291162 ], [ 114.2361322, 22.2278819 ], [ 114.236051700000019, 22.2273244 ], [ 114.236218, 22.2271246 ], [ 114.2366217, 22.2263387 ], [ 114.2368045, 22.2258016 ], [ 114.2368225, 22.2255242 ], [ 114.2367589, 22.2252999 ], [ 114.2366996, 22.2252473 ], [ 114.2363676, 22.2252854 ], [ 114.236334, 22.2252338 ], [ 114.2363799, 22.2250907 ], [ 114.2363701, 22.2249474 ], [ 114.2361886, 22.224232 ], [ 114.2361877, 22.2239416 ], [ 114.2362314, 22.2236783 ], [ 114.2362999, 22.2235119 ], [ 114.2363556, 22.2231417 ], [ 114.2363246, 22.2228927 ], [ 114.2362558, 22.2227858 ], [ 114.23617950000002, 22.2227581 ], [ 114.2360542, 22.2228385 ], [ 114.2359309, 22.2229734 ], [ 114.235516, 22.2226385 ], [ 114.2357355, 22.2223741 ], [ 114.2358083, 22.2219449 ], [ 114.2359354, 22.2217093 ], [ 114.2360736, 22.2216035 ], [ 114.2364366, 22.2210261 ], [ 114.2367182, 22.2209544 ], [ 114.237088900000018, 22.2209249 ], [ 114.237183300000012, 22.2208884 ], [ 114.2373649, 22.2207751 ], [ 114.2377979, 22.2204144 ], [ 114.2379843, 22.2203461 ], [ 114.2381243, 22.2203453 ], [ 114.238127, 22.2203197 ], [ 114.2382475, 22.2203241 ], [ 114.2382639, 22.2205944 ], [ 114.2383604, 22.2206459 ], [ 114.2383625, 22.2207136 ], [ 114.238223, 22.2210736 ], [ 114.2382385, 22.2213595 ], [ 114.238282, 22.2215019 ], [ 114.2384979, 22.2218086 ], [ 114.238806400000016, 22.222136299999988 ], [ 114.2388681, 22.2221649 ], [ 114.2390437, 22.2221624 ], [ 114.2392462, 22.2221128 ], [ 114.2395212, 22.2221897 ], [ 114.2397076, 22.2222034 ], [ 114.2399825, 22.2221773 ], [ 114.2402454, 22.2220792 ], [ 114.240503, 22.2218772 ], [ 114.2406812, 22.2218061 ], [ 114.241121100000015, 22.2217502 ], [ 114.241219, 22.2217006 ], [ 114.241319600000011, 22.221456 ], [ 114.2413907, 22.2201363 ], [ 114.2413665, 22.2200512 ], [ 114.241297500000016, 22.2199916 ], [ 114.2411875, 22.21996 ], [ 114.2411057, 22.2200044 ], [ 114.2409832, 22.2199918 ], [ 114.2408529, 22.219883 ], [ 114.240808, 22.2198042 ], [ 114.240791, 22.2197227 ], [ 114.2408432, 22.2191676 ], [ 114.2406796, 22.2191437 ], [ 114.2406135, 22.2191865 ], [ 114.237823, 22.2189264 ], [ 114.2378168, 22.2190046 ], [ 114.2376955, 22.218999 ], [ 114.2376946, 22.2189506 ], [ 114.2376414, 22.2189437 ], [ 114.2375994, 22.2188172 ], [ 114.2377721, 22.2186164 ], [ 114.2379241, 22.2186376 ], [ 114.2381634, 22.2186165 ], [ 114.238231, 22.2184416 ], [ 114.2383581, 22.2183708 ], [ 114.238511, 22.2184478 ], [ 114.2385462, 22.2185806 ], [ 114.2386185, 22.2186156 ], [ 114.239047, 22.2186524 ], [ 114.2393929, 22.218732 ], [ 114.2406743, 22.2187891 ], [ 114.2414445, 22.2183987 ], [ 114.2418702, 22.2180605 ], [ 114.2418939, 22.2179497 ], [ 114.2418333, 22.2178795 ], [ 114.2418457, 22.2176492 ], [ 114.2418012, 22.2175755 ], [ 114.2418502, 22.2175608 ], [ 114.2419255, 22.2176201 ], [ 114.2419585, 22.2176008 ], [ 114.2419197, 22.217444 ], [ 114.2419472, 22.2173869 ], [ 114.2420334, 22.2173708 ], [ 114.2420592, 22.2173401 ], [ 114.242072, 22.2169411 ], [ 114.2421501, 22.2168583 ], [ 114.2421645, 22.2167537 ], [ 114.242278, 22.216712 ], [ 114.2423165, 22.2166559 ], [ 114.242236, 22.216487 ], [ 114.2422159, 22.2161853 ], [ 114.2421466, 22.2159657 ], [ 114.242114900000018, 22.2155265 ], [ 114.2420864, 22.2154995 ], [ 114.2420407, 22.2155259 ], [ 114.242028500000018, 22.2155024 ], [ 114.2420847, 22.2154469 ], [ 114.2421501, 22.2154777 ], [ 114.2424273, 22.2151168 ], [ 114.2429141, 22.214023 ], [ 114.2430791, 22.213415199999989 ], [ 114.2429649, 22.2130961 ], [ 114.2429457, 22.2129279 ], [ 114.2431498, 22.2124141 ], [ 114.2431905, 22.212097 ], [ 114.2431106, 22.2117577 ], [ 114.243025500000016, 22.2116068 ], [ 114.2425172, 22.2112052 ], [ 114.242243, 22.2110371 ], [ 114.2421044, 22.2109936 ], [ 114.2420123, 22.2110189 ], [ 114.2419982, 22.2112275 ], [ 114.2419214, 22.2112567 ], [ 114.2418416, 22.2111443 ], [ 114.2417241, 22.2111281 ], [ 114.2417019, 22.2110361 ], [ 114.2416552, 22.2110534 ], [ 114.2416509, 22.2111428 ], [ 114.2416167, 22.2111583 ], [ 114.2414872, 22.2111419 ], [ 114.2413002, 22.2110525 ], [ 114.2413022, 22.2109764 ], [ 114.2413892, 22.2109429 ], [ 114.2413526, 22.2108589 ], [ 114.2413865, 22.210779 ], [ 114.2415115, 22.2107585 ], [ 114.2416763, 22.2108163 ], [ 114.2417511, 22.2107959 ], [ 114.2417405, 22.2106442 ], [ 114.2416941, 22.2106223 ], [ 114.2417251, 22.2105648 ], [ 114.2415792, 22.2105571 ], [ 114.241565, 22.2105352 ], [ 114.2415288, 22.209876099999988 ], [ 114.2415687, 22.2095686 ], [ 114.2421444, 22.2085239 ], [ 114.2424971, 22.2080894 ], [ 114.2425869, 22.2080261 ], [ 114.2428565, 22.2079888 ], [ 114.2429236, 22.2080112 ], [ 114.243116, 22.2082092 ], [ 114.2431596, 22.2082148 ], [ 114.2431968, 22.2081884 ], [ 114.2432213, 22.2080025 ], [ 114.2432816, 22.2078771 ], [ 114.2433782, 22.207774 ], [ 114.243684, 22.2075518 ], [ 114.24403940000002, 22.2073717 ], [ 114.2443304, 22.207296 ], [ 114.2450532, 22.2072575 ], [ 114.2454368, 22.2071259 ], [ 114.2456125, 22.2071226 ], [ 114.2458153, 22.2071712 ], [ 114.2458612, 22.2070241 ], [ 114.246261600000011, 22.2068155 ] ] } },
{ "type": "Feature", "properties": { }, "geometry": { "type": "LineString", "coordinates": [ [ 114.2335365, 22.2391009 ], [ 114.2335633, 22.2392294 ], [ 114.2336673, 22.2394394 ], [ 114.233618, 22.2394408 ], [ 114.2336009, 22.2394718 ], [ 114.2336431, 22.2396788 ], [ 114.2335976, 22.2400239 ], [ 114.2336359, 22.2401619 ], [ 114.2336968, 22.2402387 ], [ 114.2337143, 22.2404428 ], [ 114.2337931, 22.2405271 ], [ 114.2338771, 22.241192 ], [ 114.233961, 22.2412652 ], [ 114.2341648, 22.2413105 ], [ 114.2343137, 22.2412193 ], [ 114.23442780000002, 22.2410903 ], [ 114.2345148, 22.2409269 ], [ 114.234583300000011, 22.2408877 ], [ 114.234646400000017, 22.2406985 ], [ 114.2348193, 22.2404794 ], [ 114.2348327, 22.2404186 ], [ 114.2348327, 22.2403665 ], [ 114.2347012, 22.2402188 ], [ 114.2346396, 22.2400847 ], [ 114.2346945, 22.2399182 ], [ 114.2348384, 22.2397105 ], [ 114.2347834, 22.2393256 ], [ 114.2346912, 22.2393095 ], [ 114.2346583, 22.2392412 ], [ 114.2345899, 22.2388217 ], [ 114.2345296, 22.2386916 ] ] } },
{ "type": "Feature", "properties": { }, "geometry": { "type": "Polygon", "coordinates": [ [ [ 114.2766299, 22.5122098 ], [ 114.2765902, 22.5121198 ], [ 114.2766036, 22.5119562 ], [ 114.2767211, 22.5118877 ], [ 114.2767908, 22.5118828 ], [ 114.2768874, 22.511967 ], [ 114.276903500000017, 22.5120413 ], [ 114.2768552, 22.5121801 ], [ 114.2767318, 22.5122495 ], [ 114.2766299, 22.5122098 ] ] ] } },
{ "type": "Feature", "properties": { }, "geometry": { "type": "LineString", "coordinates": [ [ 114.3213837, 22.4806746 ], [ 114.3211086, 22.4802313 ], [ 114.321059, 22.4799092 ], [ 114.3210842, 22.4797667 ], [ 114.3208511, 22.47967 ], [ 114.3207153, 22.4794393 ], [ 114.3206682, 22.4783467 ], [ 114.3205163, 22.4780367 ], [ 114.3204251, 22.4769985 ], [ 114.32025680000001, 22.4767214 ], [ 114.3199349, 22.4766733 ], [ 114.3182681, 22.4770626 ], [ 114.3178074, 22.4773453 ], [ 114.3172733, 22.4773365 ], [ 114.3162188, 22.4770912 ], [ 114.3159226, 22.4767646 ] ] } },
{ "type": "Feature", "properties": { }, "geometry": { "type": "LineString", "coordinates": [ [ 113.9281264, 22.2240934 ], [ 113.9293344, 22.2245821 ], [ 113.9295651, 22.2246553 ], [ 113.9301418, 22.2247484 ], [ 113.9304167, 22.2249855 ], [ 113.930701, 22.2250836 ], [ 113.9318919, 22.2252574 ], [ 113.932187, 22.2252649 ], [ 113.9327891, 22.2251283 ], [ 113.9329688, 22.225137 ], [ 113.9330902, 22.2251929 ], [ 113.9333068, 22.2254263 ], [ 113.9334744, 22.2255603 ], [ 113.9337252, 22.2257081 ], [ 113.9342536, 22.2259191 ], [ 113.9343032, 22.2261103 ], [ 113.9341691, 22.2265597 ], [ 113.934149, 22.226731 ], [ 113.9341678, 22.2269359 ], [ 113.9342201, 22.2270923 ], [ 113.9345017, 22.22742 ], [ 113.9350408, 22.227862 ], [ 113.935529, 22.2281463 ], [ 113.9365348, 22.2286267 ], [ 113.9371658, 22.2288253 ], [ 113.9374441, 22.22887 ], [ 113.9380757, 22.2288216 ], [ 113.938484800000012, 22.2288415 ], [ 113.9389729, 22.2288253 ], [ 113.9391822, 22.2288427 ], [ 113.9397736, 22.2290227 ], [ 113.9398567, 22.2290836 ], [ 113.9399386, 22.2292326 ], [ 113.9403194, 22.2296248 ], [ 113.9408612, 22.2300693 ], [ 113.9419073, 22.2307272 ], [ 113.9437687, 22.2315813 ], [ 113.9446364, 22.2319239 ], [ 113.9459789, 22.2323994 ], [ 113.947379, 22.2328302 ], [ 113.9478109, 22.2329238 ], [ 113.9497555, 22.2334534 ], [ 113.9505354, 22.2336199 ], [ 113.9516611, 22.2339356 ], [ 113.9522009, 22.234043 ], [ 113.95239, 22.2340548 ], [ 113.9524933, 22.2340324 ], [ 113.952581100000017, 22.2339642 ], [ 113.9526254, 22.2337978 ], [ 113.9526878, 22.2337438 ], [ 113.9530639, 22.2338307 ] ] } },
{ "type": "Feature", "properties": { }, "geometry": { "type": "LineString", "coordinates": [ [ 113.9530639, 22.2338307 ], [ 113.9542133, 22.2339735 ], [ 113.9549643, 22.2339797 ], [ 113.9557984, 22.2338605 ], [ 113.9561431, 22.2337811 ], [ 113.95654140000002, 22.2336271 ], [ 113.9570229, 22.2332858 ], [ 113.9572348, 22.2329878 ], [ 113.9572415, 22.2328351 ], [ 113.9571597, 22.2326862 ], [ 113.9570001, 22.2325037 ], [ 113.95698, 22.2324342 ], [ 113.9570738, 22.232207 ], [ 113.9571744, 22.2321039 ], [ 113.9572817, 22.2317005 ], [ 113.9573434, 22.2316843 ], [ 113.9575298, 22.2317303 ], [ 113.9577927, 22.2318904 ], [ 113.9578584, 22.2318941 ], [ 113.9579093, 22.2318656 ], [ 113.958026, 22.2316806 ], [ 113.9581145, 22.2316068 ], [ 113.9582413, 22.2316403 ], [ 113.9586604, 22.2318972 ], [ 113.9588709, 22.2323957 ], [ 113.9589661, 22.2324726 ], [ 113.9593524, 22.2326874 ], [ 113.959972, 22.2329084 ], [ 113.96017980000002, 22.2330884 ], [ 113.9604038, 22.2332026 ], [ 113.9606278, 22.2332572 ], [ 113.9609134, 22.2331715 ], [ 113.9611562, 22.2331343 ], [ 113.9614016, 22.2332634 ], [ 113.9617114, 22.2332535 ], [ 113.9618629, 22.2332274 ], [ 113.9622713, 22.2330027 ], [ 113.9624564, 22.2329847 ], [ 113.9626193, 22.233256 ], [ 113.9626917, 22.2335514 ], [ 113.9627387, 22.2341895 ], [ 113.962681, 22.2346811 ], [ 113.9627776, 22.2352149 ], [ 113.9627588, 22.2354991 ], [ 113.962871400000012, 22.2356543 ], [ 113.9630082, 22.2357598 ], [ 113.963145, 22.2358045 ], [ 113.9638612, 22.2358318 ], [ 113.9644633, 22.2361645 ], [ 113.9645746, 22.2361893 ], [ 113.9648375, 22.2361807 ], [ 113.9649099, 22.2362253 ], [ 113.965083600000014, 22.236486 ], [ 113.9653766, 22.2366071 ], [ 113.9658406, 22.2366251 ], [ 113.96654070000001, 22.2365903 ], [ 113.966715, 22.2366089 ], [ 113.9670047, 22.2366933 ], [ 113.9678121, 22.2371837 ], [ 113.9685309, 22.2374431 ], [ 113.968630800000014, 22.2375282 ], [ 113.9688756, 22.2380775 ], [ 113.9690083, 22.2382401 ], [ 113.9696158, 22.238754 ], [ 113.970226, 22.2390482 ], [ 113.9703709, 22.2392946 ], [ 113.9704433, 22.2393455 ], [ 113.970853, 22.2395522 ], [ 113.9718099, 22.2395758 ], [ 113.9719333, 22.239618 ], [ 113.9720593, 22.2397011 ], [ 113.972214900000012, 22.2398886 ], [ 113.9724469, 22.2400698 ], [ 113.9727983, 22.240431 ], [ 113.9737612, 22.2402337 ], [ 113.9756857, 22.2397495 ], [ 113.9768511, 22.2393883 ], [ 113.978034, 22.2389675 ], [ 113.9787957, 22.2386472 ], [ 113.9802991, 22.2377795 ], [ 113.9808744, 22.2374084 ], [ 113.9813183, 22.2370732 ], [ 113.981499400000018, 22.2370595 ], [ 113.9816563, 22.2371204 ], [ 113.9817515, 22.2372656 ], [ 113.9817475, 22.2373326 ], [ 113.9815825, 22.2375884 ], [ 113.9810333, 22.2382196 ], [ 113.9803477, 22.2386672 ], [ 113.980176900000018, 22.2388687 ], [ 113.9801372, 22.2390653 ], [ 113.9801822, 22.2391453 ], [ 113.9800084, 22.2399172 ], [ 113.97989680000002, 22.2406075 ], [ 113.9801956, 22.2412068 ], [ 113.9802286, 22.2413716 ], [ 113.9802044, 22.2417183 ], [ 113.9801293, 22.2418871 ], [ 113.9799878, 22.2420195 ], [ 113.9798378, 22.2421092 ], [ 113.9798166, 22.2421724 ], [ 113.9798618, 22.2421769 ], [ 113.9799441, 22.2421574 ], [ 113.9803755, 22.2418456 ], [ 113.9804651, 22.2413711 ], [ 113.9803566, 22.2410479 ], [ 113.9801629, 22.2406273 ], [ 113.980551, 22.2400795 ], [ 113.9806928, 22.2398167 ], [ 113.9808407, 22.2393667 ], [ 113.9811478, 22.2390193 ], [ 113.9814305, 22.2389057 ], [ 113.9817419, 22.2388463 ], [ 113.9819786, 22.238804 ], [ 113.9821619, 22.2388339 ], [ 113.9822675, 22.23872 ], [ 113.9823766, 22.2386857 ], [ 113.9824279, 22.2385601 ], [ 113.9823165, 22.2384887 ], [ 113.9822796, 22.2382489 ], [ 113.9820043, 22.2378345 ], [ 113.9818551, 22.2372486 ], [ 113.9817982, 22.2371249 ], [ 113.9816846, 22.2370771 ], [ 113.9816261, 22.2369894 ], [ 113.9815718, 22.236815 ], [ 113.9815959, 22.2366611 ], [ 113.9817971, 22.2362973 ], [ 113.9820123, 22.2357288 ], [ 113.9821552, 22.2355354 ], [ 113.9820909, 22.2354332 ] ] } },
{ "type": "Feature", "properties": { }, "geometry": { "type": "LineString", "coordinates": [ [ 114.1156239, 22.351646 ], [ 114.1151404, 22.3514877 ], [ 114.1150398, 22.3515924 ], [ 114.1151128, 22.3517227 ], [ 114.1149321, 22.3519493 ], [ 114.11481040000001, 22.3519464 ], [ 114.1147507, 22.352066 ], [ 114.1146878, 22.3523903 ], [ 114.1145225, 22.3524019 ], [ 114.1144923, 22.3524409 ], [ 114.1144674, 22.3525587 ], [ 114.1144647, 22.353048 ], [ 114.1144188, 22.3531122 ], [ 114.1142168, 22.3530816 ], [ 114.1140668, 22.3530226 ], [ 114.1138669, 22.352901 ], [ 114.1136473, 22.3526877 ], [ 114.1136012, 22.3525717 ], [ 114.1136202, 22.3524074 ], [ 114.113659100000021, 22.3524179 ], [ 114.1140038, 22.3515645 ], [ 114.1142083, 22.3514418 ], [ 114.1145212, 22.3506603 ], [ 114.1144044, 22.350563 ], [ 114.1146673, 22.3497929 ] ] } },
{ "type": "Feature", "properties": { }, "geometry": { "type": "LineString", "coordinates": [ [ 114.1121959, 22.359309 ], [ 114.1125212, 22.3598598 ], [ 114.1132869, 22.360158 ], [ 114.1155654, 22.3551875 ], [ 114.1164177, 22.3547187 ], [ 114.115911900000015, 22.351739 ], [ 114.1156239, 22.351646 ] ] } },
{ "type": "Feature", "properties": { }, "geometry": { "type": "LineString", "coordinates": [ [ 114.2674365, 22.4208934 ], [ 114.2673055, 22.4210296 ], [ 114.2673599, 22.4211559 ], [ 114.267402800000013, 22.4214385 ], [ 114.2675176, 22.4215804 ], [ 114.267726, 22.4216936 ], [ 114.2678053, 22.4216498 ], [ 114.2680255, 22.4216691 ], [ 114.2680495, 22.421634 ], [ 114.2680071, 22.4215806 ], [ 114.268143, 22.4214823 ], [ 114.2682788, 22.4214305 ], [ 114.2683482, 22.4213427 ], [ 114.268415100000013, 22.4213245 ], [ 114.2685435, 22.4214357 ], [ 114.268732600000021, 22.4213889 ], [ 114.268851500000011, 22.4214073 ], [ 114.2689338, 22.4214743 ], [ 114.2690312, 22.4214328 ], [ 114.2691647, 22.4215388 ], [ 114.2692506, 22.4216959 ], [ 114.2694766, 22.421866 ], [ 114.2695479, 22.421963 ], [ 114.269716700000018, 22.4220448 ], [ 114.2697055, 22.4221066 ], [ 114.2699673, 22.4222428 ], [ 114.2703078, 22.4222547 ], [ 114.2704233, 22.4223657 ], [ 114.2705962, 22.4227036 ], [ 114.2707192, 22.4231384 ], [ 114.2706986, 22.4233506 ], [ 114.2706112, 22.4236307 ], [ 114.2707514, 22.4237927 ], [ 114.2707653, 22.4238617 ], [ 114.2706765, 22.424003 ], [ 114.2704688, 22.4241219 ], [ 114.2703699, 22.4242796 ], [ 114.2703326, 22.4244384 ], [ 114.2703869, 22.4246778 ], [ 114.270499, 22.4248692 ], [ 114.2709674, 22.4251746 ], [ 114.2710146, 22.4252698 ], [ 114.2710203, 22.4255151 ], [ 114.2708866, 22.4256372 ], [ 114.2706703, 22.4257366 ], [ 114.2706303, 22.4258358 ], [ 114.2706623, 22.4260281 ], [ 114.2708053, 22.4263348 ], [ 114.270822600000017, 22.4266001 ], [ 114.2707824, 22.4266385 ], [ 114.2708832, 22.4266979 ] ] } },
{ "type": "Feature", "properties": { }, "geometry": { "type": "Polygon", "coordinates": [ [ [ 113.98137, 22.2167004 ], [ 113.9814011, 22.2166836 ], [ 113.9814169, 22.2166926 ], [ 113.9813981, 22.2167177 ], [ 113.98137, 22.2167004 ] ] ] } },
{ "type": "Feature", "properties": { }, "geometry": { "type": "Polygon", "coordinates": [ [ [ 114.3750513, 22.3568048 ], [ 114.3750364, 22.356751 ], [ 114.3750662, 22.3567299 ], [ 114.375166300000018, 22.3567637 ], [ 114.3750513, 22.3568048 ] ] ] } },
{ "type": "Feature", "properties": { }, "geometry": { "type": "LineString", "coordinates": [ [ 114.2376692, 22.2191719 ], [ 114.2377907, 22.2191586 ], [ 114.2378161, 22.2192753 ], [ 114.237805400000013, 22.2193547 ], [ 114.2377544, 22.2193957 ], [ 114.2377154, 22.2195845 ], [ 114.2378889, 22.2196757 ], [ 114.2383444, 22.21976 ], [ 114.2383493, 22.2198442 ], [ 114.2382792, 22.219973 ], [ 114.2381574, 22.2199576 ], [ 114.2381536, 22.2199049 ], [ 114.237782, 22.2199221 ], [ 114.2373564, 22.2196868 ], [ 114.237303, 22.2196161 ], [ 114.237286, 22.2195262 ], [ 114.23732, 22.2193658 ], [ 114.2376692, 22.2191719 ] ] } },
{ "type": "Feature", "properties": { }, "geometry": { "type": "LineString", "coordinates": [ [ 114.209458, 22.5280105 ], [ 114.2093895, 22.5280865 ], [ 114.2089572, 22.5281671 ], [ 114.2083874, 22.528221 ], [ 114.208261800000017, 22.5281769 ], [ 114.2081636, 22.5282923 ], [ 114.2082549, 22.5284745 ], [ 114.2081442, 22.528496 ], [ 114.2081393, 22.5285234 ], [ 114.2083062, 22.5285807 ], [ 114.2084275, 22.5287112 ], [ 114.2084642, 22.5288191 ], [ 114.2084317, 22.5293448 ], [ 114.2089887, 22.5303334 ], [ 114.2091721, 22.5304043 ], [ 114.2092719, 22.5304133 ], [ 114.2093273, 22.5305134 ], [ 114.2093972, 22.5305112 ], [ 114.2094983, 22.5305782 ], [ 114.2096499, 22.53095 ], [ 114.2097599, 22.53173 ], [ 114.2096856, 22.5318834 ], [ 114.2095464, 22.5318932 ], [ 114.2092892, 22.5318035 ], [ 114.2089926, 22.5318498 ], [ 114.2089083, 22.5318858 ], [ 114.2084915, 22.5322403 ], [ 114.2085479, 22.5333258 ], [ 114.2085944, 22.5334719 ], [ 114.2090829, 22.5340166 ], [ 114.2094711, 22.5345316 ], [ 114.209691, 22.5346004 ], [ 114.2098128, 22.5350782 ], [ 114.2094089, 22.5354128 ], [ 114.209916, 22.5357955 ], [ 114.210160200000018, 22.5354767 ], [ 114.2103515, 22.535565 ], [ 114.2105848, 22.5350149 ], [ 114.211374, 22.5345561 ], [ 114.2115263, 22.5343217 ], [ 114.2116962, 22.5341893 ], [ 114.212328200000016, 22.5341248 ], [ 114.212425, 22.5341433 ], [ 114.2137026, 22.5355288 ], [ 114.2137402, 22.5356488 ], [ 114.2142178, 22.5361468 ], [ 114.2145117, 22.5361409 ], [ 114.2146689, 22.5361958 ], [ 114.2148668, 22.5363275 ], [ 114.2150633, 22.5367963 ], [ 114.21505, 22.53748 ], [ 114.2153522, 22.5380388 ], [ 114.21572, 22.53826 ], [ 114.2160793, 22.5391124 ], [ 114.2160568, 22.5391574 ], [ 114.2159827, 22.5391455 ], [ 114.215972600000015, 22.5392385 ], [ 114.215624, 22.539621 ], [ 114.2155745, 22.5397419 ], [ 114.2157213, 22.5398106 ], [ 114.2157036, 22.5399936 ], [ 114.2156498, 22.540124 ], [ 114.2156843, 22.5403478 ], [ 114.2162199, 22.5409701 ], [ 114.2165, 22.5412299 ], [ 114.21704, 22.5415 ], [ 114.217850100000021, 22.5426699 ], [ 114.21868, 22.54281 ], [ 114.219438200000013, 22.5431463 ], [ 114.2200182, 22.5434774 ], [ 114.2196285, 22.5438346 ], [ 114.2193967, 22.5439876 ], [ 114.2190654, 22.5439825 ], [ 114.2188832, 22.5441661 ], [ 114.2189044, 22.544221 ], [ 114.2192877, 22.5444232 ], [ 114.2194883, 22.5447272 ], [ 114.2195934, 22.544767 ], [ 114.2196235, 22.5445942 ], [ 114.2197457, 22.5443203 ], [ 114.2199728, 22.5440834 ], [ 114.2202266, 22.5439154 ], [ 114.2204974, 22.5438211 ], [ 114.2207035, 22.5437899 ], [ 114.220908, 22.5437993 ] ] } },
{ "type": "Feature", "properties": { }, "geometry": { "type": "Polygon", "coordinates": [ [ [ 114.395661300000015, 22.4299003 ], [ 114.3957283, 22.4298005 ], [ 114.3957974, 22.4298049 ], [ 114.3958551, 22.4298848 ], [ 114.395661300000015, 22.4299003 ] ] ] } },
{ "type": "Feature", "properties": { }, "geometry": { "type": "Polygon", "coordinates": [ [ [ 114.3959664, 22.4291757 ], [ 114.3960214, 22.4291001 ], [ 114.396176900000015, 22.4291386 ], [ 114.3961219, 22.4292067 ], [ 114.3959878, 22.4291993 ], [ 114.3959664, 22.4291757 ] ] ] } },
{ "type": "Feature", "properties": { }, "geometry": { "type": "Polygon", "coordinates": [ [ [ 114.2558652, 22.3542309 ], [ 114.2558652, 22.3541218 ], [ 114.2559913, 22.3540697 ], [ 114.256023500000012, 22.354154 ], [ 114.2559269, 22.354226 ], [ 114.2558652, 22.3542309 ] ] ] } },
{ "type": "Feature", "properties": { }, "geometry": { "type": "Polygon", "coordinates": [ [ [ 114.255487, 22.3555382 ], [ 114.2556533, 22.355692 ], [ 114.2556533, 22.3557714 ], [ 114.2555299, 22.3557392 ], [ 114.2554682, 22.3555878 ], [ 114.255487, 22.3555382 ] ] ] } },
{ "type": "Feature", "properties": { }, "geometry": { "type": "Polygon", "coordinates": [ [ [ 114.2553207, 22.3548709 ], [ 114.2554522, 22.3551066 ], [ 114.2554414, 22.3553001 ], [ 114.2553985, 22.3552703 ], [ 114.2552939, 22.3549727 ], [ 114.2553207, 22.3548709 ] ] ] } },
{ "type": "Feature", "properties": { }, "geometry": { "type": "Polygon", "coordinates": [ [ [ 114.2559269, 22.3552282 ], [ 114.255707, 22.3551463 ], [ 114.2558169, 22.3550297 ], [ 114.256286300000014, 22.355057 ], [ 114.2563185, 22.355186 ], [ 114.2561737, 22.3552505 ], [ 114.2560288, 22.3552108 ], [ 114.2559269, 22.3552282 ] ] ] } },
{ "type": "Feature", "properties": { }, "geometry": { "type": "Polygon", "coordinates": [ [ [ 113.9032868, 22.2912723 ], [ 113.9033314, 22.2912885 ], [ 113.9033341, 22.2913037 ], [ 113.9032977, 22.2913021 ], [ 113.9032868, 22.2912723 ] ] ] } },
{ "type": "Feature", "properties": { }, "geometry": { "type": "Polygon", "coordinates": [ [ [ 114.0006986, 22.271289 ], [ 114.00066510000002, 22.2712797 ], [ 114.00071610000002, 22.2712698 ], [ 114.0006986, 22.271289 ] ] ] } },
{ "type": "Feature", "properties": { }, "geometry": { "type": "Polygon", "coordinates": [ [ [ 114.0025782, 22.2723426 ], [ 114.0025923, 22.2723011 ], [ 114.0026251, 22.2723085 ], [ 114.0026251, 22.272342 ], [ 114.0025782, 22.2723426 ] ] ] } },
{ "type": "Feature", "properties": { }, "geometry": { "type": "Polygon", "coordinates": [ [ [ 114.0041298, 22.2713417 ], [ 114.0040454, 22.2712598 ], [ 114.0040782, 22.2712331 ], [ 114.0041412, 22.2712952 ], [ 114.0041298, 22.2713417 ] ] ] } },
{ "type": "Feature", "properties": { }, "geometry": { "type": "Polygon", "coordinates": [ [ [ 114.00599, 22.269671899999988 ], [ 114.0059873, 22.2696185 ], [ 114.0060228, 22.2695999 ], [ 114.0060744, 22.269621 ], [ 114.0060657, 22.2696663 ], [ 114.00599, 22.269671899999988 ] ] ] } },
{ "type": "Feature", "properties": { }, "geometry": { "type": "Polygon", "coordinates": [ [ [ 114.0068121, 22.2693449 ], [ 114.0068322, 22.2693132 ], [ 114.0068784, 22.26933 ], [ 114.0068644, 22.2693715 ], [ 114.0068121, 22.2693449 ] ] ] } },
{ "type": "Feature", "properties": { }, "geometry": { "type": "Polygon", "coordinates": [ [ [ 114.0069053, 22.2691513 ], [ 114.0068751, 22.2691146 ], [ 114.006907900000016, 22.2690818 ], [ 114.0069535, 22.2690861 ], [ 114.0069482, 22.2691345 ], [ 114.0069053, 22.2691513 ] ] ] } },
{ "type": "Feature", "properties": { }, "geometry": { "type": "Polygon", "coordinates": [ [ [ 114.0103385, 22.2675034 ], [ 114.0103257, 22.2674826 ], [ 114.0103469, 22.2674922 ], [ 114.0103385, 22.2675034 ] ] ] } },
{ "type": "Feature", "properties": { }, "geometry": { "type": "Polygon", "coordinates": [ [ [ 114.010398800000019, 22.2667448 ], [ 114.0103734, 22.2667305 ], [ 114.0103881, 22.2667013 ], [ 114.0104243, 22.2667181 ], [ 114.010398800000019, 22.2667448 ] ] ] } },
{ "type": "Feature", "properties": { }, "geometry": { "type": "Polygon", "coordinates": [ [ [ 114.010545, 22.2667169 ], [ 114.0105269, 22.2666883 ], [ 114.0104417, 22.2666815 ], [ 114.010543, 22.2665928 ], [ 114.0106382, 22.2666436 ], [ 114.010545, 22.2667169 ] ] ] } },
{ "type": "Feature", "properties": { }, "geometry": { "type": "Polygon", "coordinates": [ [ [ 114.0118231, 22.2662452 ], [ 114.0118184, 22.2662093 ], [ 114.0118559, 22.2662142 ], [ 114.0118533, 22.266240299999989 ], [ 114.0118231, 22.2662452 ] ] ] } },
{ "type": "Feature", "properties": { }, "geometry": { "type": "Polygon", "coordinates": [ [ [ 114.0125161, 22.2660675 ], [ 114.0125164, 22.2660402 ], [ 114.0125322, 22.2660523 ], [ 114.0125161, 22.2660675 ] ] ] } },
{ "type": "Feature", "properties": { }, "geometry": { "type": "Polygon", "coordinates": [ [ [ 114.0127109, 22.2659505 ], [ 114.0126834, 22.2659275 ], [ 114.012714300000013, 22.2659281 ], [ 114.0127109, 22.2659505 ] ] ] } },
{ "type": "Feature", "properties": { }, "geometry": { "type": "Polygon", "coordinates": [ [ [ 114.0124742, 22.2659288 ], [ 114.0124789, 22.2658934 ], [ 114.0125191, 22.2658953 ], [ 114.0125205, 22.2659319 ], [ 114.0124742, 22.2659288 ] ] ] } },
{ "type": "Feature", "properties": { }, "geometry": { "type": "Polygon", "coordinates": [ [ [ 114.0125319, 22.2659821 ], [ 114.0125453, 22.265925 ], [ 114.0125969, 22.2659207 ], [ 114.0126237, 22.2659598 ], [ 114.0125962, 22.2660039 ], [ 114.0125319, 22.2659821 ] ] ] } },
{ "type": "Feature", "properties": { }, "geometry": { "type": "Polygon", "coordinates": [ [ [ 114.0134908, 22.2656266 ], [ 114.0134921, 22.2655695 ], [ 114.0135363, 22.2655757 ], [ 114.0135363, 22.2656203 ], [ 114.0134908, 22.2656266 ] ] ] } },
{ "type": "Feature", "properties": { }, "geometry": { "type": "Polygon", "coordinates": [ [ [ 114.3965203, 22.428696 ], [ 114.3965766, 22.4286266 ], [ 114.3966557, 22.4286142 ], [ 114.3966946, 22.4286712 ], [ 114.3965203, 22.428696 ] ] ] } },
{ "type": "Feature", "properties": { }, "geometry": { "type": "LineString", "coordinates": [ [ 114.210886300000013, 22.1994589 ], [ 114.210885, 22.199441 ], [ 114.210907600000013, 22.1994336 ], [ 114.2109105, 22.1994513 ], [ 114.210886300000013, 22.1994589 ] ] } },
{ "type": "Feature", "properties": { }, "geometry": { "type": "Polygon", "coordinates": [ [ [ 114.2111447, 22.1962588 ], [ 114.211029400000015, 22.1962116 ], [ 114.2110428, 22.1961706 ], [ 114.2111622, 22.1961569 ], [ 114.2111783, 22.1962215 ], [ 114.2111447, 22.1962588 ] ] ] } },
{ "type": "Feature", "properties": { }, "geometry": { "type": "Polygon", "coordinates": [ [ [ 114.2109784, 22.196219 ], [ 114.2109101, 22.1962004 ], [ 114.2109328, 22.1961383 ], [ 114.2109986, 22.1961644 ], [ 114.2109784, 22.196219 ] ] ] } },
{ "type": "Feature", "properties": { }, "geometry": { "type": "Polygon", "coordinates": [ [ [ 114.2126361, 22.1950655 ], [ 114.2125086, 22.1950605 ], [ 114.212518, 22.1950108 ], [ 114.212573, 22.194981 ], [ 114.2126481, 22.1950133 ], [ 114.2126361, 22.1950655 ] ] ] } },
{ "type": "Feature", "properties": { }, "geometry": { "type": "Polygon", "coordinates": [ [ [ 114.2117818, 22.1952132 ], [ 114.2117818, 22.19513 ], [ 114.2118435, 22.195094 ], [ 114.211936, 22.195166 ], [ 114.2118824, 22.1952318 ], [ 114.2117818, 22.1952132 ] ] ] } },
{ "type": "Feature", "properties": { }, "geometry": { "type": "LineString", "coordinates": [ [ 114.2345595, 22.2365355 ], [ 114.2345571, 22.2365121 ], [ 114.2345855, 22.2365061 ], [ 114.2345842, 22.2365274 ], [ 114.2345595, 22.2365355 ] ] } },
{ "type": "Feature", "properties": { }, "geometry": { "type": "LineString", "coordinates": [ [ 114.39554320000002, 22.4291768 ], [ 114.3954594, 22.4293518 ], [ 114.3953964, 22.4296202 ], [ 114.3954286, 22.4297633 ] ] } },
{ "type": "Feature", "properties": { }, "geometry": { "type": "LineString", "coordinates": [ [ 114.3954286, 22.4297633 ], [ 114.3955091, 22.4298042 ], [ 114.3955708, 22.4298885 ], [ 114.3958591, 22.4299282 ], [ 114.395938200000018, 22.4300212 ], [ 114.3960683, 22.4300745 ], [ 114.3960831, 22.4301222 ], [ 114.3961555, 22.4301489 ], [ 114.3962312, 22.4300807 ], [ 114.3962956, 22.4301371 ], [ 114.3964438, 22.4301588 ], [ 114.3966839, 22.4301327 ], [ 114.3967375, 22.4302195 ], [ 114.3967496, 22.4303794 ], [ 114.396594, 22.4305604 ], [ 114.3966074, 22.4306757 ], [ 114.3967241, 22.4307079 ], [ 114.3970057, 22.4305803 ], [ 114.3972458, 22.4305443 ], [ 114.3974255, 22.4305741 ], [ 114.397514, 22.4307513 ], [ 114.397738, 22.430822 ], [ 114.3977822, 22.4306038 ], [ 114.3979861, 22.4305356 ], [ 114.3981269, 22.4306497 ], [ 114.398192600000016, 22.4308071 ], [ 114.3983777, 22.4308294 ], [ 114.3984166, 22.4308877 ], [ 114.3983321, 22.4309274 ], [ 114.398279800000012, 22.4310216 ], [ 114.3982731, 22.4311121 ], [ 114.398316, 22.4312125 ], [ 114.3984796, 22.4312274 ], [ 114.39854, 22.4311579 ], [ 114.3986218, 22.4311641 ], [ 114.3986633, 22.4312893 ], [ 114.3986607, 22.4314678 ], [ 114.3987362, 22.4315215 ], [ 114.3989235, 22.4314641 ], [ 114.3989839, 22.4316724 ], [ 114.398945, 22.4317567 ], [ 114.3986396, 22.4317942 ], [ 114.3985963, 22.431876899999988 ], [ 114.3987143, 22.4318992 ], [ 114.39878, 22.4319972 ], [ 114.3986808, 22.4320381 ], [ 114.3986566, 22.4321124 ], [ 114.3987237, 22.4322091 ], [ 114.3987076, 22.4325674 ], [ 114.3987934, 22.4329046 ], [ 114.39876120000001, 22.4331996 ], [ 114.3986996, 22.4334079 ], [ 114.3985815, 22.4334079 ], [ 114.3984488, 22.4332802 ], [ 114.398324, 22.4334364 ], [ 114.3983965, 22.4335392 ], [ 114.3986875, 22.4337041 ], [ 114.3988055, 22.4337054 ], [ 114.3988739, 22.43375 ], [ 114.3988296, 22.4338863 ], [ 114.3986553, 22.4341095 ], [ 114.3987465, 22.434133 ], [ 114.3989503, 22.4343462 ], [ 114.3990818, 22.4343772 ], [ 114.3991595, 22.4342644 ], [ 114.399194400000013, 22.4341107 ], [ 114.3992561, 22.4340041 ], [ 114.3993285, 22.433983 ], [ 114.3993815, 22.4338492 ], [ 114.3994841, 22.4338256 ], [ 114.3995418, 22.4337773 ], [ 114.3996048, 22.4337921 ], [ 114.3996531, 22.4338752 ], [ 114.399763, 22.4339347 ], [ 114.399806, 22.4340382 ], [ 114.399816, 22.434182 ], [ 114.3997161, 22.4342099 ], [ 114.3997188, 22.4342731 ], [ 114.3997939, 22.4343419 ], [ 114.3998328, 22.4345285 ], [ 114.3998811, 22.4345123 ], [ 114.3998529, 22.4343995 ], [ 114.3999401, 22.4342248 ], [ 114.4000125, 22.4341851 ], [ 114.4001533, 22.4342223 ], [ 114.4001707, 22.4342942 ], [ 114.4002177, 22.4343152 ], [ 114.4002163, 22.4343797 ], [ 114.4001265, 22.4344925 ], [ 114.4000675, 22.4344919 ], [ 114.4000199, 22.434546 ], [ 114.4001265, 22.4345718 ], [ 114.4002163, 22.434676 ], [ 114.4003665, 22.4347615 ], [ 114.4004846, 22.4348904 ], [ 114.4006321, 22.4349797 ], [ 114.400681700000021, 22.435085 ], [ 114.4007099, 22.4351916 ], [ 114.4006307, 22.4352933 ], [ 114.4004926, 22.4352549 ], [ 114.4004832, 22.4353553 ], [ 114.4005932, 22.4353825 ], [ 114.4009285, 22.4355759 ], [ 114.4010304, 22.4357557 ], [ 114.4011256, 22.4357978 ], [ 114.4012906, 22.4359342 ], [ 114.401308, 22.4360606 ], [ 114.4012755, 22.4361389 ], [ 114.4011578, 22.4361697 ], [ 114.4011001, 22.4362874 ], [ 114.400975, 22.436418 ], [ 114.4007353, 22.4363593 ], [ 114.4007125, 22.4362763 ], [ 114.4005436, 22.4362118 ], [ 114.4004819, 22.4362155 ], [ 114.4004162, 22.4364263 ], [ 114.4003666, 22.4364611 ], [ 114.400093, 22.4364362 ], [ 114.4000433, 22.4364188 ], [ 114.4000246, 22.4363531 ], [ 114.399949, 22.436292 ], [ 114.3997691, 22.4361982 ], [ 114.3997425, 22.4362365 ], [ 114.3995525, 22.4362081 ], [ 114.3993369, 22.4362558 ], [ 114.3992212, 22.4362143 ], [ 114.3991837, 22.4360978 ], [ 114.399123300000014, 22.436192 ], [ 114.3986928, 22.4362267 ], [ 114.3986566, 22.4361821 ], [ 114.398303900000016, 22.4362094 ], [ 114.3982242, 22.4362806 ], [ 114.3979713, 22.4362019 ], [ 114.397850600000012, 22.4359627 ], [ 114.397797, 22.4359577 ], [ 114.3977487, 22.436135 ], [ 114.3975532, 22.4360922 ], [ 114.397389300000015, 22.4360061 ], [ 114.3973517, 22.4359366 ], [ 114.3972123, 22.4358697 ], [ 114.39705, 22.4358536 ], [ 114.3969333, 22.4357358 ], [ 114.3968944, 22.4356478 ], [ 114.3967603, 22.435597 ], [ 114.3966946, 22.4354532 ], [ 114.3967295, 22.4351383 ] ] } },
{ "type": "Feature", "properties": { }, "geometry": { "type": "LineString", "coordinates": [ [ 114.3966611, 22.4306088 ], [ 114.3969709, 22.4304798 ], [ 114.3970004, 22.430517 ], [ 114.3967509, 22.4306571 ], [ 114.3966798, 22.4306608 ], [ 114.3966611, 22.4306088 ] ] } },
{ "type": "Feature", "properties": { }, "geometry": { "type": "LineString", "coordinates": [ [ 114.3768409, 22.4383055 ], [ 114.376899900000012, 22.438448 ], [ 114.3768637, 22.4386434 ], [ 114.3767024, 22.4386393 ], [ 114.3766236, 22.4387902 ], [ 114.3766397, 22.4388447 ], [ 114.376592, 22.4389047 ], [ 114.3764882, 22.4388794 ], [ 114.3763761, 22.4386853 ], [ 114.3762606, 22.4386658 ], [ 114.376143200000016, 22.4388399 ], [ 114.376051, 22.4388125 ], [ 114.3760315, 22.438673 ], [ 114.3759337, 22.4386311 ], [ 114.3756929, 22.438686 ], [ 114.3754763, 22.438514 ], [ 114.3753477, 22.4384952 ], [ 114.3752128, 22.4386061 ], [ 114.375204100000019, 22.4386953 ], [ 114.375243, 22.4387567 ], [ 114.375249, 22.4388441 ], [ 114.3752042, 22.4388446 ], [ 114.3751616, 22.438756 ], [ 114.3751598, 22.4388317 ], [ 114.3750921, 22.4388906 ], [ 114.3750069, 22.4387071 ], [ 114.3750022, 22.4385422 ], [ 114.3749204, 22.4385218 ], [ 114.3749324, 22.4384064 ], [ 114.3746319, 22.4380673 ], [ 114.3745265, 22.4380431 ], [ 114.3744602, 22.4381533 ], [ 114.374394700000011, 22.4381952 ], [ 114.3742661, 22.4381375 ], [ 114.3742277, 22.4380755 ], [ 114.3741355, 22.4380533 ], [ 114.3740547, 22.438052 ], [ 114.3739495, 22.4381115 ], [ 114.3736551, 22.4380687 ], [ 114.373464, 22.4379962 ], [ 114.373287600000012, 22.4380476 ], [ 114.373069, 22.4380123 ], [ 114.3727349, 22.4378164 ], [ 114.3718025, 22.4370513 ], [ 114.3711357, 22.4371956 ], [ 114.3706274, 22.4373995 ], [ 114.3700894, 22.4377473 ], [ 114.3696355, 22.4381554 ], [ 114.3695001, 22.43923 ], [ 114.36892, 22.44076 ], [ 114.3686399, 22.44101 ], [ 114.36835, 22.44178 ], [ 114.3680601, 22.4422899 ], [ 114.3676885, 22.443778 ], [ 114.3672557, 22.4445755 ], [ 114.366934700000016, 22.444815 ], [ 114.3666678, 22.4455872 ], [ 114.36659, 22.44664 ], [ 114.3667858, 22.4473442 ], [ 114.3669999, 22.4475635 ], [ 114.3672714, 22.4477182 ], [ 114.3679842, 22.4478412 ], [ 114.3682578, 22.4479205 ], [ 114.3683249, 22.44798 ], [ 114.36837, 22.4479499 ], [ 114.3684617, 22.4480097 ], [ 114.3685126, 22.4481052 ], [ 114.3685032, 22.4481448 ], [ 114.3683839, 22.4480457 ], [ 114.3684818, 22.4481709 ], [ 114.3684268, 22.4482254 ], [ 114.3685127, 22.4484897 ], [ 114.369155, 22.4490174 ], [ 114.3692677, 22.4490559 ], [ 114.3697491, 22.4494265 ], [ 114.369918100000021, 22.4496644 ], [ 114.3698914, 22.450346 ], [ 114.3699878, 22.4513774 ], [ 114.3701371, 22.4524074 ], [ 114.3704156, 22.4536513 ], [ 114.3701758, 22.4543197 ], [ 114.3698625, 22.4547343 ], [ 114.3699409, 22.4550213 ], [ 114.3698564, 22.455118 ], [ 114.3699087, 22.4551688 ], [ 114.3698202, 22.4552444 ], [ 114.3698645, 22.4552915 ], [ 114.3699785, 22.4553188 ], [ 114.3699785, 22.4554333 ], [ 114.3697599, 22.4554787 ], [ 114.3697706, 22.455563 ], [ 114.36967, 22.4555927 ], [ 114.3695587, 22.4556733 ], [ 114.3695681, 22.4557402 ], [ 114.3695104, 22.4557922 ], [ 114.369361500000011, 22.4556633 ], [ 114.3691926, 22.4557358 ], [ 114.36779, 22.45669 ], [ 114.367592, 22.4570416 ], [ 114.367500100000015, 22.45746 ], [ 114.3672422, 22.4582176 ], [ 114.3670589, 22.4584285 ], [ 114.3664348, 22.4588481 ], [ 114.3661651, 22.4588791 ] ] } },
{ "type": "Feature", "properties": { }, "geometry": { "type": "LineString", "coordinates": [ [ 114.3967295, 22.4351383 ], [ 114.3965913, 22.4351197 ], [ 114.3965015, 22.4351755 ], [ 114.396446, 22.4352763 ] ] } },
{ "type": "Feature", "properties": { }, "geometry": { "type": "LineString", "coordinates": [ [ 114.3926244, 22.4370451 ], [ 114.392278500000018, 22.437183 ] ] } },
{ "type": "Feature", "properties": { }, "geometry": { "type": "LineString", "coordinates": [ [ 114.396446, 22.4352763 ], [ 114.3963459, 22.4356416 ], [ 114.396096500000013, 22.435835 ], [ 114.3959302, 22.4358573 ], [ 114.39577460000001, 22.435985 ], [ 114.3957357, 22.436104 ], [ 114.3957531, 22.4363965 ], [ 114.3956632, 22.4364747 ], [ 114.3956371, 22.4368622 ], [ 114.3955647, 22.437065 ], [ 114.395404, 22.4371677 ], [ 114.3951039, 22.4371741 ], [ 114.3950531, 22.43732 ], [ 114.3951081, 22.4374626 ], [ 114.3950491, 22.4378791 ], [ 114.3949609, 22.4379726 ], [ 114.3948117, 22.4379125 ], [ 114.3947782, 22.4379547 ], [ 114.3948399, 22.4380774 ], [ 114.3946883, 22.438213 ], [ 114.3947366, 22.4383018 ], [ 114.3947851, 22.4385938 ], [ 114.394754, 22.4387083 ], [ 114.3946467, 22.4388608 ], [ 114.394574300000016, 22.4388385 ], [ 114.3944713, 22.4388561 ], [ 114.3943705, 22.4388087 ], [ 114.3943571, 22.4387443 ], [ 114.394298, 22.4387046 ], [ 114.3942779, 22.4386488 ], [ 114.3942672, 22.4385125 ], [ 114.39415, 22.43834 ], [ 114.3938997, 22.4382076 ], [ 114.3937603, 22.4382237 ], [ 114.3936501, 22.4381093 ], [ 114.3934537, 22.4377842 ], [ 114.3932989, 22.4376894 ], [ 114.3931395, 22.4375422 ], [ 114.3930575, 22.4373919 ], [ 114.392795300000017, 22.4371099 ], [ 114.3926244, 22.4370451 ] ] } },
{ "type": "Feature", "properties": { }, "geometry": { "type": "LineString", "coordinates": [ [ 114.392278500000018, 22.437183 ], [ 114.3923119, 22.4372283 ], [ 114.3922643, 22.4373275 ], [ 114.3921067, 22.437382 ], [ 114.3921804, 22.437377 ], [ 114.3922099, 22.4375159 ], [ 114.3921496, 22.4375679 ], [ 114.3921188, 22.4375574 ], [ 114.3919665, 22.4378592 ], [ 114.3918713, 22.4379237 ], [ 114.3918263, 22.4380954 ], [ 114.391719100000017, 22.4381195 ], [ 114.3916386, 22.4382001 ], [ 114.3915682, 22.4381646 ], [ 114.3915175, 22.4381701 ], [ 114.3915065, 22.4382064 ], [ 114.391739200000018, 22.4383637 ], [ 114.391724, 22.4384493 ], [ 114.391762, 22.4385769 ], [ 114.3918183, 22.4386327 ], [ 114.3918371, 22.4387728 ], [ 114.3919528, 22.4388846 ], [ 114.3919927, 22.4390641 ], [ 114.3921161, 22.4391762 ], [ 114.3921228, 22.4392637 ], [ 114.3922488, 22.4393752 ], [ 114.3921845, 22.4395661 ], [ 114.392096, 22.4396045 ], [ 114.392092, 22.4397137 ], [ 114.3921861, 22.4398575 ], [ 114.392582, 22.4402254 ], [ 114.3924753, 22.4403557 ], [ 114.3924848, 22.4404848 ], [ 114.3921006, 22.4406173 ], [ 114.392178, 22.4406628 ], [ 114.3922636, 22.4406619 ], [ 114.3923655, 22.440724 ], [ 114.392431200000019, 22.440792 ], [ 114.3924428, 22.4408931 ], [ 114.3923333, 22.4409594 ], [ 114.3924232, 22.4410672 ], [ 114.3923987, 22.441121 ], [ 114.3922716, 22.4412271 ], [ 114.3921219, 22.4412731 ], [ 114.3919726, 22.4412408 ], [ 114.3918155, 22.4411473 ], [ 114.3917955, 22.441066 ], [ 114.3918371, 22.4410325 ], [ 114.3917915, 22.4408999 ], [ 114.3917365, 22.4408962 ], [ 114.3915461, 22.4407375 ], [ 114.3915367, 22.4406755 ], [ 114.3914723, 22.4407077 ], [ 114.391408, 22.4406879 ], [ 114.3914334, 22.4404685 ], [ 114.3913865, 22.4404016 ], [ 114.391245700000013, 22.4403706 ], [ 114.3912256, 22.440321 ], [ 114.3912765, 22.4402603 ], [ 114.3911441, 22.4401017 ], [ 114.391184, 22.440021 ], [ 114.3912403, 22.4399863 ], [ 114.3912216, 22.439938 ], [ 114.3913325, 22.4397932 ], [ 114.3912524, 22.4397496 ], [ 114.391224, 22.4396653 ], [ 114.3913363, 22.4395581 ], [ 114.39124, 22.4393792 ], [ 114.3910537, 22.439207 ], [ 114.390901, 22.4391819 ], [ 114.3907938, 22.439112 ], [ 114.3905283, 22.4391714 ], [ 114.3904772, 22.4391 ], [ 114.3905253, 22.4389983 ], [ 114.3904001, 22.4389201 ], [ 114.3902613, 22.4389711 ], [ 114.390203700000015, 22.438898 ], [ 114.390205, 22.4387951 ], [ 114.3901554, 22.4388608 ], [ 114.3900843, 22.4388856 ], [ 114.3900427, 22.4388645 ], [ 114.3900494, 22.4388261 ], [ 114.3899488, 22.4388174 ], [ 114.3898496, 22.4388558 ], [ 114.3896525, 22.4387567 ], [ 114.3896292, 22.4386886 ], [ 114.3894942, 22.4386736 ], [ 114.3892861, 22.4387351 ], [ 114.3889448, 22.4386945 ], [ 114.3889098, 22.4388676 ], [ 114.3887284, 22.43896 ], [ 114.3886537, 22.4390969 ], [ 114.3885085, 22.4391211 ], [ 114.3882872, 22.4390815 ], [ 114.3879761, 22.4391128 ], [ 114.3877038, 22.4389972 ], [ 114.3876421, 22.438898 ], [ 114.3874248, 22.4388902 ], [ 114.3872465, 22.4388311 ], [ 114.3871205, 22.4388546 ], [ 114.3869998, 22.4388112 ], [ 114.3868777, 22.4386774 ], [ 114.3866249, 22.4385248 ], [ 114.3863851, 22.4385407 ], [ 114.385951, 22.4384592 ], [ 114.385886600000021, 22.4384084 ], [ 114.3857251, 22.4384222 ], [ 114.3855634, 22.4383389 ], [ 114.3852427, 22.4382589 ], [ 114.3851343, 22.4382708 ], [ 114.3850699, 22.438396 ], [ 114.3849174, 22.4383942 ], [ 114.3847404, 22.4383385 ], [ 114.3846233, 22.4381902 ], [ 114.3845258, 22.4381805 ], [ 114.384431500000019, 22.4382534 ], [ 114.3843685, 22.4382472 ], [ 114.384321, 22.4382161 ], [ 114.3844074, 22.4380638 ], [ 114.3841043, 22.4377105 ], [ 114.383993, 22.4376411 ], [ 114.3839836, 22.4375506 ], [ 114.383727400000012, 22.4372041 ], [ 114.3834794, 22.4370213 ], [ 114.3831949, 22.4368827 ], [ 114.3828893, 22.4366878 ], [ 114.3823248, 22.4364113 ] ] } },
{ "type": "Feature", "properties": { }, "geometry": { "type": "Polygon", "coordinates": [ [ [ 114.2822944, 22.3923606 ], [ 114.282234, 22.3923681 ], [ 114.2822354, 22.392316 ], [ 114.2823172, 22.3923284 ], [ 114.2822944, 22.3923606 ] ] ] } },
{ "type": "Feature", "properties": { }, "geometry": { "type": "Polygon", "coordinates": [ [ [ 114.2815688, 22.3913662 ], [ 114.2815608, 22.391257 ], [ 114.2816184, 22.3912471 ], [ 114.2816412, 22.3913438 ], [ 114.2815688, 22.3913662 ] ] ] } },
{ "type": "Feature", "properties": { }, "geometry": { "type": "Polygon", "coordinates": [ [ [ 114.2863284, 22.3935163 ], [ 114.2862385, 22.393458 ], [ 114.2862305, 22.3933104 ], [ 114.2863727, 22.3933005 ], [ 114.2863123, 22.3934258 ], [ 114.2863807, 22.3934828 ], [ 114.2863284, 22.3935163 ] ] ] } },
{ "type": "Feature", "properties": { }, "geometry": { "type": "Polygon", "coordinates": [ [ [ 114.2858778, 22.3951568 ], [ 114.2857169, 22.3951059 ], [ 114.2856766, 22.3949794 ], [ 114.2857169, 22.3948877 ], [ 114.2858778, 22.3948046 ], [ 114.2859596, 22.3948282 ], [ 114.285987800000015, 22.3949534 ], [ 114.2858778, 22.3951568 ] ] ] } },
{ "type": "Feature", "properties": { }, "geometry": { "type": "Polygon", "coordinates": [ [ [ 114.2844696, 22.3947959 ], [ 114.284362300000012, 22.3947228 ], [ 114.2843364, 22.3945637 ], [ 114.2844322, 22.3945985 ], [ 114.284578, 22.3945781 ], [ 114.2846467, 22.3946446 ], [ 114.2846137, 22.3947486 ], [ 114.2844696, 22.3947959 ] ] ] } },
{ "type": "Feature", "properties": { }, "geometry": { "type": "LineString", "coordinates": [ [ 114.2806999, 22.3926469 ], [ 114.2806658, 22.3925244 ], [ 114.2807536, 22.3924944 ], [ 114.2809541, 22.3924856 ], [ 114.2809161, 22.3926056 ] ] } },
{ "type": "Feature", "properties": { }, "geometry": { "type": "Polygon", "coordinates": [ [ [ 114.0097913, 22.3643218 ], [ 114.009731, 22.364204 ], [ 114.0097471, 22.3641197 ], [ 114.0098423, 22.3641631 ], [ 114.0097833, 22.3641792 ], [ 114.009834200000014, 22.364302 ], [ 114.0097913, 22.3643218 ] ] ] } },
{ "type": "Feature", "properties": { }, "geometry": { "type": "Polygon", "coordinates": [ [ [ 114.0104511, 22.3641135 ], [ 114.0104377, 22.3640626 ], [ 114.0104739, 22.364044 ], [ 114.010486, 22.3640998 ], [ 114.0104511, 22.3641135 ] ] ] } },
{ "type": "Feature", "properties": { }, "geometry": { "type": "Polygon", "coordinates": [ [ [ 114.2412847, 22.209398 ], [ 114.2412284, 22.2093533 ], [ 114.2412659, 22.209254 ], [ 114.2413545, 22.2093062 ], [ 114.2412847, 22.209398 ] ] ] } },
{ "type": "Feature", "properties": { }, "geometry": { "type": "Polygon", "coordinates": [ [ [ 114.2359833, 22.2204467 ], [ 114.2359941, 22.2204851 ], [ 114.2359646, 22.2205025 ], [ 114.2359498, 22.2204715 ], [ 114.2359833, 22.2204467 ] ] ] } },
{ "type": "Feature", "properties": { }, "geometry": { "type": "Polygon", "coordinates": [ [ [ 114.2361027, 22.2192685 ], [ 114.2360611, 22.2192834 ], [ 114.2360437, 22.21923 ], [ 114.2360759, 22.2192287 ], [ 114.2361027, 22.2192685 ] ] ] } },
{ "type": "Feature", "properties": { }, "geometry": { "type": "LineString", "coordinates": [ [ 114.241625, 22.2179251 ], [ 114.24161460000002, 22.217903 ], [ 114.2416274, 22.2178951 ], [ 114.24163710000002, 22.217917 ], [ 114.241625, 22.2179251 ] ] } },
{ "type": "Feature", "properties": { }, "geometry": { "type": "LineString", "coordinates": [ [ 114.2417252, 22.2177311 ], [ 114.2417156, 22.2176944 ], [ 114.2417551, 22.2176653 ], [ 114.2417513, 22.2176997 ], [ 114.2417252, 22.2177311 ] ] } },
{ "type": "Feature", "properties": { }, "geometry": { "type": "Polygon", "coordinates": [ [ [ 114.2461368, 22.4340562 ], [ 114.2461114, 22.4340277 ], [ 114.2461489, 22.4340066 ], [ 114.2461677, 22.4340326 ], [ 114.2461368, 22.4340562 ] ] ] } },
{ "type": "Feature", "properties": { }, "geometry": { "type": "Polygon", "coordinates": [ [ [ 114.2458995, 22.4341467 ], [ 114.2458579, 22.4341169 ], [ 114.245864600000019, 22.4340785 ], [ 114.2459142, 22.4340958 ], [ 114.2458995, 22.4341467 ] ] ] } },
{ "type": "Feature", "properties": { }, "geometry": { "type": "Polygon", "coordinates": [ [ [ 114.2845233, 22.3940333 ], [ 114.2844589, 22.3940309 ], [ 114.2845286, 22.3939825 ], [ 114.2845233, 22.3940333 ] ] ] } },
{ "type": "Feature", "properties": { }, "geometry": { "type": "Polygon", "coordinates": [ [ [ 114.2846225, 22.3941735 ], [ 114.2845649, 22.394171 ], [ 114.284572900000015, 22.3941387 ], [ 114.2846292, 22.3941239 ], [ 114.2846225, 22.3941735 ] ] ] } },
{ "type": "Feature", "properties": { }, "geometry": { "type": "Polygon", "coordinates": [ [ [ 114.2852207, 22.3953303 ], [ 114.285226, 22.3952051 ], [ 114.2852703, 22.3952051 ], [ 114.2852542, 22.3953365 ], [ 114.2852207, 22.3953303 ] ] ] } },
{ "type": "Feature", "properties": { }, "geometry": { "type": "Polygon", "coordinates": [ [ [ 114.2862573, 22.3938002 ], [ 114.2862198, 22.3937457 ], [ 114.2862332, 22.3937097 ], [ 114.2862788, 22.3937506 ], [ 114.2862573, 22.3938002 ] ] ] } },
{ "type": "Feature", "properties": { }, "geometry": { "type": "Polygon", "coordinates": [ [ [ 114.3094557, 22.3836557 ], [ 114.3093297, 22.3836433 ], [ 114.309268, 22.3837524 ], [ 114.3091392, 22.3837326 ], [ 114.3090185, 22.3835639 ], [ 114.3091875, 22.383549 ], [ 114.3093297, 22.3834994 ], [ 114.309496, 22.3835614 ], [ 114.3096194, 22.3835639 ], [ 114.3094557, 22.3836557 ] ] ] } },
{ "type": "Feature", "properties": { }, "geometry": { "type": "Polygon", "coordinates": [ [ [ 114.3163463, 22.3897108 ], [ 114.3164322, 22.3895458 ], [ 114.3165046, 22.3895496 ], [ 114.3165354, 22.3896016 ], [ 114.3164402, 22.3897318 ], [ 114.3163879, 22.389748 ], [ 114.3163463, 22.3897108 ] ] ] } },
{ "type": "Feature", "properties": { }, "geometry": { "type": "Polygon", "coordinates": [ [ [ 114.3168224, 22.3890759 ], [ 114.3166763, 22.3890052 ], [ 114.3166628, 22.3889432 ], [ 114.3167259, 22.38887 ], [ 114.3168506, 22.3888539 ], [ 114.3168962, 22.3889333 ], [ 114.3168801, 22.3890312 ], [ 114.3168224, 22.3890759 ] ] ] } },
{ "type": "Feature", "properties": { }, "geometry": { "type": "LineString", "coordinates": [ [ 114.1683152, 22.2940992 ], [ 114.16823380000001, 22.2939619 ], [ 114.1678904, 22.2935499 ], [ 114.1679018, 22.2934789 ], [ 114.167952500000013, 22.293451 ], [ 114.168010800000019, 22.293458699999988 ], [ 114.1683642, 22.2938769 ], [ 114.1684373, 22.293916 ], [ 114.1687682, 22.2935518 ], [ 114.1687491, 22.293468 ], [ 114.1683977, 22.2930443 ], [ 114.1684135, 22.2929804 ], [ 114.1684872, 22.2929484 ], [ 114.1685335, 22.2929701 ], [ 114.168876800000021, 22.2933768 ], [ 114.1689558, 22.2934214 ] ] } },
{ "type": "Feature", "properties": { }, "geometry": { "type": "LineString", "coordinates": [ [ 114.159373300000013, 22.3168333 ], [ 114.1599155, 22.3155272 ], [ 114.1599197, 22.3112522 ] ] } },
{ "type": "Feature", "properties": { }, "geometry": { "type": "LineString", "coordinates": [ [ 114.2434105, 22.2857249 ], [ 114.2435227, 22.2860498 ], [ 114.2436442, 22.2861296 ], [ 114.2437136, 22.286351 ], [ 114.2438671, 22.2865767 ], [ 114.244739, 22.2874799 ], [ 114.2447742, 22.2874655 ], [ 114.244827, 22.2875096 ], [ 114.245016300000017, 22.287839 ], [ 114.2450256, 22.2879292 ], [ 114.2448835, 22.2883523 ], [ 114.2452484, 22.2883515 ], [ 114.2452632, 22.2885624 ], [ 114.2450829, 22.2888189 ], [ 114.2451258, 22.289057 ], [ 114.2457031, 22.2891792 ], [ 114.2460212, 22.2893165 ], [ 114.2462528, 22.2893134 ], [ 114.2464943, 22.2897906 ], [ 114.246954, 22.2898481 ], [ 114.2470463, 22.2901655 ], [ 114.2472134, 22.290336 ], [ 114.247441, 22.2908833 ], [ 114.2473033, 22.2909285 ], [ 114.2475119, 22.2910186 ], [ 114.2475407, 22.2909967 ], [ 114.2477499, 22.2910265 ], [ 114.24781680000001, 22.291123 ], [ 114.2480357, 22.2912258 ], [ 114.2480608, 22.2913225 ], [ 114.2480899, 22.2913234 ], [ 114.2481749, 22.2914397 ], [ 114.248232, 22.2914724 ], [ 114.2482356, 22.2914214 ], [ 114.2482615, 22.291418 ], [ 114.2482919, 22.2914593 ], [ 114.2483283, 22.2915743 ], [ 114.2483113, 22.2916429 ], [ 114.248226, 22.2916927 ], [ 114.2482228, 22.2917283 ], [ 114.2483244, 22.2919637 ], [ 114.2482866, 22.2920112 ], [ 114.2482021, 22.2920336 ], [ 114.2482893, 22.292187 ], [ 114.2484152, 22.2922748 ], [ 114.2484493, 22.2923471 ], [ 114.2486292, 22.2925188 ], [ 114.2486168, 22.2924057 ], [ 114.2485858, 22.2923816 ], [ 114.2486253, 22.2922573 ], [ 114.2486992, 22.292173699999989 ], [ 114.2488809, 22.2922021 ], [ 114.2489004, 22.2923954 ], [ 114.2488645, 22.2924308 ], [ 114.248746700000012, 22.2924113 ], [ 114.248704500000017, 22.2924794 ], [ 114.2487464, 22.2925422 ], [ 114.2488504, 22.2925422 ], [ 114.2488645, 22.2925778 ], [ 114.2490945, 22.2925833 ], [ 114.2490739, 22.2925365 ], [ 114.2491219, 22.2925528 ], [ 114.2492351, 22.2924612 ], [ 114.2494446, 22.2925221 ], [ 114.2497287, 22.2927472 ], [ 114.2498055, 22.2927333 ], [ 114.2499171, 22.2929567 ], [ 114.2502389, 22.2933339 ], [ 114.2505608, 22.2935722 ], [ 114.2507878, 22.2938398 ], [ 114.2505803, 22.2939978 ], [ 114.2509357, 22.2943919 ], [ 114.251152600000012, 22.2943341 ], [ 114.2516441, 22.294762 ], [ 114.2517315, 22.2951331 ], [ 114.251648500000016, 22.2951514 ], [ 114.2517097, 22.2954142 ], [ 114.2516026, 22.2955809 ], [ 114.2517039, 22.2955416 ], [ 114.2517826, 22.2955883 ], [ 114.251829300000011, 22.2956881 ], [ 114.2518771, 22.2956949 ], [ 114.2518777, 22.295724 ], [ 114.2519934, 22.2957801 ], [ 114.2521729, 22.295932 ], [ 114.2522446, 22.2959391 ], [ 114.2522555, 22.2958534 ], [ 114.2523253, 22.2958184 ], [ 114.2523706, 22.2958315 ], [ 114.2524109, 22.2958935 ], [ 114.2524836, 22.2959312 ], [ 114.2525055, 22.2959886 ], [ 114.2526036, 22.2960298 ], [ 114.2527822, 22.29622 ], [ 114.252859700000016, 22.2961629 ], [ 114.2529624, 22.2961663 ], [ 114.2531148, 22.2962238 ], [ 114.2532734, 22.296445 ], [ 114.2533062, 22.2964299 ], [ 114.2533589, 22.2965082 ], [ 114.2534016, 22.2966733 ], [ 114.2536735, 22.296867 ], [ 114.253618800000012, 22.2970039 ], [ 114.2535685, 22.2970676 ], [ 114.2535065, 22.2970801 ], [ 114.2534989, 22.2971989 ], [ 114.2536471, 22.2973183 ], [ 114.2539665, 22.2974238 ], [ 114.2540122, 22.2973992 ], [ 114.2540911, 22.2972148 ], [ 114.2541302, 22.2971968 ], [ 114.2541747, 22.2972277 ], [ 114.2542269, 22.2971889 ], [ 114.2542069, 22.2970557 ], [ 114.2542459, 22.2970005 ], [ 114.2545057, 22.2971473 ], [ 114.2546658, 22.2973283 ], [ 114.2546753, 22.297476 ], [ 114.2546322, 22.2974682 ], [ 114.254687, 22.2976232 ], [ 114.2546848, 22.2978463 ], [ 114.254725, 22.2978862 ], [ 114.2547322, 22.2980419 ], [ 114.2548297, 22.2982069 ], [ 114.2548082, 22.2985779 ], [ 114.2547499, 22.2985912 ], [ 114.2546229, 22.2985271 ], [ 114.254654, 22.2988209 ], [ 114.2547487, 22.2988775 ], [ 114.2547475, 22.2989206 ], [ 114.2546868, 22.2989429 ], [ 114.2546899, 22.2990321 ], [ 114.2547392, 22.2990756 ], [ 114.2553361, 22.2992489 ] ] } },
{ "type": "Feature", "properties": { }, "geometry": { "type": "LineString", "coordinates": [ [ 114.2763979, 22.4096425 ], [ 114.2763318, 22.4094336 ], [ 114.2761919, 22.4093329 ], [ 114.2762339, 22.4091166 ], [ 114.2762145, 22.4090183 ], [ 114.27617930000001, 22.4090155 ], [ 114.2760183, 22.4091552 ] ] } },
{ "type": "Feature", "properties": { }, "geometry": { "type": "LineString", "coordinates": [ [ 114.2238364, 22.4208694 ], [ 114.2235384, 22.4197817 ], [ 114.2214761, 22.4115569 ], [ 114.2212158, 22.4107449 ], [ 114.2207066, 22.4095575 ], [ 114.2203153, 22.4088365 ], [ 114.21965560000001, 22.4078406 ], [ 114.2188202, 22.406806 ] ] } },
{ "type": "Feature", "properties": { }, "geometry": { "type": "LineString", "coordinates": [ [ 114.1116395, 22.3602817 ], [ 114.111751100000021, 22.3597843 ], [ 114.1119452, 22.3592919 ], [ 114.1120084, 22.3592318 ], [ 114.1120997, 22.3592169 ], [ 114.112207, 22.359261 ], [ 114.1122311, 22.3592929 ], [ 114.1121959, 22.359309 ] ] } },
{ "type": "Feature", "properties": { }, "geometry": { "type": "LineString", "coordinates": [ [ 114.1199336, 22.3483641 ], [ 114.1207331, 22.3460201 ] ] } },
{ "type": "Feature", "properties": { }, "geometry": { "type": "LineString", "coordinates": [ [ 114.1080088, 22.3696984 ], [ 114.1079797, 22.3694692 ], [ 114.1079862, 22.3691479 ], [ 114.1079464, 22.3691191 ], [ 114.1079595, 22.3690121 ], [ 114.1081235, 22.368543 ], [ 114.108341, 22.3682218 ], [ 114.1085822, 22.3679851 ], [ 114.1088409, 22.3678086 ], [ 114.1090107, 22.3677117 ], [ 114.1095497, 22.367490599999989 ], [ 114.1100713, 22.3672056 ], [ 114.1110255, 22.3664402 ], [ 114.1113644, 22.3661111 ], [ 114.1118378, 22.3655776 ], [ 114.1122563, 22.3649738 ], [ 114.1123995, 22.3646801 ], [ 114.1123922, 22.3644783 ], [ 114.11233660000002, 22.3642833 ], [ 114.1123731, 22.3642319 ], [ 114.1113788, 22.3618995 ], [ 114.1113704, 22.361707 ], [ 114.111432800000017, 22.3613393 ], [ 114.1114049, 22.361215 ], [ 114.1114462, 22.361196 ], [ 114.1116395, 22.3602817 ] ] } },
{ "type": "Feature", "properties": { }, "geometry": { "type": "LineString", "coordinates": [ [ 114.0986942, 22.3684268 ], [ 114.09877520000002, 22.3684361 ], [ 114.098816600000021, 22.3684927 ], [ 114.099171, 22.3685047 ], [ 114.1001829, 22.3692786 ], [ 114.1002144, 22.3692521 ], [ 114.100836300000012, 22.369746 ], [ 114.1030593, 22.3713902 ], [ 114.103044, 22.3714434 ], [ 114.1040214, 22.3721705 ], [ 114.1055579, 22.3720213 ], [ 114.1080088, 22.3696984 ] ] } },
{ "type": "Feature", "properties": { }, "geometry": { "type": "LineString", "coordinates": [ [ 114.0871139, 22.3672853 ], [ 114.0874409, 22.3673151 ], [ 114.0884977, 22.3672605 ], [ 114.0888088, 22.367191 ], [ 114.0904021, 22.36732 ], [ 114.0910136, 22.3671514 ], [ 114.0911914, 22.3671483 ], [ 114.0914099, 22.3672479 ], [ 114.0914676, 22.3673189 ], [ 114.0919642, 22.3674118 ], [ 114.0920301, 22.367387 ], [ 114.0927513, 22.3675953 ], [ 114.0928569, 22.3676497 ], [ 114.0930084, 22.3678119 ], [ 114.0931965, 22.3677758 ], [ 114.093277, 22.3678102 ], [ 114.093409, 22.3677547 ], [ 114.0935892, 22.3677262 ], [ 114.0936564, 22.3677597 ], [ 114.0937984, 22.3677311 ], [ 114.0938334, 22.3678731 ], [ 114.0941148, 22.367824 ], [ 114.0942758, 22.3678692 ], [ 114.0945232, 22.3678804 ], [ 114.094683500000016, 22.3679515 ], [ 114.0947468, 22.3680357 ], [ 114.09529950000001, 22.3681009 ], [ 114.0953575, 22.3680614 ], [ 114.095958600000017, 22.3681566 ], [ 114.0963247, 22.368164 ], [ 114.0972635, 22.3681132 ], [ 114.0973974, 22.3681346 ], [ 114.0974662, 22.3681866 ], [ 114.097716700000021, 22.3681537 ], [ 114.0979513, 22.368225 ], [ 114.0981643, 22.3682531 ], [ 114.098211, 22.3683045 ], [ 114.0986942, 22.3684268 ] ] } },
{ "type": "Feature", "properties": { }, "geometry": { "type": "LineString", "coordinates": [ [ 114.2188202, 22.406806 ], [ 114.218477, 22.4064074 ], [ 114.2041228, 22.3915844 ], [ 114.203431, 22.3903937 ], [ 114.2033709, 22.3903744 ], [ 114.203029, 22.3900165 ], [ 114.2028332, 22.3901553 ], [ 114.2000642, 22.3873631 ], [ 114.1918467, 22.3788696 ], [ 114.1909891, 22.3780219 ], [ 114.1904685, 22.3776616 ], [ 114.189757, 22.3773351 ], [ 114.1891999, 22.3782079 ], [ 114.2003917, 22.3899985 ], [ 114.200723, 22.3901832 ], [ 114.201129300000019, 22.3905962 ], [ 114.201176300000014, 22.3908491 ], [ 114.2014295, 22.3911811 ], [ 114.217335700000021, 22.4080015 ] ] } },
{ "type": "Feature", "properties": { }, "geometry": { "type": "LineString", "coordinates": [ [ 114.0682085, 22.3632354 ], [ 114.0682996, 22.3633238 ], [ 114.0687295, 22.363479 ], [ 114.0689455, 22.3635227 ], [ 114.0690804, 22.3634511 ], [ 114.0691881, 22.3636392 ], [ 114.0691665, 22.3637666 ], [ 114.0691977, 22.3638188 ], [ 114.069446200000016, 22.3639772 ], [ 114.0695437, 22.3639834 ], [ 114.0700006, 22.3637966 ], [ 114.070239, 22.3637882 ], [ 114.0703885, 22.3636804 ], [ 114.0705449, 22.36364 ], [ 114.0705266, 22.363603 ], [ 114.0708946, 22.3635386 ], [ 114.0710043, 22.3635669 ], [ 114.0710533, 22.363676 ], [ 114.071024300000019, 22.3637832 ], [ 114.0711335, 22.3638844 ], [ 114.0711755, 22.3639719 ], [ 114.0710691, 22.3642416 ], [ 114.0709598, 22.3643609 ], [ 114.0709372, 22.3644262 ], [ 114.0708789, 22.3644502 ], [ 114.0708556, 22.3645457 ], [ 114.0709627, 22.3647407 ], [ 114.0712763, 22.3651397 ], [ 114.0712964, 22.365227 ], [ 114.0713977, 22.3652529 ], [ 114.0714617, 22.3652154 ], [ 114.0715155, 22.3652659 ], [ 114.0716377, 22.3652747 ], [ 114.0716431, 22.3652331 ], [ 114.0716705, 22.3652277 ], [ 114.0717521, 22.3652537 ], [ 114.071771, 22.3653252 ], [ 114.0718658, 22.3653648 ], [ 114.0719472, 22.3653498 ], [ 114.0720439, 22.3654455 ], [ 114.0721649, 22.3654256 ], [ 114.0726197, 22.3655841 ], [ 114.0726242, 22.3657216 ], [ 114.0725484, 22.3658018 ], [ 114.07259590000001, 22.3658827 ], [ 114.0727692, 22.366013 ], [ 114.0728636, 22.3659402 ], [ 114.0729218, 22.3659504 ], [ 114.073044, 22.3660664 ], [ 114.0730359, 22.3661433 ], [ 114.073128400000016, 22.3661681 ], [ 114.0731629, 22.366129 ], [ 114.0732334, 22.3663396 ], [ 114.0734396, 22.3664695 ], [ 114.0735737, 22.3666158 ], [ 114.0736595, 22.3666394 ], [ 114.0736517, 22.3666845 ], [ 114.0737337, 22.3667535 ], [ 114.0738996, 22.3670276 ], [ 114.0740337, 22.3670104 ], [ 114.0742272, 22.367041 ], [ 114.0742542, 22.3670725 ], [ 114.0742332, 22.367239399999988 ], [ 114.0745926, 22.3675098 ], [ 114.0750425, 22.3675772 ], [ 114.0751893, 22.3674727 ], [ 114.0754242, 22.3675419 ], [ 114.0755025, 22.3676442 ], [ 114.0761109, 22.3676278 ], [ 114.0767758, 22.3676602 ], [ 114.0771822, 22.3677155 ], [ 114.0773098, 22.3677646 ], [ 114.0774887, 22.3674352 ], [ 114.0777424, 22.3670855 ], [ 114.0786249, 22.3668556 ] ] } },
{ "type": "Feature", "properties": { }, "geometry": { "type": "LineString", "coordinates": [ [ 114.0583683, 22.3657809 ], [ 114.0602447, 22.3664493 ], [ 114.0607691, 22.3653292 ], [ 114.062977100000012, 22.365421 ], [ 114.0630249, 22.3652038 ], [ 114.0634816, 22.3651912 ], [ 114.063576700000013, 22.365163 ], [ 114.0637122, 22.3650537 ], [ 114.064327, 22.364128 ], [ 114.064408, 22.3640201 ], [ 114.0644899, 22.3639744 ], [ 114.0647269, 22.3639452 ], [ 114.0653937, 22.3639472 ], [ 114.0658856, 22.3639802 ], [ 114.0665401, 22.3636501 ], [ 114.066617900000011, 22.3634909 ], [ 114.0667386, 22.3633941 ], [ 114.066803, 22.3634983 ], [ 114.0668781, 22.3635138 ], [ 114.0682085, 22.3632354 ] ] } },
{ "type": "Feature", "properties": { }, "geometry": { "type": "LineString", "coordinates": [ [ 114.028831900000014, 22.3553693 ], [ 114.0290198, 22.355395 ], [ 114.0290673, 22.3553914 ], [ 114.0291213, 22.3553232 ], [ 114.0291672, 22.3553169 ], [ 114.0295353, 22.3553553 ], [ 114.0298659, 22.3553416 ], [ 114.0299873, 22.3553025 ], [ 114.0301972, 22.3555599 ], [ 114.0309482, 22.355648 ], [ 114.031195, 22.3557311 ], [ 114.0313693, 22.355715 ], [ 114.0314585, 22.3557757 ], [ 114.03155, 22.3557999 ], [ 114.0316335, 22.3557745 ], [ 114.0316731, 22.3558322 ], [ 114.0317842, 22.3558484 ], [ 114.031788, 22.3557829 ], [ 114.0318764, 22.3558512 ], [ 114.032005, 22.3558104 ], [ 114.0323202, 22.3559754 ], [ 114.0323622, 22.3560966 ], [ 114.03259970000002, 22.3561902 ], [ 114.0327916, 22.3562238 ], [ 114.0328957, 22.3563173 ], [ 114.0329933, 22.3562769 ], [ 114.0331326, 22.3563181 ], [ 114.0332387, 22.3564118 ], [ 114.033383300000011, 22.3563827 ], [ 114.0337109, 22.3565199 ], [ 114.0339952, 22.3567878 ], [ 114.0347301, 22.3570458 ], [ 114.0357812, 22.357230399999988 ], [ 114.0363086, 22.3571483 ], [ 114.037394, 22.3577753 ], [ 114.038377, 22.3579798 ], [ 114.0388983, 22.3581621 ], [ 114.039118200000019, 22.3581323 ], [ 114.0395098, 22.3582563 ], [ 114.0395098, 22.3585044 ], [ 114.0395517, 22.3585804 ], [ 114.0400345, 22.3590096 ], [ 114.0401203, 22.3590344 ], [ 114.0401552, 22.3591336 ], [ 114.04059340000002, 22.3595561 ], [ 114.041264, 22.3599927 ], [ 114.0417575, 22.3602606 ], [ 114.0421813, 22.3604293 ], [ 114.042740100000017, 22.3604897 ], [ 114.0428787, 22.3606376 ], [ 114.0433668, 22.360851 ], [ 114.0435117, 22.3609601 ], [ 114.0441062, 22.3611952 ], [ 114.0443408, 22.3612473 ], [ 114.0451442, 22.3613324 ], [ 114.0452354, 22.3613136 ], [ 114.0455063, 22.3611716 ], [ 114.0459257, 22.3611834 ], [ 114.0470786, 22.360864299999989 ], [ 114.0471353, 22.3608443 ], [ 114.0471012, 22.3607791 ], [ 114.0469523, 22.3606668 ], [ 114.0468987, 22.3605216 ], [ 114.0469548, 22.3604275 ], [ 114.0470921, 22.3603637 ], [ 114.0471702, 22.3603747 ], [ 114.0476664, 22.3606671 ], [ 114.0476943, 22.3606359 ], [ 114.0478745, 22.3605848 ], [ 114.0479962, 22.3605923 ], [ 114.048063, 22.3606352 ], [ 114.0480477, 22.3606755 ], [ 114.0484148, 22.3609403 ], [ 114.0486132, 22.3609304 ], [ 114.0494018, 22.3611933 ], [ 114.0497666, 22.3614165 ], [ 114.0501743, 22.361481 ], [ 114.0503728, 22.3617142 ], [ 114.0511556, 22.3621388 ], [ 114.0513327, 22.3621859 ], [ 114.0513407, 22.3620991 ], [ 114.0514936, 22.3621313 ], [ 114.0515016, 22.362176 ], [ 114.0515687, 22.3621735 ], [ 114.0515821, 22.3622405 ], [ 114.0518342, 22.3623422 ], [ 114.0518585, 22.362213 ], [ 114.0522647, 22.362059 ], [ 114.0530826, 22.3621882 ], [ 114.0531033, 22.3625873 ], [ 114.0532857, 22.3627858 ], [ 114.0538006, 22.3628701 ], [ 114.0540901, 22.3632778 ], [ 114.0545752, 22.3636156 ], [ 114.0545575, 22.3636913 ], [ 114.0546119, 22.3637224 ], [ 114.0546167, 22.3637698 ], [ 114.0550294, 22.3641569 ], [ 114.0550729, 22.3641363 ], [ 114.0553342, 22.3642075 ], [ 114.055538, 22.3644449 ], [ 114.0560828, 22.3647418 ], [ 114.0571764, 22.3652359 ], [ 114.0582818, 22.36581 ], [ 114.0583683, 22.3657809 ] ] } },
{ "type": "Feature", "properties": { }, "geometry": { "type": "LineString", "coordinates": [ [ 114.1983079, 22.4572441 ], [ 114.198412, 22.4572847 ], [ 114.1987126, 22.457319 ], [ 114.1987988, 22.4573671 ], [ 114.198941, 22.4573941 ], [ 114.1991657, 22.4575288 ], [ 114.1993316, 22.4574884 ], [ 114.1995643, 22.4577424 ], [ 114.1996428, 22.4577604 ], [ 114.1995734, 22.4579015 ], [ 114.1994698, 22.4580064 ], [ 114.1994529, 22.4581679 ], [ 114.1995133, 22.4582772 ], [ 114.199569, 22.458302 ], [ 114.1995851, 22.4583863 ], [ 114.199748, 22.4586035 ], [ 114.200601, 22.4591399 ], [ 114.2007076, 22.4591624 ], [ 114.2010711, 22.4593651 ], [ 114.2017343, 22.4595732 ], [ 114.202081, 22.4596402 ], [ 114.202791, 22.4596895 ], [ 114.202892, 22.4597605 ], [ 114.2030889, 22.4598053 ], [ 114.203155, 22.4596704 ], [ 114.2030437, 22.4588311 ], [ 114.2041584, 22.4592525 ], [ 114.2043987, 22.4588342 ], [ 114.2045155, 22.4588858 ], [ 114.2047217, 22.4584509 ], [ 114.204828, 22.4584259 ], [ 114.2054931, 22.457216 ], [ 114.206053, 22.4574774 ], [ 114.2061921, 22.4574941 ], [ 114.2064595, 22.4574164 ], [ 114.2070311, 22.4571681 ], [ 114.2073057, 22.4568751 ], [ 114.2076143, 22.4566617 ], [ 114.207926, 22.4565219 ], [ 114.2083733, 22.456443 ], [ 114.2087435, 22.4566761 ], [ 114.2088341, 22.456697 ], [ 114.2090171, 22.4566563 ], [ 114.2114273, 22.4533816 ], [ 114.2115404, 22.4533579 ], [ 114.2115886, 22.453389 ], [ 114.2116107, 22.4534908 ], [ 114.209210200000015, 22.4567653 ], [ 114.2093389, 22.4567554 ], [ 114.209474, 22.4568837 ], [ 114.2097138, 22.4570242 ], [ 114.2101644, 22.4570738 ], [ 114.210602200000011, 22.4570273 ], [ 114.2108135, 22.4571729 ], [ 114.2112834, 22.457212 ], [ 114.2116068, 22.4572197 ], [ 114.213195400000018, 22.456916 ] ] } },
{ "type": "Feature", "properties": { }, "geometry": { "type": "LineString", "coordinates": [ [ 113.9387487, 22.4197186 ], [ 113.9386632, 22.4197359 ], [ 113.9388538, 22.4202829 ], [ 113.9390463, 22.4207016 ], [ 113.939141, 22.4214301 ], [ 113.938922, 22.4222007 ], [ 113.9388808, 22.4222029 ], [ 113.9388687, 22.4222451 ], [ 113.9389022, 22.4222705 ], [ 113.9380551, 22.425289 ], [ 113.9379812, 22.4253341 ], [ 113.9380262, 22.4253832 ], [ 113.9378283, 22.4260496 ], [ 113.9377344, 22.4262027 ], [ 113.9375535, 22.4263615 ], [ 113.9371411, 22.4265313 ], [ 113.9368345, 22.4265109 ], [ 113.9366137, 22.4264636 ], [ 113.9365367, 22.4264259 ], [ 113.9365106, 22.4263629 ], [ 113.9307469, 22.4244334 ], [ 113.9306647, 22.4244529 ], [ 113.9304921, 22.4243929 ], [ 113.9301703, 22.4243624 ], [ 113.9295421, 22.4240692 ], [ 113.9292832, 22.4238353 ], [ 113.9291645, 22.4235996 ], [ 113.9289109, 22.4225408 ], [ 113.9286541, 22.421165 ], [ 113.9285678, 22.420925 ], [ 113.9282196, 22.4204912 ], [ 113.9279569, 22.4202868 ], [ 113.9277921, 22.4202028 ], [ 113.9272483, 22.4200231 ], [ 113.9271092, 22.4198175 ], [ 113.92697, 22.4197879 ], [ 113.9269412, 22.4198206 ], [ 113.9269694, 22.4198487 ], [ 113.9269402, 22.4200596 ], [ 113.9269136, 22.4201234 ], [ 113.9267913, 22.4201644 ], [ 113.92681, 22.4202867 ], [ 113.9269848, 22.4202648 ], [ 113.9272701, 22.4203029 ], [ 113.927392, 22.4202907 ], [ 113.9274797, 22.4203162 ], [ 113.9277059, 22.4205012 ], [ 113.9279403, 22.4210481 ], [ 113.9280291, 22.421475099999988 ], [ 113.928064300000017, 22.4220378 ], [ 113.9280028, 22.4226446 ], [ 113.9278983, 22.4229562 ], [ 113.927696200000014, 22.4231617 ], [ 113.9274681, 22.4232641 ], [ 113.9258931, 22.4236328 ], [ 113.9245756, 22.4237664 ], [ 113.92378, 22.4237488 ], [ 113.9225738, 22.4235964 ], [ 113.9213755, 22.4232064 ], [ 113.9198861, 22.4226077 ], [ 113.9191537, 22.4223818 ], [ 113.9156664, 22.4215693 ], [ 113.9149596, 22.4213413 ], [ 113.9140871, 22.4209561 ], [ 113.9139268, 22.4207699 ], [ 113.9138849, 22.4206559 ], [ 113.9138853, 22.4205468 ], [ 113.9137476, 22.4205481 ], [ 113.9137525, 22.4199872 ], [ 113.9138821, 22.4199834 ], [ 113.9138822, 22.4185641 ], [ 113.9138407, 22.4184497 ], [ 113.913746, 22.4184099 ], [ 113.9135783, 22.4184518 ], [ 113.9134545, 22.4184253 ], [ 113.9130349, 22.41817 ], [ 113.9109909, 22.4161369 ], [ 113.910979, 22.4159579 ], [ 113.9108974, 22.4158794 ], [ 113.9107593, 22.4158892 ], [ 113.9106006, 22.4157812 ], [ 113.9089587, 22.4141578 ], [ 113.9090017, 22.4140188 ], [ 113.9086016, 22.4136229 ], [ 113.908545, 22.413655 ], [ 113.9083075, 22.4134114 ], [ 113.9081627, 22.4133707 ], [ 113.907894, 22.4130556 ], [ 113.9077925, 22.4131487 ], [ 113.9065119, 22.4119014 ], [ 113.9065905, 22.4118304 ], [ 113.9047816, 22.4101172 ], [ 113.9046761, 22.4101459 ], [ 113.9046456, 22.4102082 ], [ 113.9044858, 22.410170099999988 ], [ 113.9044362, 22.4102049 ], [ 113.9043813, 22.410166 ], [ 113.9043291, 22.4102174 ], [ 113.9042798, 22.4101747 ], [ 113.9042114, 22.4101938 ], [ 113.9041933, 22.4101119 ], [ 113.9041404, 22.4100801 ], [ 113.904072, 22.4099734 ], [ 113.9039366, 22.4099052 ], [ 113.9039186, 22.4096576 ], [ 113.903737600000014, 22.4094512 ], [ 113.9036959, 22.4093425 ], [ 113.903706, 22.4092197 ], [ 113.9035807, 22.4090851 ], [ 113.9034994, 22.4091252 ], [ 113.9034969, 22.4089697 ], [ 113.9034487, 22.4088384 ], [ 113.9033749, 22.4087657 ], [ 113.9033901, 22.408679 ], [ 113.9033501, 22.4085701 ], [ 113.9030404, 22.4083219 ], [ 113.9030249, 22.408141 ], [ 113.9029393, 22.4081127 ], [ 113.9029509, 22.4080197 ], [ 113.9028227, 22.4077337 ], [ 113.9027006, 22.4076135 ], [ 113.9025447, 22.4076138 ], [ 113.902409500000019, 22.407523 ], [ 113.9023791, 22.4072047 ], [ 113.9022479, 22.4070636 ], [ 113.9017919, 22.406797 ], [ 113.901678500000017, 22.4066674 ], [ 113.9014934, 22.4065582 ], [ 113.9014728, 22.4064925 ], [ 113.9015464, 22.4065352 ], [ 113.9016079, 22.4064914 ], [ 113.9015901, 22.4064402 ], [ 113.9016833, 22.4063383 ], [ 113.9017059, 22.4062323 ], [ 113.9016362, 22.4061221 ], [ 113.9016351, 22.4060311 ], [ 113.9015322, 22.4059233 ], [ 113.9014682, 22.4059534 ], [ 113.9014337, 22.4058938 ] ] } },
{ "type": "Feature", "properties": { }, "geometry": { "type": "LineString", "coordinates": [ [ 113.9183062, 22.3786151 ], [ 113.9180442, 22.3787028 ], [ 113.9176542, 22.379095 ], [ 113.9174112, 22.3791682 ], [ 113.916944, 22.3790148 ], [ 113.9166447, 22.3786929 ], [ 113.9166594, 22.3784345 ], [ 113.9158275, 22.3774487 ], [ 113.9157406, 22.3775079 ], [ 113.91426180000002, 22.375791 ], [ 113.9144683, 22.3756811 ], [ 113.9145835, 22.3758524 ], [ 113.91482120000002, 22.3757802 ], [ 113.914791, 22.3757011 ], [ 113.9149468, 22.3753588 ], [ 113.9151199, 22.3751147 ], [ 113.9167941, 22.3736732 ], [ 113.9152485, 22.3728406 ], [ 113.9150339, 22.373039 ], [ 113.9149695, 22.3729894 ], [ 113.9151198, 22.3728505 ], [ 113.9150554, 22.3727513 ], [ 113.9188427, 22.3693185 ], [ 113.9190143, 22.3694772 ], [ 113.9155274, 22.3726719 ], [ 113.9169437, 22.3734061 ], [ 113.9173881, 22.3730722 ], [ 113.9170717, 22.3727563 ], [ 113.9175229, 22.3723547 ], [ 113.9177938, 22.3725963 ], [ 113.9178161, 22.3725765 ], [ 113.9178792, 22.3726374 ], [ 113.919785300000015, 22.370991 ], [ 113.9209143, 22.3702735 ], [ 113.9208744, 22.3702251 ], [ 113.9208964, 22.3701932 ], [ 113.922971, 22.3689315 ], [ 113.922788, 22.3686787 ], [ 113.9226635, 22.3687334 ], [ 113.9226995, 22.3688033 ], [ 113.9223265, 22.3689672 ], [ 113.9222864, 22.3688891 ], [ 113.9207973, 22.3695435 ], [ 113.9208374, 22.3696216 ], [ 113.920712, 22.3696767 ], [ 113.9205833, 22.3694263 ], [ 113.9229356, 22.3683926 ], [ 113.9230222, 22.3685611 ], [ 113.9233232, 22.368829 ], [ 113.923358600000014, 22.3688038 ], [ 113.9232878, 22.3687155 ], [ 113.9233608, 22.3686655 ], [ 113.9234436, 22.3687688 ], [ 113.92346, 22.3687576 ], [ 113.9230771, 22.3682814 ], [ 113.9246603, 22.3671112 ], [ 113.9247472, 22.3672144 ], [ 113.9234979, 22.3681177 ], [ 113.923481, 22.3683008 ], [ 113.9236043, 22.3684473 ], [ 113.9292703, 22.3643033 ], [ 113.933629200000013, 22.3615595 ], [ 113.933618, 22.3614895 ], [ 113.9371452, 22.3592669 ], [ 113.9372328, 22.3592433 ], [ 113.9374071, 22.3592444 ], [ 113.9375144, 22.3592809 ], [ 113.9376174, 22.359349 ], [ 113.937672, 22.3594269 ], [ 113.937719700000017, 22.3595436 ], [ 113.9377227, 22.3596663 ], [ 113.9376423, 22.3598611 ], [ 113.9350629, 22.3615047 ], [ 113.9371287, 22.3661037 ], [ 113.938473, 22.3655683 ], [ 113.9375406, 22.3635092 ], [ 113.9402016, 22.3624375 ], [ 113.9411529, 22.3645454 ], [ 113.9425109, 22.3639982 ], [ 113.9415643, 22.3619233 ], [ 113.944244200000014, 22.3608655 ], [ 113.9451687, 22.362944 ], [ 113.9465258, 22.3624291 ], [ 113.9456012, 22.3603462 ], [ 113.9473781, 22.3596455 ], [ 113.9483186, 22.3617362 ] ] } },
{ "type": "Feature", "properties": { }, "geometry": { "type": "LineString", "coordinates": [ [ 113.9481151, 22.3657457 ], [ 113.9491108, 22.3663463 ], [ 113.9493883, 22.3665579 ], [ 113.9514267, 22.3683993 ], [ 113.9514846, 22.3685282 ], [ 113.9514463, 22.3685595 ], [ 113.9514561, 22.3686091 ], [ 113.9513029, 22.3690261 ], [ 113.951280700000012, 22.3692584 ], [ 113.9513443, 22.369675 ], [ 113.9514686, 22.3699147 ], [ 113.951613, 22.36994 ], [ 113.9518288, 22.37004 ], [ 113.9523165, 22.3703681 ], [ 113.9529401, 22.3705136 ], [ 113.953483, 22.3707571 ], [ 113.9538266, 22.3710519 ], [ 113.954173, 22.3714911 ], [ 113.9551478, 22.3720867 ], [ 113.9557256, 22.3723769 ], [ 113.9559655, 22.3725464 ], [ 113.9560517, 22.3725904 ], [ 113.9561633, 22.3725989 ], [ 113.9566923, 22.3728735 ], [ 113.9580265, 22.3732377 ], [ 113.958342500000015, 22.3732586 ], [ 113.958644300000017, 22.3733368 ], [ 113.9591244, 22.3734 ], [ 113.9594382, 22.3733827 ], [ 113.9596649, 22.3732574 ], [ 113.9598432, 22.3732202 ], [ 113.9599599, 22.3731073 ], [ 113.9601584, 22.3728258 ], [ 113.96026980000002, 22.3724334 ], [ 113.9607498, 22.3724126 ], [ 113.9609454, 22.372465 ], [ 113.9613877, 22.3727722 ] ] } },
{ "type": "Feature", "properties": { }, "geometry": { "type": "LineString", "coordinates": [ [ 113.9692441, 22.3786617 ], [ 113.9693169, 22.3786071 ], [ 113.96952210000002, 22.3785928 ], [ 113.9765701, 22.3815927 ], [ 113.9777039, 22.3798138 ], [ 113.9755658, 22.376317199999988 ], [ 113.9768587, 22.3742664 ], [ 113.9770586, 22.3740923 ], [ 113.9773377, 22.3739834 ], [ 113.977659, 22.373967 ], [ 113.9779404, 22.3740273 ], [ 113.9780805, 22.3740865 ], [ 113.9780413, 22.3741454 ], [ 113.9781884, 22.3742487 ], [ 113.9782316, 22.3742137 ], [ 113.9783165, 22.3742636 ], [ 113.9783662, 22.3743916 ], [ 113.9783282, 22.3744572 ], [ 113.9781889, 22.3745516 ], [ 113.9780402, 22.374605 ], [ 113.9779412, 22.3746015 ], [ 113.9775336, 22.3744156 ], [ 113.9773398, 22.3743705 ], [ 113.9772206, 22.374393 ], [ 113.9769681, 22.37455 ], [ 113.9759197, 22.376214 ], [ 113.9758929, 22.3763646 ], [ 113.9760068, 22.3765991 ], [ 113.977773, 22.3794964 ], [ 113.9779987, 22.379366 ], [ 113.9780235, 22.3794071 ], [ 113.9777925, 22.379519 ], [ 113.977840900000018, 22.3796091 ], [ 113.97787, 22.379554 ], [ 113.9780497, 22.3794804 ], [ 113.978124200000011, 22.3794918 ], [ 113.97815030000001, 22.3795464 ], [ 113.9780662, 22.3796295 ], [ 113.9784158, 22.3798124 ], [ 113.978523, 22.3798074 ], [ 113.978602400000014, 22.3797013 ], [ 113.978792100000021, 22.3797844 ], [ 113.9790465, 22.379576 ], [ 113.9795444, 22.3794152 ], [ 113.9799091, 22.3793327 ], [ 113.9800028, 22.3792457 ], [ 113.9800928, 22.3792269 ], [ 113.9802771, 22.3790503 ], [ 113.9806176, 22.378631 ], [ 113.9808186, 22.3782495 ], [ 113.9806801, 22.3782173 ], [ 113.9806421, 22.3780907 ], [ 113.980698500000017, 22.377987 ], [ 113.9808213, 22.378024 ], [ 113.9808586, 22.3779645 ], [ 113.9807256, 22.377614 ], [ 113.980633, 22.3775321 ], [ 113.9802253, 22.3772978 ], [ 113.9802736, 22.3770039 ], [ 113.98035, 22.3768054 ], [ 113.980393, 22.3767645 ], [ 113.98068, 22.3766182 ], [ 113.9810374, 22.3766263 ], [ 113.981055, 22.3766781 ], [ 113.9812388, 22.3766373 ], [ 113.9815191, 22.3765115 ], [ 113.9817355, 22.3763245 ], [ 113.98183010000001, 22.3762016 ], [ 113.981960300000011, 22.3758792 ], [ 113.9821526, 22.3758233 ], [ 113.9824939, 22.3758885 ], [ 113.9829588, 22.375789 ], [ 113.9838806, 22.3753588 ], [ 113.9840368, 22.3752211 ], [ 113.9843801, 22.37506 ], [ 113.98521, 22.37453 ], [ 113.985668, 22.3742787 ], [ 113.9859022, 22.3741027 ], [ 113.9864614, 22.3736461 ], [ 113.9875275, 22.372554 ], [ 113.9888804, 22.370525 ], [ 113.9893075, 22.3698154 ], [ 113.9895118, 22.369321 ], [ 113.9895424, 22.369102 ], [ 113.989470200000014, 22.3690523 ], [ 113.9894477, 22.368661 ], [ 113.9894, 22.3684757 ], [ 113.9894588, 22.3684585 ], [ 113.9893447, 22.3680887 ], [ 113.9891987, 22.3678037 ], [ 113.9887465, 22.3679468 ], [ 113.988687, 22.3679119 ], [ 113.9886536, 22.3678495 ], [ 113.988668500000017, 22.3677909 ], [ 113.9888663, 22.3676261 ], [ 113.988879, 22.3675779 ], [ 113.9887485, 22.3673587 ], [ 113.9887551, 22.3671902 ], [ 113.9888519, 22.3670472 ], [ 113.989013, 22.3669682 ], [ 113.9891046, 22.3669601 ], [ 113.989279, 22.3670096 ], [ 113.9894032, 22.3671331 ], [ 113.9894441, 22.3672975 ], [ 113.9893906, 22.3674587 ], [ 113.9893907, 22.3675823 ], [ 113.989459, 22.3677123 ], [ 113.990376, 22.3673596 ], [ 113.9904841, 22.3673669 ], [ 113.990551, 22.3674536 ], [ 113.9905479, 22.3675081 ], [ 113.9904769, 22.3675845 ], [ 113.9895607, 22.3679369 ], [ 113.9896717, 22.3682526 ], [ 113.9897472, 22.3685888 ], [ 113.9897865, 22.3691022 ], [ 113.98973620000001, 22.3696147 ], [ 113.9895106, 22.3704385 ], [ 113.989529, 22.3706882 ], [ 113.989614, 22.3709257 ], [ 113.9897045, 22.3710688 ], [ 113.9899521, 22.3712978 ], [ 113.9916294, 22.3722715 ] ] } },
{ "type": "Feature", "properties": { }, "geometry": { "type": "LineString", "coordinates": [ [ 113.9916294, 22.3722715 ], [ 113.991734, 22.3722467 ], [ 113.9934405, 22.3697643 ], [ 113.9936194, 22.3695111 ], [ 113.9937109, 22.3694633 ], [ 113.9938885, 22.369175 ], [ 113.992441900000017, 22.3683629 ], [ 113.9920662, 22.3681236 ], [ 113.9918054, 22.367866 ], [ 113.9916476, 22.3675446 ], [ 113.991730600000011, 22.3671441 ], [ 113.99224980000001, 22.366249 ], [ 113.99217, 22.3661697 ], [ 113.9923529, 22.3659846 ], [ 113.9924714, 22.3657393 ], [ 113.9926706, 22.3654431 ], [ 113.992918500000016, 22.3651211 ], [ 113.9933255, 22.3650297 ], [ 113.993742700000013, 22.3651031 ], [ 113.9938581, 22.3651541 ], [ 113.994197200000016, 22.3651182 ], [ 113.9943651, 22.3650592 ], [ 113.9945043, 22.3648644 ], [ 113.995354, 22.3650113 ], [ 113.9953897, 22.365144 ], [ 113.9953691, 22.3653016 ], [ 113.9955313, 22.3654368 ], [ 113.9957258, 22.365541 ], [ 113.9960343, 22.3655145 ], [ 113.996413, 22.3654034 ], [ 113.9969757, 22.365066 ], [ 113.997046800000021, 22.3649506 ], [ 113.9970788, 22.3647594 ], [ 113.997311, 22.3646145 ], [ 113.9973593, 22.3645448 ] ] } },
{ "type": "Feature", "properties": { }, "geometry": { "type": "LineString", "coordinates": [ [ 114.2773723, 22.2630368 ], [ 114.2775031, 22.2631628 ], [ 114.2774629, 22.2632022 ], [ 114.2776555, 22.2633094 ], [ 114.2776568, 22.2633522 ], [ 114.2775016, 22.2635338 ], [ 114.2776682, 22.263548 ], [ 114.2777132, 22.2635998 ], [ 114.2776188, 22.2637602 ], [ 114.2776421, 22.2638184 ], [ 114.2775839, 22.2638988 ], [ 114.277560100000017, 22.2640047 ], [ 114.2774905, 22.2640739 ], [ 114.2777806, 22.264526 ], [ 114.2780571, 22.2643691 ], [ 114.2783456, 22.2648043 ], [ 114.2780742, 22.2649584 ], [ 114.2783667, 22.2653667 ], [ 114.2785514, 22.2656903 ], [ 114.2788441, 22.2660755 ], [ 114.2789004, 22.2661163 ], [ 114.2790038, 22.2660268 ], [ 114.279248, 22.2659211 ], [ 114.279251500000015, 22.2658985 ], [ 114.2793507, 22.2659263 ], [ 114.2793396, 22.2660517 ], [ 114.279272800000015, 22.2660564 ], [ 114.2792883, 22.2661574 ], [ 114.279552, 22.2667634 ], [ 114.2798848, 22.2672452 ], [ 114.2801451, 22.2675368 ], [ 114.2803041, 22.2676552 ], [ 114.2804084, 22.2678105 ], [ 114.2806457, 22.2680083 ], [ 114.280787, 22.2681897 ], [ 114.281125, 22.2683184 ], [ 114.2813831, 22.2683409 ], [ 114.2816752, 22.2682691 ], [ 114.2817403, 22.2682814 ], [ 114.2822158, 22.2686674 ], [ 114.282275, 22.2689425 ], [ 114.2821966, 22.2691382 ], [ 114.2822387, 22.2693252 ], [ 114.2822335, 22.2694448 ], [ 114.2820368, 22.2697473 ], [ 114.2819599, 22.2701552 ], [ 114.2819045, 22.2702372 ], [ 114.2818135, 22.2702976 ], [ 114.281744, 22.2705706 ], [ 114.2815975, 22.2707123 ], [ 114.2815901, 22.2708766 ], [ 114.2815199, 22.2709888 ], [ 114.2816027, 22.2712153 ], [ 114.2816574, 22.2712865 ], [ 114.2818935, 22.2715112 ], [ 114.282019100000014, 22.2715685 ], [ 114.2820782, 22.2716766 ], [ 114.2824576, 22.2716691 ], [ 114.2825723, 22.2716335 ], [ 114.2826743, 22.2715479 ], [ 114.2828385, 22.2714774 ], [ 114.2830286, 22.2712502 ], [ 114.2834375, 22.2711373 ], [ 114.2836017, 22.2711503 ], [ 114.2836653, 22.2711284 ], [ 114.2837607, 22.27106 ], [ 114.2838591, 22.2710456 ], [ 114.2839781, 22.2708779 ], [ 114.28409790000002, 22.2707862 ], [ 114.2843619, 22.2707243 ], [ 114.2852368, 22.2706432 ], [ 114.2856066, 22.2706754 ], [ 114.2857508, 22.2707328 ], [ 114.285952, 22.2706822 ], [ 114.2866678, 22.2707479 ], [ 114.286954, 22.2707397 ], [ 114.2875102, 22.2705795 ], [ 114.2878169, 22.2704527 ], [ 114.2878826, 22.2703804 ], [ 114.288006, 22.2703226 ], [ 114.288239, 22.27026 ], [ 114.2884062, 22.2703429 ], [ 114.2885966, 22.2705916 ], [ 114.2886627, 22.2705244 ], [ 114.2887557, 22.2705069 ], [ 114.2890147, 22.2706145 ], [ 114.2890527, 22.2706629 ], [ 114.289129100000011, 22.2706484 ], [ 114.2890942, 22.2706276 ], [ 114.2891339, 22.2705227 ], [ 114.2892206, 22.2704339 ], [ 114.289232, 22.2703059 ], [ 114.2893309, 22.2702121 ], [ 114.2893843, 22.2702596 ], [ 114.289485, 22.2702019 ], [ 114.2900295, 22.2697201 ], [ 114.2901345, 22.2697222 ], [ 114.2903231, 22.2695131 ], [ 114.290381700000012, 22.2693389 ], [ 114.2901795, 22.2689584 ], [ 114.2902634, 22.2688743 ], [ 114.2902714, 22.2687897 ], [ 114.2903193, 22.2687232 ], [ 114.2903401, 22.26812 ], [ 114.2907288, 22.26734 ], [ 114.2909199, 22.2671 ], [ 114.2916763, 22.266835 ], [ 114.2918855, 22.2668465 ], [ 114.2924501, 22.26647 ], [ 114.2928327, 22.2663248 ], [ 114.2929925, 22.2663586 ], [ 114.29322160000001, 22.2661587 ], [ 114.2938913, 22.2660769 ], [ 114.2941757, 22.2658585 ], [ 114.294587100000015, 22.265836 ], [ 114.2949955, 22.265657 ], [ 114.29551, 22.2653701 ], [ 114.2957575, 22.2650947 ], [ 114.2959399, 22.2646101 ], [ 114.2961641, 22.2642291 ], [ 114.2962365, 22.2639957 ], [ 114.2967904, 22.2632821 ], [ 114.2970867, 22.2630066 ], [ 114.2971726, 22.262803 ], [ 114.2974113, 22.2624555 ], [ 114.2973992, 22.2623599 ], [ 114.2971727, 22.2622456 ], [ 114.2971263, 22.2623266 ], [ 114.2970506, 22.2622875 ], [ 114.2971603, 22.2621001 ], [ 114.2972347, 22.2621361 ], [ 114.2971962, 22.2622093 ], [ 114.2973255, 22.2621998 ], [ 114.297376400000019, 22.2621278 ], [ 114.2973402, 22.2619342 ], [ 114.2971739, 22.2616922 ], [ 114.2970774, 22.2617145 ], [ 114.2970894, 22.2617964 ], [ 114.2969835, 22.2619057 ], [ 114.2967287, 22.2619032 ], [ 114.2966428, 22.2618597 ], [ 114.2966804, 22.2617865 ], [ 114.296815800000019, 22.261712 ], [ 114.29685880000001, 22.2616463 ], [ 114.2968083, 22.2615046 ], [ 114.2968856, 22.2614142 ], [ 114.296848, 22.2612702 ], [ 114.2968878, 22.2611864 ] ] } },
{ "type": "Feature", "properties": { }, "geometry": { "type": "LineString", "coordinates": [ [ 114.2968878, 22.2611864 ], [ 114.2971122, 22.2611734 ], [ 114.2971686, 22.2610741 ], [ 114.2972933, 22.2610294 ], [ 114.2974716, 22.2610331 ], [ 114.2975481, 22.2609127 ], [ 114.2976288, 22.2610222 ], [ 114.2978619, 22.2609748 ], [ 114.2979276, 22.2608916 ], [ 114.297996, 22.2609115 ], [ 114.2983812, 22.2608577 ], [ 114.2985776, 22.2609294 ], [ 114.2986464, 22.2608792 ], [ 114.2986652, 22.2607725 ], [ 114.2987886, 22.2607576 ], [ 114.2989101, 22.26079 ], [ 114.298914700000012, 22.2606881 ], [ 114.2987859, 22.260662 ], [ 114.2988396, 22.2605466 ], [ 114.2989683, 22.2604994 ], [ 114.2989693, 22.2604381 ], [ 114.299026, 22.2603803 ], [ 114.2991386, 22.2603344 ], [ 114.2995555, 22.2603734 ], [ 114.2996013, 22.2603642 ], [ 114.299621, 22.2602995 ], [ 114.2996925, 22.2602562 ], [ 114.2997555, 22.2602549 ], [ 114.2998519, 22.2604964 ], [ 114.2999755, 22.2606521 ], [ 114.3002276, 22.2607837 ], [ 114.300342900000018, 22.2609684 ], [ 114.3005913, 22.2611491 ] ] } },
{ "type": "Feature", "properties": { }, "geometry": { "type": "LineString", "coordinates": [ [ 114.3193588, 22.3937404 ], [ 114.3196183, 22.3936227 ], [ 114.3197447, 22.393614 ], [ 114.3199628, 22.3936847 ], [ 114.3200183, 22.393575 ], [ 114.3209377, 22.3937012 ], [ 114.321008, 22.3937275 ], [ 114.3210801, 22.3938035 ], [ 114.321265100000019, 22.3945873 ], [ 114.3212676, 22.3948025 ], [ 114.3213684, 22.3952599 ], [ 114.3213372, 22.3954078 ], [ 114.3213886, 22.3956098 ], [ 114.3213707, 22.395725 ], [ 114.321397300000015, 22.3958537 ], [ 114.32135390000002, 22.3960794 ], [ 114.3213643, 22.3963013 ], [ 114.3213978, 22.396443 ], [ 114.3215874, 22.3967645 ], [ 114.3216142, 22.3968671 ] ] } },
{ "type": "Feature", "properties": { }, "geometry": { "type": "LineString", "coordinates": [ [ 114.1275792, 22.2056558 ], [ 114.127505400000018, 22.2056831 ], [ 114.127434300000019, 22.2056719 ], [ 114.1272332, 22.2054205 ], [ 114.1272714, 22.2053255 ], [ 114.1274089, 22.2052796 ], [ 114.1276114, 22.2052833 ], [ 114.127834, 22.2055118 ], [ 114.127842, 22.2055527 ], [ 114.1277924, 22.2056012 ], [ 114.1275792, 22.2056558 ] ] } },
{ "type": "Feature", "properties": { }, "geometry": { "type": "LineString", "coordinates": [ [ 114.1154562, 22.3473847 ], [ 114.1198385, 22.3486429 ] ] } },
{ "type": "Feature", "properties": { }, "geometry": { "type": "LineString", "coordinates": [ [ 114.0786249, 22.3668556 ], [ 114.0790568, 22.3672437 ], [ 114.0791362, 22.3672134 ], [ 114.0792743, 22.3672711 ], [ 114.0794041, 22.3674464 ], [ 114.0793504, 22.3675376 ], [ 114.0793727, 22.3675762 ], [ 114.07946, 22.3676149 ], [ 114.0796271, 22.3678168 ], [ 114.079655, 22.3679119 ], [ 114.07946, 22.3681623 ], [ 114.0791448, 22.3684761 ], [ 114.0791443, 22.3686065 ], [ 114.0794108, 22.3687227 ], [ 114.0798007, 22.3690197 ], [ 114.0811193, 22.369191 ], [ 114.0811862, 22.3691589 ], [ 114.0818204, 22.3690485 ], [ 114.0821224, 22.3689138 ], [ 114.0821487, 22.3689611 ], [ 114.0830935, 22.3684897 ], [ 114.0830623, 22.3684423 ], [ 114.0830842, 22.3684252 ], [ 114.0834547, 22.3682857 ], [ 114.0837258, 22.3681467 ], [ 114.0839537, 22.3680077 ], [ 114.083898100000013, 22.3679198 ], [ 114.0839507, 22.3678798 ], [ 114.0840321, 22.36798 ], [ 114.084072500000019, 22.3679493 ], [ 114.0840542, 22.3678869 ], [ 114.0842656, 22.3677597 ], [ 114.0842903, 22.3677874 ], [ 114.0845513, 22.3675885 ], [ 114.0848736, 22.3674626 ], [ 114.0848281, 22.367423 ], [ 114.0848924, 22.3673948 ], [ 114.0857878, 22.3674112 ], [ 114.0871139, 22.3672853 ] ] } },
{ "type": "Feature", "properties": { }, "geometry": { "type": "LineString", "coordinates": [ [ 114.236363, 22.2880705 ], [ 114.2364253, 22.2880551 ], [ 114.2364789, 22.2879802 ], [ 114.2364433, 22.2879169 ], [ 114.2364977, 22.2878648 ], [ 114.236521, 22.287891 ], [ 114.2365868, 22.287858 ], [ 114.2366405, 22.2879194 ], [ 114.2367639, 22.2878965 ], [ 114.2367531, 22.2879808 ], [ 114.2368701, 22.287994 ], [ 114.2369476, 22.2879411 ], [ 114.2369536, 22.2878989 ], [ 114.237018, 22.2878772 ], [ 114.2370888, 22.2879049 ], [ 114.2376861, 22.2875389 ], [ 114.2377474, 22.2876074 ], [ 114.2377995, 22.2875715 ], [ 114.2378214, 22.2876169 ], [ 114.2379503, 22.2875599 ], [ 114.2384265, 22.2872454 ], [ 114.2387, 22.28693 ], [ 114.2390862, 22.2866967 ], [ 114.2396435, 22.2864913 ], [ 114.2396374, 22.2862967 ], [ 114.2396982, 22.286192 ], [ 114.239774900000015, 22.286148 ], [ 114.239903100000021, 22.2861485 ], [ 114.2400386, 22.2862196 ], [ 114.2400454, 22.286163 ], [ 114.2402003, 22.2861547 ], [ 114.240380900000019, 22.2859883 ], [ 114.24069630000001, 22.2859422 ], [ 114.2407401, 22.2859838 ], [ 114.2407568, 22.2860679 ], [ 114.2408774, 22.2860921 ], [ 114.2410612, 22.2860741 ], [ 114.2412016, 22.2859859 ], [ 114.2414388, 22.2859 ], [ 114.2417032, 22.28589 ], [ 114.2418268, 22.285779 ], [ 114.2420186, 22.2857249 ], [ 114.2421772, 22.2857379 ], [ 114.2422173, 22.2857976 ], [ 114.2421762, 22.2858282 ], [ 114.2422178, 22.2858337 ], [ 114.242546500000017, 22.2857152 ], [ 114.2425818, 22.2856669 ], [ 114.2425575, 22.285533 ], [ 114.242616400000017, 22.2855167 ], [ 114.242640900000012, 22.2856286 ], [ 114.2428332, 22.2856224 ], [ 114.2430481, 22.2856555 ], [ 114.243069, 22.2857772 ], [ 114.2432206, 22.2858287 ], [ 114.243283500000018, 22.2857897 ], [ 114.2432307, 22.2856489 ], [ 114.2432881, 22.2856468 ], [ 114.2434105, 22.2857249 ] ] } },
{ "type": "Feature", "properties": { }, "geometry": { "type": "LineString", "coordinates": [ [ 114.1257198, 22.2836574 ], [ 114.125510600000013, 22.2837923 ], [ 114.1254067, 22.2840312 ], [ 114.1253518, 22.2840128 ], [ 114.1254634, 22.2837804 ], [ 114.125391, 22.2835424 ], [ 114.1252532, 22.2834967 ], [ 114.1252416, 22.2835266 ], [ 114.1247489, 22.2833618 ], [ 114.1247601, 22.283333 ], [ 114.1245139, 22.2832513 ], [ 114.1244964, 22.283298 ], [ 114.1240996, 22.2831709 ], [ 114.1240057, 22.2834218 ], [ 114.12390480000002, 22.2833895 ], [ 114.1240182, 22.2830869 ], [ 114.1238164, 22.2830199 ], [ 114.1238033, 22.283054 ], [ 114.1234139, 22.282926 ], [ 114.1234274, 22.2828908 ], [ 114.1222116, 22.2824932 ] ] } },
{ "type": "Feature", "properties": { }, "geometry": { "type": "LineString", "coordinates": [ [ 114.2553322, 22.2056762 ], [ 114.2553898, 22.2057188 ], [ 114.2554199, 22.2057964 ], [ 114.2553603, 22.2058417 ], [ 114.2553301, 22.2059261 ], [ 114.2552912, 22.2059398 ], [ 114.2552154, 22.2059019 ], [ 114.2552402, 22.205815 ], [ 114.2552257, 22.2057215 ] ] } },
{ "type": "Feature", "properties": { }, "geometry": { "type": "Polygon", "coordinates": [ [ [ 114.02637, 22.3104538 ], [ 114.0263419, 22.3104699 ], [ 114.0263526, 22.3104488 ], [ 114.02637, 22.3104538 ] ] ] } },
{ "type": "Feature", "properties": { }, "geometry": { "type": "Polygon", "coordinates": [ [ [ 114.2087086, 22.4607201 ], [ 114.208716, 22.4606724 ], [ 114.2087381, 22.4606897 ], [ 114.2087086, 22.4607201 ] ] ] } },
{ "type": "Feature", "properties": { }, "geometry": { "type": "Polygon", "coordinates": [ [ [ 114.2100397, 22.4622544 ], [ 114.2099592, 22.4622866 ], [ 114.2099264, 22.462234 ], [ 114.2099921, 22.4622178 ], [ 114.2100397, 22.4622544 ] ] ] } },
{ "type": "Feature", "properties": { }, "geometry": { "type": "Polygon", "coordinates": [ [ [ 114.2147872, 22.4719991 ], [ 114.2147081, 22.4720134 ], [ 114.2146893, 22.4719873 ], [ 114.214747, 22.4719712 ], [ 114.2147872, 22.4719991 ] ] ] } },
{ "type": "Feature", "properties": { }, "geometry": { "type": "LineString", "coordinates": [ [ 114.1994559, 22.2208616 ], [ 114.1994794, 22.2208324 ], [ 114.1996185, 22.22081 ], [ 114.1997301, 22.2208316 ], [ 114.1996936, 22.2208724 ], [ 114.1995655, 22.2208948 ], [ 114.1994559, 22.2208616 ] ] } },
{ "type": "Feature", "properties": { }, "geometry": { "type": "LineString", "coordinates": [ [ 114.1979186, 22.2212289 ], [ 114.1978804, 22.2211971 ], [ 114.197901200000018, 22.2211582 ], [ 114.1982057, 22.2210813 ], [ 114.198277, 22.2210915 ], [ 114.1982753, 22.2211241 ], [ 114.1981633, 22.2212073 ], [ 114.1979186, 22.2212289 ] ] } },
{ "type": "Feature", "properties": { }, "geometry": { "type": "Polygon", "coordinates": [ [ [ 114.1995481, 22.2102002 ], [ 114.1995535, 22.2101604 ], [ 114.1996366, 22.2102101 ], [ 114.1996179, 22.2102322 ], [ 114.1995481, 22.2102002 ] ] ] } },
{ "type": "Feature", "properties": { }, "geometry": { "type": "LineString", "coordinates": [ [ 114.3897446, 22.3650582 ], [ 114.3898666, 22.3651696 ], [ 114.3899021, 22.365305 ], [ 114.3898516, 22.3653817 ], [ 114.3896062, 22.3655841 ], [ 114.3894508, 22.3656774 ], [ 114.3891833, 22.3657672 ], [ 114.3891708, 22.3658165 ], [ 114.389319, 22.3658724 ], [ 114.389445, 22.365773 ], [ 114.389603, 22.3657333 ], [ 114.3898156, 22.3658004 ], [ 114.3899159, 22.3657891 ], [ 114.3900116, 22.3658516 ], [ 114.3898803, 22.3659906 ], [ 114.3898074, 22.3661188 ], [ 114.3896888, 22.3661964 ], [ 114.389646, 22.3662579 ], [ 114.389476, 22.366343 ], [ 114.3895067, 22.3663813 ], [ 114.3893986, 22.3665343 ], [ 114.3899021, 22.3662449 ], [ 114.3900383, 22.3662227 ], [ 114.3899809, 22.3661804 ], [ 114.3900614, 22.3660281 ], [ 114.3902461, 22.3658722 ], [ 114.3903337, 22.3658336 ], [ 114.3903961, 22.3658688 ], [ 114.3904752, 22.3658613 ], [ 114.3906207, 22.3659388 ], [ 114.390743400000019, 22.3661443 ], [ 114.3907245, 22.3661724 ], [ 114.3908221, 22.3663129 ], [ 114.3906836, 22.3665484 ], [ 114.3904903, 22.3667611 ], [ 114.3902059, 22.366927 ], [ 114.3899891, 22.3669738 ], [ 114.3899969, 22.3670631 ], [ 114.3897976, 22.3671028 ], [ 114.3897698, 22.3670857 ], [ 114.3897592, 22.3672223 ], [ 114.389892700000019, 22.3672268 ], [ 114.3899931, 22.367281 ], [ 114.3901016, 22.367298 ], [ 114.3899783, 22.3674869 ], [ 114.3898134, 22.3675972 ], [ 114.3896686, 22.3677572 ], [ 114.3894982, 22.3678862 ], [ 114.3895059, 22.3679551 ], [ 114.3896337, 22.3678912 ], [ 114.3896589, 22.3678425 ], [ 114.389721100000017, 22.3678355 ], [ 114.3897323, 22.3678019 ], [ 114.3898352, 22.3677935 ], [ 114.3898432, 22.3677636 ], [ 114.3898822, 22.3677721 ], [ 114.389964600000013, 22.3677163 ], [ 114.3900377, 22.3677091 ], [ 114.3900447, 22.3677402 ], [ 114.3899481, 22.3678685 ], [ 114.3903016, 22.3676307 ], [ 114.3903756, 22.3676222 ], [ 114.3904437, 22.3675506 ], [ 114.3907085, 22.3674373 ], [ 114.3908248, 22.3674691 ], [ 114.3909625, 22.3674065 ], [ 114.3911535, 22.3673982 ], [ 114.391189, 22.367472 ], [ 114.3910702, 22.3674885 ], [ 114.3912027, 22.367492 ], [ 114.39134660000002, 22.3675872 ], [ 114.3914401, 22.3675579 ], [ 114.3914278, 22.3676122 ], [ 114.3914816, 22.3677662 ], [ 114.3914152, 22.3677697 ], [ 114.391453100000021, 22.367804 ], [ 114.39143, 22.3678302 ], [ 114.3914426, 22.3678887 ], [ 114.391494, 22.3679418 ], [ 114.391468, 22.3679776 ], [ 114.3915273, 22.3680824 ], [ 114.3914917, 22.3681225 ], [ 114.3915474, 22.3681587 ], [ 114.3915686, 22.3682141 ], [ 114.3915351, 22.3682526 ], [ 114.3914115, 22.368269 ], [ 114.391562800000017, 22.3684698 ], [ 114.3915265, 22.3685579 ], [ 114.3915531, 22.3686131 ], [ 114.3914998, 22.3687003 ], [ 114.3914046, 22.3687105 ], [ 114.3914473, 22.3688422 ], [ 114.3914974, 22.3688966 ], [ 114.3914428, 22.3691221 ], [ 114.3914689, 22.3691467 ], [ 114.3913126, 22.3692387 ], [ 114.3913372, 22.3692835 ], [ 114.39123410000002, 22.369341 ], [ 114.3912462, 22.3693706 ], [ 114.3910323, 22.3694361 ], [ 114.39128, 22.3698889 ], [ 114.3912837, 22.3699581 ], [ 114.3911869, 22.3700172 ], [ 114.3912684, 22.3700737 ], [ 114.3911842, 22.3701339 ], [ 114.391195100000019, 22.3702122 ], [ 114.3910845, 22.3703833 ], [ 114.3910188, 22.3704056 ], [ 114.3909734, 22.3704589 ], [ 114.3910162, 22.370457 ], [ 114.391023500000017, 22.3705944 ], [ 114.3909615, 22.3706993 ], [ 114.39087, 22.370813 ], [ 114.3906569, 22.3709439 ], [ 114.3905218, 22.3709113 ], [ 114.3903053, 22.3707645 ], [ 114.3901365, 22.3705296 ], [ 114.3900009, 22.3704698 ], [ 114.3899625, 22.3704001 ], [ 114.3898994, 22.3703652 ], [ 114.3897785, 22.3701074 ], [ 114.3896199, 22.3698989 ], [ 114.389592100000016, 22.3699474 ], [ 114.3896645, 22.3700317 ], [ 114.3897269, 22.3702829 ], [ 114.3898556, 22.3704354 ], [ 114.3899663, 22.3707027 ], [ 114.3900559, 22.3708022 ], [ 114.3900436, 22.3709548 ], [ 114.3901043, 22.3711337 ], [ 114.3900683, 22.3712103 ], [ 114.3901414, 22.3712501 ], [ 114.3901019, 22.3712828 ], [ 114.3900626, 22.3714141 ], [ 114.3900836, 22.3714566 ], [ 114.3900152, 22.3714985 ], [ 114.3900303, 22.3715564 ], [ 114.3899756, 22.3715961 ], [ 114.3899637, 22.3716494 ], [ 114.3899289, 22.3716493 ], [ 114.3899398, 22.3717468 ], [ 114.389789400000012, 22.3718612 ], [ 114.389783800000018, 22.3719079 ], [ 114.3896871, 22.3719324 ], [ 114.3894115, 22.3720872 ], [ 114.389434, 22.3721695 ], [ 114.3895134, 22.3722175 ], [ 114.3895354, 22.372436 ], [ 114.389437, 22.3724797 ], [ 114.389443, 22.3725186 ], [ 114.3893921, 22.3725394 ], [ 114.3893359, 22.372634 ], [ 114.3891738, 22.3727203 ], [ 114.3892157, 22.3727246 ], [ 114.3889847, 22.372901 ], [ 114.3889237, 22.3730796 ], [ 114.3888665, 22.3730881 ], [ 114.3889217, 22.3731495 ], [ 114.3888925, 22.373173 ], [ 114.3888027, 22.3731704 ], [ 114.3887811, 22.373248 ], [ 114.3886844, 22.3732873 ], [ 114.388654, 22.3733644 ], [ 114.3886577, 22.3734883 ], [ 114.3886317, 22.3735103 ], [ 114.3886478, 22.3735999 ], [ 114.3886183, 22.3736236 ], [ 114.3886346, 22.3737236 ], [ 114.3884679, 22.3739205 ], [ 114.3884288, 22.3742147 ], [ 114.388358, 22.3743658 ], [ 114.3882586, 22.3743837 ], [ 114.3882386, 22.3744177 ], [ 114.3882782, 22.3744349 ], [ 114.3882673, 22.3744646 ], [ 114.3881972, 22.3744714 ], [ 114.3880252, 22.3746093 ], [ 114.3879377, 22.3746026 ], [ 114.3879582, 22.3746728 ], [ 114.387923, 22.3747 ], [ 114.3878047, 22.3746749 ], [ 114.3877035, 22.3746939 ], [ 114.3873472, 22.3745724 ], [ 114.387341300000017, 22.3746235 ], [ 114.387384, 22.3746566 ], [ 114.3875044, 22.3746724 ], [ 114.387538600000013, 22.3747227 ], [ 114.3874882, 22.3747336 ], [ 114.3876476, 22.3748739 ], [ 114.3876951, 22.3750136 ], [ 114.387641500000015, 22.3750695 ], [ 114.3876522, 22.375122 ], [ 114.387597700000015, 22.3752345 ], [ 114.3873985, 22.3752719 ], [ 114.3872144, 22.375215 ], [ 114.387171, 22.3752503 ], [ 114.3871598, 22.3753023 ], [ 114.3872766, 22.3754517 ], [ 114.3873773, 22.3756783 ], [ 114.3872873, 22.375786 ], [ 114.3872425, 22.375796 ], [ 114.3872432, 22.3758353 ], [ 114.3871945, 22.3758366 ], [ 114.3872193, 22.3757845 ], [ 114.3870388, 22.3759474 ], [ 114.3868714, 22.3759589 ] ] } },
{ "type": "Feature", "properties": { }, "geometry": { "type": "LineString", "coordinates": [ [ 114.3550014, 22.4426904 ], [ 114.3550175, 22.4424524 ], [ 114.355275, 22.4421351 ], [ 114.355277700000016, 22.4419789 ], [ 114.3552616, 22.4417458 ], [ 114.3550443, 22.4412153 ], [ 114.354921, 22.4410691 ] ] } },
{ "type": "Feature", "properties": { }, "geometry": { "type": "LineString", "coordinates": [ [ 114.3534611, 22.4449025 ], [ 114.3536622, 22.4450066 ], [ 114.3538848, 22.4450512 ], [ 114.3541638, 22.445081 ], [ 114.3542925, 22.4449917 ], [ 114.3545742, 22.4450289 ], [ 114.3548612, 22.4451826 ], [ 114.35512940000001, 22.4455173 ], [ 114.3551106, 22.445614 ], [ 114.355837500000021, 22.4459362 ], [ 114.3566395, 22.4460577 ], [ 114.3567602, 22.4459139 ], [ 114.3564983, 22.4455832 ], [ 114.3564376, 22.4454802 ], [ 114.3563773, 22.4452683 ], [ 114.3555359, 22.4441059 ], [ 114.3554038, 22.4434762 ], [ 114.3553367, 22.4434366 ], [ 114.355216, 22.4432655 ], [ 114.3552455, 22.4431787 ], [ 114.3550899, 22.442797 ], [ 114.3550014, 22.4426904 ] ] } },
{ "type": "Feature", "properties": { }, "geometry": { "type": "LineString", "coordinates": [ [ 114.1283511, 22.2847175 ], [ 114.1275458, 22.2840021 ], [ 114.1275501, 22.2839645 ], [ 114.1257198, 22.2836574 ] ] } },
{ "type": "Feature", "properties": { }, "geometry": { "type": "LineString", "coordinates": [ [ 114.1343519, 22.2891481 ], [ 114.1317655, 22.2895269 ], [ 114.1317159, 22.2892301 ], [ 114.1344488, 22.2888389 ], [ 114.1347185, 22.2878949 ], [ 114.1323146, 22.2882381 ], [ 114.1283511, 22.2847175 ] ] } },
{ "type": "Feature", "properties": { }, "geometry": { "type": "Polygon", "coordinates": [ [ [ 114.1093522, 22.2313777 ], [ 114.1092852, 22.2313504 ], [ 114.1092409, 22.2312635 ], [ 114.1092798, 22.2312163 ], [ 114.1093335, 22.231261 ], [ 114.1093495, 22.2311791 ], [ 114.1094153, 22.2312064 ], [ 114.109389800000017, 22.2313541 ], [ 114.1093522, 22.2313777 ] ] ] } },
{ "type": "Feature", "properties": { }, "geometry": { "type": "LineString", "coordinates": [ [ 114.2623314, 22.5280292 ], [ 114.2625117, 22.5281762 ], [ 114.2625493, 22.5282902 ], [ 114.2624956, 22.5285503 ], [ 114.2625788, 22.5289418 ], [ 114.2627585, 22.5292837 ], [ 114.2627478, 22.5294497 ], [ 114.2628524, 22.5296776 ], [ 114.2629825, 22.5297247 ], [ 114.2630616, 22.5300343 ], [ 114.2630374, 22.530209 ], [ 114.263083, 22.5303329 ], [ 114.2630737, 22.5307057 ], [ 114.2631112, 22.5308011 ], [ 114.2633781, 22.5311727 ], [ 114.26348, 22.531252 ], [ 114.263535, 22.5314093 ], [ 114.2636141, 22.5315097 ], [ 114.2636798, 22.5315084 ], [ 114.2636825, 22.5316621 ], [ 114.2637254, 22.5316484 ], [ 114.2638394, 22.5316881 ], [ 114.2637925, 22.5318119 ], [ 114.2638206, 22.5319742 ], [ 114.263877, 22.5321167 ], [ 114.263996300000017, 22.5322727 ], [ 114.2640392, 22.5325738 ], [ 114.2641318, 22.532679 ], [ 114.264603900000012, 22.5327744 ], [ 114.2649338, 22.5328091 ], [ 114.2650518, 22.5328599 ], [ 114.265088, 22.5329194 ], [ 114.2652261, 22.5328847 ], [ 114.2654032, 22.5329677 ], [ 114.2656083, 22.5329429 ], [ 114.265957, 22.5330024 ], [ 114.266181, 22.5330085 ], [ 114.2664036, 22.5331473 ], [ 114.2666624, 22.5331386 ], [ 114.2671788, 22.5332712 ], [ 114.2672619, 22.533338 ], [ 114.2674014, 22.5336465 ], [ 114.2674861, 22.5336413 ], [ 114.2674564, 22.5337394 ], [ 114.2675022, 22.5338146 ], [ 114.2676535, 22.5338348 ], [ 114.267733, 22.533933 ], [ 114.2676173, 22.5339735 ], [ 114.2676388, 22.5340763 ], [ 114.2676803, 22.5341122 ], [ 114.267813100000012, 22.5340317 ], [ 114.2679151, 22.5340263 ], [ 114.2678436, 22.5341575 ], [ 114.2676871, 22.5341804 ], [ 114.2677381, 22.5343893 ], [ 114.2678829, 22.5342287 ], [ 114.2679687, 22.5342126 ], [ 114.267858, 22.534367 ], [ 114.2676777, 22.5344876 ], [ 114.2677541, 22.5348295 ], [ 114.2677724, 22.5352186 ], [ 114.2676777, 22.5355814 ], [ 114.267614600000016, 22.5357449 ], [ 114.2675208, 22.5358563 ], [ 114.2671828, 22.5365104 ], [ 114.267331700000014, 22.5368139 ], [ 114.2672713, 22.5368894 ], [ 114.2673198, 22.5368756 ] ] } },
{ "type": "Feature", "properties": { }, "geometry": { "type": "LineString", "coordinates": [ [ 114.0132037, 22.4872264 ], [ 114.0136255, 22.4872695 ], [ 114.0136494, 22.4872457 ], [ 114.0136555, 22.4872732 ], [ 114.0140539, 22.4872979 ], [ 114.0140487, 22.4873483 ], [ 114.014015900000018, 22.4873454 ], [ 114.014018300000018, 22.4873226 ], [ 114.0136536, 22.4872875 ], [ 114.0136075, 22.487321 ], [ 114.0136151, 22.4872834 ], [ 114.0130822, 22.4872302 ], [ 114.0129489, 22.4871738 ], [ 114.0125424, 22.4868713 ], [ 114.0122932, 22.4868212 ], [ 114.0121366, 22.4867198 ], [ 114.0121057, 22.4866603 ], [ 114.011918, 22.486639 ], [ 114.0116812, 22.486462 ], [ 114.0115714, 22.4864396 ], [ 114.0113939, 22.4865413 ], [ 114.0110563, 22.4866446 ], [ 114.0110365, 22.4867044 ], [ 114.0109162, 22.4867803 ], [ 114.0106413, 22.4867365 ], [ 114.0103978, 22.4865925 ], [ 114.0103652, 22.4866297 ], [ 114.0102151, 22.4866241 ], [ 114.009904, 22.4864789 ], [ 114.0095056, 22.4865227 ], [ 114.0091501, 22.4866 ], [ 114.0090482, 22.4865818 ], [ 114.0091745, 22.4869598 ], [ 114.0084261, 22.4871608 ], [ 114.008374, 22.4870958 ], [ 114.008205, 22.4872783 ], [ 114.0076622, 22.4874363 ], [ 114.0077143, 22.487519 ], [ 114.0074137, 22.4877337 ], [ 114.0073438, 22.4876663 ], [ 114.0071574, 22.4876973 ], [ 114.0070783, 22.487675 ], [ 114.0070058, 22.487732 ], [ 114.0068503, 22.4876787 ], [ 114.0067552, 22.4877582 ], [ 114.0066531, 22.4877679 ], [ 114.0065861, 22.4878076 ], [ 114.0065137, 22.4878039 ], [ 114.0064399, 22.4878398 ], [ 114.0063353, 22.487815 ], [ 114.0061811, 22.4878733 ], [ 114.0060738, 22.4878435 ], [ 114.0059383, 22.4879253 ], [ 114.0056956, 22.4879488 ], [ 114.005587, 22.4880207 ], [ 114.0053419, 22.488091 ], [ 114.005305300000018, 22.4882698 ], [ 114.005101, 22.4884808 ], [ 114.0049539, 22.4885634 ], [ 114.0048024, 22.4887022 ], [ 114.0045031, 22.4887009 ], [ 114.004456200000021, 22.4887509 ], [ 114.0042845, 22.4887578 ], [ 114.0039052, 22.4889101 ], [ 114.003789900000015, 22.4890479 ], [ 114.0036057, 22.4891072 ], [ 114.0034117, 22.4892499 ], [ 114.003185500000015, 22.4892697 ], [ 114.0030093, 22.4894085 ], [ 114.002784, 22.4894011 ], [ 114.0025733, 22.4894669 ], [ 114.0021365, 22.4893997 ], [ 114.0017886, 22.4894604 ], [ 114.0015195, 22.4895575 ], [ 114.0014644, 22.489665 ], [ 114.0013893, 22.4896638 ], [ 114.0012634, 22.4892688 ], [ 114.001209, 22.4892215 ], [ 114.001046, 22.4895064 ], [ 114.0007799, 22.4896638 ], [ 114.000549, 22.4895759 ], [ 114.0004908, 22.4896266 ], [ 114.000363300000018, 22.4895981 ], [ 114.0001689, 22.4895913 ], [ 114.0000777, 22.489621 ], [ 113.9998421, 22.4895913 ], [ 113.9997518, 22.4897431 ], [ 113.9995808, 22.4898187 ], [ 113.9994219, 22.4898385 ], [ 113.99943260000002, 22.4899921 ], [ 113.9993984, 22.490043 ], [ 113.9993448, 22.490046 ], [ 113.9992744, 22.4899878 ], [ 113.9992616, 22.4898428 ], [ 113.9992033, 22.4898497 ], [ 113.9992053, 22.4896923 ] ] } },
{ "type": "Feature", "properties": { }, "geometry": { "type": "LineString", "coordinates": [ [ 113.8728314, 22.2688093 ], [ 113.872693900000016, 22.2688217 ], [ 113.8725564, 22.268908 ], [ 113.8724045, 22.2689412 ], [ 113.8717876, 22.2688729 ], [ 113.8715479, 22.2687789 ], [ 113.8713159, 22.2686468 ], [ 113.8709966, 22.2683683 ], [ 113.8706309, 22.268128 ], [ 113.8704016, 22.2680181 ], [ 113.8702702, 22.2677631 ], [ 113.8701716, 22.2677271 ], [ 113.8699691, 22.2675347 ], [ 113.8697331, 22.2670619 ], [ 113.8695403, 22.2668062 ], [ 113.8694997, 22.2664928 ], [ 113.869587, 22.2661291 ] ] } },
{ "type": "Feature", "properties": { }, "geometry": { "type": "LineString", "coordinates": [ [ 113.8778766, 22.2698584 ], [ 113.8777763, 22.2697972 ], [ 113.8777303, 22.2697137 ], [ 113.8774947, 22.2695493 ], [ 113.8771353, 22.2694088 ], [ 113.8769378, 22.2692865 ], [ 113.8765888, 22.2691537 ], [ 113.8761663, 22.269047 ], [ 113.8760436, 22.2689763 ], [ 113.8746854, 22.2685968 ], [ 113.8744997, 22.2685661 ], [ 113.874153, 22.2685658 ], [ 113.8737581, 22.2686666 ], [ 113.8734335, 22.2686663 ], [ 113.8729748, 22.2687374 ], [ 113.8728314, 22.2688093 ] ] } },
{ "type": "Feature", "properties": { }, "geometry": { "type": "LineString", "coordinates": [ [ 113.8686541, 22.2645437 ], [ 113.8684138, 22.264311 ], [ 113.8682015, 22.2637152 ], [ 113.8677576, 22.2629644 ], [ 113.867663100000016, 22.262852 ], [ 113.867648, 22.2627345 ], [ 113.8674588, 22.2625911 ] ] } },
{ "type": "Feature", "properties": { }, "geometry": { "type": "LineString", "coordinates": [ [ 113.8665742, 22.2616698 ], [ 113.8664726, 22.2614713 ] ] } },
{ "type": "Feature", "properties": { }, "geometry": { "type": "LineString", "coordinates": [ [ 113.8689224, 22.2648751 ], [ 113.8686541, 22.2645437 ] ] } },
{ "type": "Feature", "properties": { }, "geometry": { "type": "LineString", "coordinates": [ [ 113.869587, 22.2661291 ], [ 113.8695605, 22.2660066 ], [ 113.8695658, 22.2657517 ], [ 113.8691537, 22.265145 ], [ 113.8689224, 22.2648751 ] ] } },
{ "type": "Feature", "properties": { }, "geometry": { "type": "LineString", "coordinates": [ [ 113.8669642, 22.2619741 ], [ 113.8667681, 22.2617973 ], [ 113.8666701, 22.2617646 ], [ 113.8666509, 22.2617191 ], [ 113.8665742, 22.2616698 ] ] } },
{ "type": "Feature", "properties": { }, "geometry": { "type": "LineString", "coordinates": [ [ 113.9245528, 22.2889048 ], [ 113.9242135, 22.289367 ], [ 113.9241108, 22.2895717 ], [ 113.9240827, 22.2897615 ], [ 113.924198, 22.2899694 ], [ 113.9242034, 22.2900345 ], [ 113.924126, 22.2901347 ], [ 113.9239854, 22.2902104 ], [ 113.9237608, 22.2904639 ], [ 113.9236807, 22.2905091 ], [ 113.9233913, 22.2905805 ], [ 113.9230149, 22.2906219 ], [ 113.9228535, 22.2906823 ], [ 113.9225045, 22.2909925 ], [ 113.9218866, 22.2914057 ], [ 113.9216103, 22.2914767 ], [ 113.9210954, 22.2912404 ], [ 113.9205988, 22.2910621 ], [ 113.9200759, 22.2909277 ], [ 113.9196891, 22.2908822 ], [ 113.9195305, 22.290903 ], [ 113.9194039, 22.2909569 ], [ 113.9192952, 22.291081 ], [ 113.919242, 22.2912922 ], [ 113.919244, 22.2914578 ], [ 113.9189984, 22.2915364 ], [ 113.9186953, 22.291877 ], [ 113.9182351, 22.2920458 ], [ 113.9181307, 22.2921689 ], [ 113.9181369, 22.2923166 ], [ 113.9178468, 22.2922702 ], [ 113.9173887, 22.2923914 ] ] } },
{ "type": "Feature", "properties": { }, "geometry": { "type": "LineString", "coordinates": [ [ 113.9253765, 22.2852693 ], [ 113.9248893, 22.2855305 ], [ 113.9246378, 22.2857327 ], [ 113.9245468, 22.2858422 ], [ 113.9244614, 22.2860212 ], [ 113.9244477, 22.2862592 ], [ 113.9245445, 22.2866394 ], [ 113.9245103, 22.2870101 ], [ 113.9245297, 22.2870859 ], [ 113.9247311, 22.2873397 ] ] } },
{ "type": "Feature", "properties": { }, "geometry": { "type": "LineString", "coordinates": [ [ 113.9247311, 22.2873397 ], [ 113.9248201, 22.2874247 ], [ 113.9248389, 22.2875324 ], [ 113.9247724, 22.2877437 ], [ 113.924594, 22.2879754 ], [ 113.9245774, 22.2880595 ], [ 113.9246638, 22.2884584 ], [ 113.9245741, 22.2888835 ] ] } },
{ "type": "Feature", "properties": { }, "geometry": { "type": "LineString", "coordinates": [ [ 113.9173887, 22.2923914 ], [ 113.9168333, 22.2924547 ], [ 113.9167197, 22.2924898 ], [ 113.9165583, 22.2925912 ], [ 113.9161876, 22.2927055 ], [ 113.9143623, 22.2926907 ], [ 113.9141611, 22.2926428 ], [ 113.9136469, 22.2922077 ], [ 113.9133759, 22.2920583 ], [ 113.9131348, 22.2919956 ], [ 113.9129355, 22.2919993 ], [ 113.9126605, 22.2921413 ], [ 113.9125629, 22.2921579 ], [ 113.9123955, 22.2920786 ], [ 113.9122779, 22.2919127 ], [ 113.9122361, 22.2916158 ], [ 113.9121424, 22.2914499 ], [ 113.9118057, 22.2912655 ], [ 113.9116004, 22.2911936 ], [ 113.9114131, 22.2912341 ], [ 113.9112836, 22.2912083 ], [ 113.9112537, 22.291153 ], [ 113.9113314, 22.2909299 ], [ 113.9113314, 22.2907916 ], [ 113.9112995, 22.290705 ], [ 113.9110883, 22.2904708 ], [ 113.9107774, 22.2902256 ], [ 113.9104486, 22.2901002 ], [ 113.9100242, 22.2900633 ], [ 113.9097372, 22.2899564 ], [ 113.909536, 22.2899914 ], [ 113.9091235, 22.2902496 ], [ 113.9089222, 22.2903805 ], [ 113.9085974, 22.2906939 ] ] } },
{ "type": "Feature", "properties": { }, "geometry": { "type": "LineString", "coordinates": [ [ 113.9085974, 22.2906939 ], [ 113.9084855, 22.2909153 ], [ 113.9084269, 22.2911251 ], [ 113.9084307, 22.2912754 ], [ 113.908612100000013, 22.2916635 ], [ 113.908612100000013, 22.2917631 ], [ 113.9085478, 22.2919239 ], [ 113.908434500000013, 22.292062 ], [ 113.9082456, 22.2921442 ], [ 113.9080245, 22.29209 ], [ 113.9077997, 22.2921215 ], [ 113.907367, 22.2923715 ], [ 113.9071546, 22.2925428 ], [ 113.907005500000011, 22.2926245 ], [ 113.9068124, 22.2925241 ], [ 113.9067204, 22.2925258 ], [ 113.906461, 22.2926603 ], [ 113.9061704, 22.2926926 ], [ 113.9059901, 22.2926007 ], [ 113.9058438, 22.2924449 ], [ 113.9057951, 22.2924245 ], [ 113.9056313, 22.2924458 ], [ 113.9056635, 22.2926237 ], [ 113.9056185, 22.2926764 ], [ 113.905556800000014, 22.2926424 ], [ 113.9054998, 22.2925096 ], [ 113.9052303, 22.2926373 ], [ 113.9051245, 22.2927283 ], [ 113.9049636, 22.2929522 ], [ 113.9049838, 22.2931981 ], [ 113.9049599, 22.2932951 ], [ 113.9048725, 22.2933224 ], [ 113.9046416, 22.2932381 ], [ 113.9041809, 22.2929604 ], [ 113.9039343, 22.2928722 ], [ 113.9039002, 22.2927113 ], [ 113.9039168, 22.2925011 ], [ 113.9040042, 22.2922798 ], [ 113.904018900000011, 22.2918322 ], [ 113.9039931, 22.2916968 ], [ 113.9039122, 22.2915641 ], [ 113.9034376, 22.2912262 ], [ 113.9032672, 22.291036 ] ] } },
{ "type": "Feature", "properties": { }, "geometry": { "type": "LineString", "coordinates": [ [ 114.1919957, 22.3144774 ], [ 114.1921111, 22.3145568 ], [ 114.1921332, 22.3144543 ], [ 114.192157, 22.3144317 ], [ 114.1922228, 22.3144408 ], [ 114.1922532, 22.3144785 ], [ 114.1921692, 22.3145166 ], [ 114.1923764, 22.3145856 ], [ 114.1923674, 22.3146429 ], [ 114.1924513, 22.3146376 ], [ 114.1925828, 22.3146866 ], [ 114.1924957, 22.3147321 ], [ 114.19245, 22.3148379 ], [ 114.1926856, 22.3151409 ], [ 114.1937957, 22.3173753 ], [ 114.1939207, 22.3173054 ], [ 114.19390150000001, 22.3172722 ], [ 114.1939518, 22.3172617 ], [ 114.1939822, 22.3172039 ], [ 114.1940097, 22.317224 ], [ 114.1939713, 22.3172895 ], [ 114.1940193, 22.3172602 ], [ 114.1940556, 22.3173114 ], [ 114.1940111, 22.3173464 ], [ 114.1940896, 22.3173412 ], [ 114.1943607, 22.3171758 ], [ 114.1943689, 22.3171473 ], [ 114.1944089, 22.3171539 ], [ 114.1944041, 22.3171851 ], [ 114.1940996, 22.3173628 ], [ 114.194026, 22.3173676 ], [ 114.1938458, 22.3174761 ], [ 114.1940039, 22.3177948 ], [ 114.194192, 22.3177923 ], [ 114.1946015, 22.3176157 ], [ 114.1946684, 22.3176196 ], [ 114.1947184, 22.3176885 ], [ 114.1947187, 22.3177578 ], [ 114.1944856, 22.3178701 ] ] } },
{ "type": "Feature", "properties": { }, "geometry": { "type": "LineString", "coordinates": [ [ 114.2552257, 22.2057215 ], [ 114.2552355, 22.2056921 ], [ 114.2553322, 22.2056762 ] ] } },
{ "type": "Feature", "properties": { }, "geometry": { "type": "LineString", "coordinates": [ [ 114.2535833, 22.2064805 ], [ 114.2536549, 22.2065555 ], [ 114.2537805, 22.2065044 ], [ 114.2537691, 22.2064474 ], [ 114.2537946, 22.20642 ], [ 114.253878, 22.2064594 ], [ 114.253875, 22.2064054 ], [ 114.2539601, 22.2063959 ], [ 114.2541634, 22.2065397 ], [ 114.2541945, 22.2065243 ], [ 114.2541973, 22.2064484 ], [ 114.2542364, 22.2064514 ], [ 114.254268200000013, 22.2065304 ], [ 114.2542492, 22.206757 ], [ 114.2543015, 22.2068062 ], [ 114.254382, 22.2067962 ], [ 114.2545194, 22.2067289 ], [ 114.2543893, 22.2065684 ], [ 114.2543826, 22.2064951 ], [ 114.254705800000011, 22.2065305 ], [ 114.2547216, 22.2064885 ], [ 114.2545898, 22.2064424 ], [ 114.2545623, 22.2063803 ], [ 114.2548232, 22.2062847 ], [ 114.2550374, 22.2060593 ], [ 114.2551269, 22.206043799999989 ], [ 114.2552315, 22.2060817 ], [ 114.2554562, 22.2063151 ], [ 114.2553354, 22.2064603 ], [ 114.2554341, 22.2067425 ], [ 114.2554226, 22.2067747 ], [ 114.2553398, 22.2067947 ], [ 114.2553207, 22.2068496 ], [ 114.2554139, 22.2072836 ], [ 114.2553972, 22.2073463 ], [ 114.2552908, 22.2074396 ], [ 114.25531, 22.207625 ], [ 114.2554575, 22.2079168 ], [ 114.2556117, 22.2080993 ], [ 114.25592420000001, 22.2082496 ], [ 114.2561387, 22.2082412 ], [ 114.2566133, 22.2079075 ], [ 114.256699400000016, 22.2077492 ], [ 114.2566498, 22.2075064 ], [ 114.2567316, 22.207363 ], [ 114.2568436, 22.207268 ], [ 114.256828, 22.2071455 ], [ 114.2568764, 22.2071333 ], [ 114.2570091, 22.207228 ], [ 114.2570595, 22.2071563 ], [ 114.2569676, 22.207116 ], [ 114.2569659, 22.2070731 ], [ 114.2571263, 22.2070511 ] ] } },
{ "type": "Feature", "properties": { }, "geometry": { "type": "Polygon", "coordinates": [ [ [ 113.8983958, 22.2151391 ], [ 113.8983623, 22.2151689 ], [ 113.8982952, 22.2151441 ], [ 113.8983174, 22.2151112 ], [ 113.8983958, 22.2151391 ] ] ] } },
{ "type": "Feature", "properties": { }, "geometry": { "type": "LineString", "coordinates": [ [ 114.0008309, 22.2483842 ], [ 114.0010124, 22.2485466 ], [ 114.0012565, 22.2486794 ], [ 114.001632, 22.2488731 ], [ 114.0018406, 22.2489296 ], [ 114.0019425, 22.2489075 ], [ 114.0021135, 22.2487297 ], [ 114.0024508, 22.2485721 ], [ 114.0027733, 22.2484703 ], [ 114.002919500000019, 22.2484734 ] ] } },
{ "type": "Feature", "properties": { }, "geometry": { "type": "LineString", "coordinates": [ [ 114.000173600000011, 22.2467387 ], [ 114.000242, 22.2467592 ], [ 114.0004478, 22.2469913 ], [ 114.000641, 22.2473029 ], [ 114.0006906, 22.2475499 ], [ 114.0006852, 22.2478751 ], [ 114.0007147, 22.2480588 ], [ 114.0008309, 22.2483842 ] ] } },
{ "type": "Feature", "properties": { }, "geometry": { "type": "LineString", "coordinates": [ [ 113.9939398, 22.2427955 ], [ 113.9941205, 22.2429422 ], [ 113.9945564, 22.2431917 ], [ 113.9948139, 22.2432228 ], [ 113.9949802, 22.2431744 ], [ 113.9951438, 22.2431892 ], [ 113.9952765, 22.2432426 ], [ 113.9958776, 22.2437102 ], [ 113.9962327, 22.2439328 ], [ 113.9965385, 22.2440731 ], [ 113.9972419, 22.2442549 ], [ 113.9975155, 22.2445199 ], [ 113.9978893, 22.2447278 ] ] } },
{ "type": "Feature", "properties": { }, "geometry": { "type": "LineString", "coordinates": [ [ 114.0002152, 22.2170107 ], [ 114.0003405, 22.2168723 ], [ 114.0004398, 22.2164669 ], [ 114.0004425, 22.2162248 ], [ 114.0003667, 22.2159107 ], [ 114.0003473, 22.2156221 ], [ 114.00047, 22.2154091 ], [ 114.0005073, 22.2149165 ], [ 114.0005444, 22.2148082 ], [ 114.00066510000002, 22.2147393 ], [ 114.0008166, 22.2147387 ], [ 114.0011559, 22.2148238 ], [ 114.0013779, 22.2149249 ], [ 114.0022053, 22.2150609 ] ] } },
{ "type": "Feature", "properties": { }, "geometry": { "type": "LineString", "coordinates": [ [ 113.9875429, 22.2123681 ], [ 113.9877308, 22.2124828 ], [ 113.9885844, 22.2125113 ], [ 113.9888775, 22.2125703 ], [ 113.989053, 22.2125807 ], [ 113.9891127, 22.21247 ], [ 113.9891786, 22.2125236 ], [ 113.9892465, 22.2124678 ], [ 113.9893145, 22.2124645 ], [ 113.9893636, 22.2125001 ], [ 113.989469, 22.2124745 ], [ 113.9896123, 22.212506 ] ] } },
{ "type": "Feature", "properties": { }, "geometry": { "type": "LineString", "coordinates": [ [ 113.9826163, 22.2199863 ], [ 113.9823541, 22.2194957 ], [ 113.9820465, 22.2190376 ], [ 113.9817448, 22.2186763 ], [ 113.9815208, 22.2185583 ], [ 113.9810595, 22.2184528 ], [ 113.9807725, 22.218423 ], [ 113.9806786, 22.218387 ], [ 113.9805995, 22.2182951 ], [ 113.9804037, 22.2178308 ], [ 113.980414400000015, 22.2175713 ], [ 113.9804547, 22.2173491 ], [ 113.980511, 22.2172361 ], [ 113.9808335, 22.2169437 ], [ 113.9809965, 22.2168512 ], [ 113.9811031, 22.2168382 ], [ 113.9812432, 22.216899 ], [ 113.9813653, 22.2169065 ], [ 113.9814149, 22.2168692 ], [ 113.9815916, 22.2164552 ], [ 113.9817857, 22.216342499999989 ], [ 113.9820177, 22.2162602 ], [ 113.9829464, 22.2161969 ], [ 113.9830966, 22.2161646 ], [ 113.98353520000002, 22.2157537 ], [ 113.9836431, 22.2155501 ], [ 113.9837813, 22.2154563 ], [ 113.984018600000013, 22.2154396 ], [ 113.9844833, 22.2155271 ], [ 113.9848655, 22.2155054 ], [ 113.98569, 22.2155601 ], [ 113.98602990000002, 22.2154244 ], [ 113.9861007, 22.2152496 ], [ 113.9861302, 22.214758 ], [ 113.9861704, 22.214645 ], [ 113.9863005, 22.214527 ], [ 113.9864776, 22.2145109 ], [ 113.9866988, 22.2144054 ], [ 113.9868236, 22.2142713 ], [ 113.9868745, 22.2141272 ], [ 113.9869925, 22.2133637 ], [ 113.9869496, 22.2127739 ], [ 113.9869845, 22.2124933 ], [ 113.9870234, 22.2124126 ], [ 113.9871146, 22.212322 ], [ 113.9872098, 22.212291 ], [ 113.9874546, 22.2123276 ], [ 113.9875429, 22.2123681 ] ] } },
{ "type": "Feature", "properties": { }, "geometry": { "type": "LineString", "coordinates": [ [ 113.9829585, 22.2247571 ], [ 113.9830665, 22.2246311 ], [ 113.983153, 22.2243735 ], [ 113.9834044, 22.2239192 ], [ 113.9837217, 22.2234798 ], [ 113.9840636, 22.2229098 ], [ 113.9841373, 22.2226031 ], [ 113.9841145, 22.2224821 ], [ 113.9840293, 22.2224097 ], [ 113.9837967, 22.2218253 ], [ 113.983595500000021, 22.2214771 ], [ 113.9834923, 22.2213728 ], [ 113.9832294, 22.2212114 ], [ 113.9830175, 22.221019 ], [ 113.9827989, 22.2207111 ], [ 113.9826163, 22.2199863 ] ] } },
{ "type": "Feature", "properties": { }, "geometry": { "type": "LineString", "coordinates": [ [ 113.9820909, 22.2354332 ], [ 113.9818152, 22.2352881 ], [ 113.9813706, 22.2352012 ], [ 113.9812151, 22.2351106 ], [ 113.9805465, 22.2345482 ], [ 113.9801683, 22.2343676 ], [ 113.9798686, 22.2341013 ], [ 113.9795414, 22.233508 ], [ 113.9792812, 22.2331182 ], [ 113.9792664, 22.232824 ], [ 113.9793429, 22.2324006 ], [ 113.9791873, 22.2321101 ], [ 113.9790867, 22.2315366 ], [ 113.978844, 22.2310723 ], [ 113.9786079, 22.2303449 ], [ 113.978337, 22.229888 ], [ 113.9777617, 22.2287496 ], [ 113.9776973, 22.228546 ], [ 113.9777054, 22.2284691 ], [ 113.9777604, 22.2283971 ], [ 113.9781292, 22.228155 ], [ 113.9784832, 22.2280855 ], [ 113.9787394, 22.2279799 ], [ 113.9789908, 22.2280569 ], [ 113.9790968, 22.2280265 ], [ 113.9792021, 22.227939 ], [ 113.9792517, 22.227826 ], [ 113.9794153, 22.2276758 ], [ 113.98011, 22.2273083 ], [ 113.980497600000021, 22.2269408 ], [ 113.9809844, 22.2263785 ], [ 113.9813557, 22.2258807 ], [ 113.9818554, 22.2254393 ], [ 113.9821947, 22.2250191 ], [ 113.9823295, 22.2249601 ], [ 113.9825622, 22.2249713 ], [ 113.9826943, 22.2249433 ], [ 113.9829585, 22.2247571 ] ] } },
{ "type": "Feature", "properties": { }, "geometry": { "type": "Polygon", "coordinates": [ [ [ 113.9032508, 22.2109705 ], [ 113.9032753, 22.2109367 ], [ 113.9033581, 22.2109173 ], [ 113.9033412, 22.2108563 ], [ 113.9033819, 22.2107148 ], [ 113.9034408, 22.2106369 ], [ 113.9035109, 22.2106135 ], [ 113.9035389, 22.2105564 ], [ 113.903752, 22.2104941 ], [ 113.9037941, 22.2105305 ], [ 113.9038852, 22.210524 ], [ 113.903916, 22.2104552 ], [ 113.9039567, 22.2104448 ], [ 113.9039721, 22.2104876 ], [ 113.9038838, 22.2105577 ], [ 113.9038852, 22.2106395 ], [ 113.9039174, 22.210646 ], [ 113.9039959, 22.2105928 ], [ 113.9040072, 22.2106681 ], [ 113.9039539, 22.2106551 ], [ 113.9038838, 22.2107355 ], [ 113.9037646, 22.2107563 ], [ 113.903738, 22.2107927 ], [ 113.9037548, 22.2108459 ], [ 113.9036469, 22.2108485 ], [ 113.903574, 22.2109393 ], [ 113.9035171, 22.2108353 ], [ 113.9034352, 22.2107978 ], [ 113.9033875, 22.2109679 ], [ 113.9032683, 22.2109899 ], [ 113.9032508, 22.2109705 ] ] ] } },
{ "type": "Feature", "properties": { }, "geometry": { "type": "LineString", "coordinates": [ [ 113.8977417, 22.2194694 ], [ 113.8972283, 22.2190983 ], [ 113.8971394, 22.218996 ], [ 113.8968482, 22.2183454 ], [ 113.8968549, 22.2181976 ], [ 113.8969179, 22.218048 ], [ 113.897044, 22.2178761 ], [ 113.8975503, 22.2175775 ], [ 113.897675, 22.2174757 ], [ 113.8978299, 22.2171504 ], [ 113.8981947, 22.2167693 ], [ 113.8982879, 22.2162621 ], [ 113.8982253, 22.2161619 ], [ 113.898031, 22.2160771 ], [ 113.89797, 22.2159827 ], [ 113.8979901, 22.215876 ], [ 113.8980666, 22.2158071 ], [ 113.898257, 22.2158344 ], [ 113.898316, 22.2158114 ], [ 113.89833950000002, 22.2156779 ], [ 113.8982946, 22.2155861 ], [ 113.8980924, 22.2154638 ], [ 113.8980786, 22.2153781 ], [ 113.89819, 22.2153384 ], [ 113.89837, 22.2153499 ], [ 113.8984656, 22.2152651 ], [ 113.8984957, 22.215118 ], [ 113.8986111, 22.214843 ], [ 113.8985685, 22.2146388 ], [ 113.8986151, 22.2145196 ], [ 113.8987103, 22.2144556 ], [ 113.8989101, 22.2144463 ], [ 113.8990717, 22.214365 ], [ 113.8992434, 22.2143762 ], [ 113.8994949, 22.2142756 ], [ 113.8995633, 22.2142253 ], [ 113.8997369, 22.2139137 ], [ 113.8999743, 22.2137132 ], [ 113.9000259, 22.2135183 ], [ 113.9000742, 22.2134748 ], [ 113.900207, 22.2134878 ], [ 113.900417500000017, 22.2137399 ], [ 113.9006147, 22.2137995 ], [ 113.9008936, 22.2138218 ], [ 113.9011498, 22.2137808 ], [ 113.9012705, 22.2137237 ], [ 113.9013375, 22.2136654 ], [ 113.901526600000011, 22.2133562 ], [ 113.9018834, 22.2132134 ], [ 113.9019974, 22.213052 ], [ 113.9019705, 22.2127789 ], [ 113.9018693, 22.212425 ], [ 113.9018854, 22.2123276 ], [ 113.901959800000014, 22.2122996 ], [ 113.9020456, 22.2123462 ], [ 113.9020966, 22.2126131 ], [ 113.902167, 22.2126839 ], [ 113.902273, 22.2126976 ], [ 113.9027578, 22.2125653 ], [ 113.903022, 22.2124126 ], [ 113.9031574, 22.2122698 ], [ 113.903232500000016, 22.2121531 ], [ 113.903254, 22.211993 ], [ 113.9029925, 22.2117658 ], [ 113.9029509, 22.2116987 ], [ 113.9029562, 22.2115746 ], [ 113.90314, 22.2113399 ], [ 113.9033948, 22.2111375 ], [ 113.9035141, 22.2109836 ], [ 113.903598, 22.2109656 ], [ 113.9036979, 22.2110028 ], [ 113.9038706, 22.2111231 ], [ 113.9041867, 22.2112766 ], [ 113.9043678, 22.2114088 ], [ 113.9045475, 22.211451 ], [ 113.9047681, 22.2114088 ], [ 113.9049055, 22.2113027 ], [ 113.9051181, 22.2110494 ], [ 113.9052629, 22.2107843 ], [ 113.9053702, 22.2107408 ], [ 113.9058805, 22.2106812 ], [ 113.9061508, 22.2105173 ], [ 113.9062943, 22.2103373 ], [ 113.9063559, 22.2101498 ], [ 113.9067221, 22.2096613 ], [ 113.90682, 22.2093794 ], [ 113.9068373, 22.2091361 ], [ 113.9069769, 22.2088827 ], [ 113.9072238, 22.2086226 ], [ 113.9072693, 22.2085388 ], [ 113.9077447, 22.2084675 ], [ 113.9080974, 22.2082253 ], [ 113.908263, 22.2080534 ], [ 113.908431300000018, 22.2076896 ], [ 113.9086331, 22.2074686 ], [ 113.9087693, 22.2074599 ], [ 113.9088806, 22.2076201 ], [ 113.9089242, 22.2076393 ], [ 113.9090905, 22.2076213 ], [ 113.909364, 22.2074785 ], [ 113.909795200000019, 22.2073221 ], [ 113.9102653, 22.2070557 ], [ 113.9103551, 22.2069241 ], [ 113.9106897, 22.2069483 ], [ 113.9110545, 22.2068521 ], [ 113.9111866, 22.2067056 ], [ 113.9114501, 22.2065262 ] ] } },
{ "type": "Feature", "properties": { }, "geometry": { "type": "LineString", "coordinates": [ [ 113.9252976, 22.2263933 ], [ 113.9253999, 22.2262829 ], [ 113.9257483, 22.2262506 ], [ 113.9260212, 22.2260867 ], [ 113.926047400000016, 22.2258695 ], [ 113.9264967, 22.2253617 ], [ 113.926779600000017, 22.2249346 ], [ 113.9269124, 22.2248142 ], [ 113.92719790000001, 22.2246607 ], [ 113.9276855, 22.2245557 ], [ 113.927712700000015, 22.2244898 ], [ 113.9276367, 22.2243677 ], [ 113.9276529, 22.2243152 ], [ 113.9279299, 22.2241077 ], [ 113.9279954, 22.2240845 ], [ 113.9281264, 22.2240934 ] ] } },
{ "type": "Feature", "properties": { }, "geometry": { "type": "LineString", "coordinates": [ [ 113.9200798, 22.2178582 ], [ 113.9198069, 22.2179189 ], [ 113.9193958, 22.2179164 ], [ 113.9191112, 22.2179863 ], [ 113.9190353, 22.2180461 ], [ 113.9189704, 22.2182486 ], [ 113.9188906, 22.2183628 ], [ 113.9188738, 22.2185943 ], [ 113.9190126, 22.2189742 ], [ 113.9190301, 22.2191058 ], [ 113.9190006, 22.2193281 ], [ 113.9189697, 22.2194733 ], [ 113.9186524, 22.2199174 ], [ 113.9186318, 22.2200946 ], [ 113.9186364, 22.2202219 ], [ 113.918733, 22.2204851 ], [ 113.9188269, 22.2208775 ], [ 113.9188725, 22.2209408 ], [ 113.9189503, 22.2209817 ], [ 113.9194344, 22.221170499999989 ], [ 113.9197227, 22.2213666 ], [ 113.9200127, 22.221469 ], [ 113.920341, 22.2216385 ], [ 113.9207787, 22.2216465 ], [ 113.921429300000014, 22.2215528 ], [ 113.9214722, 22.2216224 ], [ 113.921666, 22.2223561 ], [ 113.9220207, 22.2228887 ], [ 113.9221407, 22.2231345 ], [ 113.9224765, 22.2239108 ], [ 113.9226986, 22.2243356 ], [ 113.9227248, 22.2246379 ], [ 113.9228261, 22.2249042 ], [ 113.9230239, 22.2253207 ], [ 113.9232451, 22.2256454 ], [ 113.9235435, 22.2259986 ], [ 113.9237192, 22.2261153 ], [ 113.9238607, 22.2261593 ], [ 113.9241886, 22.2261867 ], [ 113.9243744, 22.2263331 ], [ 113.92478, 22.226461 ], [ 113.9251287, 22.2264697 ], [ 113.9252976, 22.2263933 ] ] } },
{ "type": "Feature", "properties": { }, "geometry": { "type": "LineString", "coordinates": [ [ 113.9259955, 22.218819 ], [ 113.92585290000001, 22.2185012 ], [ 113.9255445, 22.2182846 ], [ 113.925045600000018, 22.2178239 ], [ 113.9248766, 22.2177786 ], [ 113.9246432, 22.2178351 ], [ 113.9246097, 22.2178177 ], [ 113.924552100000014, 22.2175831 ], [ 113.9244837, 22.2174782 ], [ 113.9241685, 22.21731 ], [ 113.9238688, 22.2173919 ], [ 113.92364950000001, 22.2172032 ], [ 113.92358440000001, 22.2171839 ], [ 113.923509300000021, 22.2171815 ], [ 113.9231265, 22.2172994 ], [ 113.9230507, 22.2173 ], [ 113.9228582, 22.2172597 ], [ 113.9225256, 22.2170753 ], [ 113.9223567, 22.2170337 ], [ 113.9222889, 22.2170461 ], [ 113.9221119, 22.2171939 ], [ 113.921949, 22.2174583 ], [ 113.9218839, 22.217462 ], [ 113.9216667, 22.2173472 ], [ 113.9214943, 22.2173261 ], [ 113.9211483, 22.2174391 ], [ 113.9207031, 22.2176923 ], [ 113.920453600000016, 22.2177867 ], [ 113.9200798, 22.2178582 ] ] } },
{ "type": "Feature", "properties": { }, "geometry": { "type": "LineString", "coordinates": [ [ 114.0114587, 22.3267429 ], [ 114.0113959, 22.3266708 ], [ 114.0111773, 22.3267024 ], [ 114.0111351, 22.3266739 ], [ 114.011465, 22.3263647 ], [ 114.0115334, 22.3262192 ], [ 114.0115897, 22.3257478 ], [ 114.0115334, 22.3255791 ], [ 114.0114637, 22.3255059 ], [ 114.0113416, 22.3254252 ], [ 114.0110278, 22.3253198 ], [ 114.0105823, 22.3252487 ], [ 114.0105725, 22.3251952 ], [ 114.0104745, 22.3252542 ], [ 114.0091491, 22.3251514 ], [ 114.0089424, 22.3251039 ], [ 114.0085411, 22.3249481 ], [ 114.0085289, 22.3248897 ], [ 114.008493, 22.324875 ], [ 114.008444, 22.3249048 ], [ 114.0083295, 22.3247789 ], [ 114.0080693, 22.3241127 ], [ 114.0079795, 22.3239948 ], [ 114.0075562, 22.3237877 ], [ 114.0048743, 22.3226251 ], [ 114.004871, 22.3225419 ], [ 114.0048377, 22.3225263 ], [ 114.0047722, 22.3225728 ], [ 114.00374290000002, 22.3221079 ], [ 114.0033286, 22.3220453 ], [ 114.0030196, 22.3217253 ], [ 114.0030102, 22.3215255 ], [ 114.0029475, 22.3214917 ], [ 114.0028712, 22.3215356 ], [ 114.0027878, 22.3214169 ], [ 114.0021537, 22.3211427 ], [ 114.0021707, 22.3203914 ], [ 114.0018986, 22.320271 ], [ 114.0018976, 22.321018 ], [ 114.0012927, 22.3208735 ], [ 114.0006101, 22.3207749 ], [ 114.0003473, 22.3207736 ], [ 114.0002011, 22.3208102 ] ] } },
{ "type": "Feature", "properties": { }, "geometry": { "type": "LineString", "coordinates": [ [ 114.0206999, 22.3258775 ], [ 114.0207589, 22.3259462 ], [ 114.020800400000013, 22.3259475 ], [ 114.0208387, 22.3260871 ], [ 114.0206636, 22.3265988 ], [ 114.0206811, 22.3266968 ], [ 114.0207817, 22.3268482 ], [ 114.0211934, 22.3271261 ], [ 114.0216453, 22.3273667 ], [ 114.0218009, 22.3275541 ], [ 114.0218666, 22.327827 ], [ 114.022176, 22.3283956 ], [ 114.0224218, 22.3286073 ], [ 114.0227383, 22.328781 ], [ 114.022737, 22.3288554 ], [ 114.0225761, 22.3290967 ], [ 114.0224916, 22.3293919 ], [ 114.0225251, 22.329494 ], [ 114.02274580000001, 22.329783 ], [ 114.022827, 22.3299878 ], [ 114.0229707, 22.3306801 ], [ 114.022961, 22.3309097 ], [ 114.023046800000017, 22.3311864 ], [ 114.0231273, 22.331231 ], [ 114.0234317, 22.331298 ], [ 114.0240318, 22.3317198 ], [ 114.0240962, 22.3317905 ], [ 114.0241517, 22.331997 ], [ 114.0242967, 22.3321533 ], [ 114.0243269, 22.3322582 ], [ 114.024243900000016, 22.3326312 ], [ 114.0240546, 22.3327476 ], [ 114.0239514, 22.332724 ], [ 114.0237859, 22.3326309 ], [ 114.0232587, 22.332221 ], [ 114.0231393, 22.3322023 ], [ 114.0229601, 22.33224 ], [ 114.0224768, 22.3323909 ], [ 114.0224145, 22.3323735 ], [ 114.0223306, 22.3321788 ], [ 114.0221543, 22.3321549 ], [ 114.0218049, 22.3320361 ], [ 114.0216064, 22.3320113 ], [ 114.0213382, 22.3320386 ], [ 114.0208896, 22.3322309 ], [ 114.0206811, 22.3324021 ], [ 114.0205295, 22.3326905 ], [ 114.0205282, 22.3329913 ], [ 114.020298900000014, 22.3332791 ], [ 114.0202036, 22.3334764 ], [ 114.0201393, 22.3337108 ], [ 114.0200762, 22.3337716 ], [ 114.0200239, 22.3337666 ], [ 114.019926, 22.3336724 ], [ 114.01912, 22.3325658 ], [ 114.018715, 22.3322197 ], [ 114.0185916, 22.3320237 ], [ 114.0185031, 22.3317768 ], [ 114.0184334, 22.3311715 ], [ 114.0179265, 22.3302696 ], [ 114.0178142, 22.3301579 ], [ 114.0175469, 22.3299775 ], [ 114.0171352, 22.3295538 ], [ 114.0167543, 22.3292859 ], [ 114.0164231, 22.3291506 ], [ 114.0161267, 22.3290824 ], [ 114.015881300000018, 22.3290353 ], [ 114.0150994, 22.3291891 ], [ 114.0147306, 22.3291879 ], [ 114.0139507, 22.3290222 ], [ 114.0136752, 22.3290148 ], [ 114.0135947, 22.328856 ], [ 114.0135182, 22.3288064 ], [ 114.0130998, 22.328745 ], [ 114.0120564, 22.3284535 ], [ 114.0111901, 22.3279585 ], [ 114.0111096, 22.3278654 ], [ 114.0110627, 22.3277501 ], [ 114.0110654, 22.3276384 ], [ 114.0113543, 22.3269616 ], [ 114.0114463, 22.3268321 ], [ 114.0114587, 22.3267429 ] ] } },
{ "type": "Feature", "properties": { }, "geometry": { "type": "LineString", "coordinates": [ [ 114.1127687, 22.2372731 ], [ 114.1123939, 22.2371588 ], [ 114.1120197, 22.2371613 ], [ 114.111616, 22.2370881 ], [ 114.111393400000011, 22.237 ], [ 114.1111942, 22.2369708 ], [ 114.1109864, 22.23681 ], [ 114.1108704, 22.2367629 ], [ 114.1100986, 22.2366126 ], [ 114.110022, 22.2366231 ], [ 114.1100078, 22.2366947 ], [ 114.1099028, 22.2366791 ], [ 114.1099021, 22.2364705 ], [ 114.1098203, 22.2362167 ], [ 114.1097613, 22.2361782 ], [ 114.1094904, 22.2361819 ], [ 114.1093817, 22.2361434 ], [ 114.1093267, 22.2359262 ], [ 114.1091001, 22.2357338 ], [ 114.1089244, 22.2354731 ], [ 114.1086575, 22.2354185 ], [ 114.1084148, 22.2354185 ], [ 114.1082793, 22.2354842 ], [ 114.1082109, 22.2357251 ], [ 114.1080782, 22.2357636 ], [ 114.107835400000013, 22.2357424 ], [ 114.1077402, 22.2356953 ], [ 114.107582, 22.2353973 ], [ 114.1072521, 22.2352993 ], [ 114.1071206, 22.2349939 ], [ 114.1070229, 22.2349033 ], [ 114.1066231, 22.2347047 ], [ 114.1062543, 22.2344551 ], [ 114.1058855, 22.2342652 ], [ 114.1057876, 22.2341498 ], [ 114.1057903, 22.2338034 ], [ 114.1057654, 22.233562 ], [ 114.1057319, 22.2335266 ], [ 114.1057849, 22.2333106 ], [ 114.105919, 22.2331281 ], [ 114.1062945, 22.2327867 ], [ 114.1069624, 22.2323809 ], [ 114.1070335, 22.2322852 ], [ 114.1070911, 22.2322604 ], [ 114.1071327, 22.2322777 ], [ 114.1071555, 22.2324515 ], [ 114.1072306, 22.2325186 ], [ 114.107313800000014, 22.2325235 ], [ 114.1074908, 22.2324528 ], [ 114.107596, 22.2323473 ], [ 114.1076906, 22.2320381 ], [ 114.1078585, 22.2318943 ], [ 114.1080075, 22.2319228 ], [ 114.1083236, 22.2318706 ], [ 114.1089244, 22.2316781 ], [ 114.1093375, 22.231477 ], [ 114.1097519, 22.2314137 ], [ 114.1098967, 22.2313492 ], [ 114.1099718, 22.2312921 ], [ 114.1101484, 22.2309833 ], [ 114.1102481, 22.2303951 ], [ 114.1102736, 22.2300109 ], [ 114.110233300000019, 22.2298024 ], [ 114.1101837, 22.2297179 ], [ 114.1100704, 22.229649 ], [ 114.1099839, 22.2296317 ], [ 114.109717700000019, 22.2296472 ], [ 114.109711, 22.2295944 ], [ 114.1098686, 22.2295615 ], [ 114.1098659, 22.2293964 ], [ 114.1096915, 22.2292723 ], [ 114.1092476, 22.2291369 ], [ 114.1091175, 22.2290687 ], [ 114.1089982, 22.228839 ], [ 114.1089105, 22.2283319 ], [ 114.1087836, 22.2281885 ], [ 114.1083102, 22.228191 ], [ 114.1082324, 22.2281177 ], [ 114.1082163, 22.2280532 ], [ 114.1082512, 22.2279477 ], [ 114.1083826, 22.2277937 ], [ 114.1085315, 22.2275094 ], [ 114.1086388, 22.227461 ], [ 114.1088252, 22.2274325 ], [ 114.1089137, 22.2274635 ], [ 114.108958, 22.227529 ], [ 114.1089727, 22.2279203 ], [ 114.1090049, 22.2279427 ], [ 114.1091363, 22.2279402 ], [ 114.1093107, 22.2273741 ], [ 114.1096178, 22.2268688 ], [ 114.108356200000017, 22.2261759 ], [ 114.1084514, 22.2260232 ], [ 114.1089272, 22.2262775 ], [ 114.1090053, 22.2264306 ], [ 114.109982500000015, 22.226988 ], [ 114.1101676, 22.2269433 ], [ 114.1101569, 22.226844 ], [ 114.11035, 22.2268068 ], [ 114.1104533, 22.2268477 ], [ 114.1108, 22.2268695 ], [ 114.1111838, 22.2267695 ], [ 114.1113894, 22.2264646 ], [ 114.1114023, 22.2260134 ], [ 114.1112759, 22.2256283 ], [ 114.1112799, 22.2253891 ], [ 114.1113129, 22.2253858 ], [ 114.1112759, 22.2252659 ], [ 114.1110494, 22.2250594 ], [ 114.1108392, 22.2251223 ], [ 114.1106428, 22.2250975 ], [ 114.1103606, 22.2252671 ], [ 114.1103143, 22.225201 ], [ 114.1105604, 22.2250496 ], [ 114.1103581, 22.2247981 ], [ 114.1094045, 22.2250129 ], [ 114.1090827, 22.2248353 ], [ 114.1088465, 22.2248846 ], [ 114.108830800000021, 22.2249506 ], [ 114.1087777, 22.2249971 ], [ 114.1087057, 22.225008 ], [ 114.1086394, 22.2249795 ], [ 114.1086019, 22.2249216 ], [ 114.1086059, 22.2248541 ], [ 114.108683, 22.2247848 ], [ 114.1087897, 22.224797 ], [ 114.1088368, 22.2248486 ], [ 114.1090465, 22.2247954 ], [ 114.1080742, 22.2242854 ], [ 114.1075163, 22.2240768 ], [ 114.107358, 22.2239502 ], [ 114.1070348, 22.2234399 ], [ 114.1067719, 22.2232015 ], [ 114.1066026, 22.2231055 ], [ 114.1061175, 22.2229781 ], [ 114.1060638, 22.2229334 ], [ 114.1060719, 22.222772 ], [ 114.1060236, 22.2227558 ], [ 114.1058788, 22.2228192 ], [ 114.1057929, 22.2227968 ], [ 114.1055395, 22.2224927 ], [ 114.1055381, 22.2224144 ], [ 114.1056588, 22.2222729 ], [ 114.1056575, 22.2221674 ], [ 114.1056173, 22.222073 ], [ 114.105467, 22.2218272 ], [ 114.1049896, 22.2213691 ], [ 114.1048877, 22.2213542 ], [ 114.1045819, 22.2214368 ], [ 114.1038926, 22.2215497 ], [ 114.1038886, 22.2214858 ], [ 114.104566, 22.2213997 ], [ 114.1048347, 22.2212772 ], [ 114.1044679, 22.2204256 ], [ 114.1044706, 22.2202269 ], [ 114.1045569, 22.2199924 ], [ 114.1045699, 22.219816 ], [ 114.1044559, 22.2194137 ], [ 114.104417, 22.2193876 ], [ 114.1042185, 22.2194497 ], [ 114.103556, 22.2198967 ], [ 114.1033119, 22.2205038 ], [ 114.103286400000016, 22.2205 ], [ 114.1031764, 22.2207856 ], [ 114.1031805, 22.2208402 ], [ 114.1031483, 22.2208427 ], [ 114.1031121, 22.2210178 ], [ 114.1031308, 22.2211568 ], [ 114.1034506, 22.2217759 ], [ 114.1035127, 22.2218682 ], [ 114.1036512, 22.2219774 ], [ 114.103623, 22.2220047 ], [ 114.1035479, 22.2219576 ], [ 114.1034326, 22.2218309 ], [ 114.1031235, 22.2212235 ], [ 114.1030809, 22.2210734 ], [ 114.1030785, 22.220942 ], [ 114.1031228, 22.2207794 ], [ 114.1033173, 22.2202803 ], [ 114.1032127, 22.220109 ], [ 114.1032153, 22.2199792 ], [ 114.1033891, 22.2197152 ], [ 114.1030611, 22.2194522 ], [ 114.102976600000019, 22.2194472 ], [ 114.1029739, 22.2194174 ], [ 114.10311560000001, 22.2192671 ], [ 114.1031, 22.2191282 ], [ 114.102636, 22.2192709 ], [ 114.1024238, 22.2187385 ], [ 114.102876, 22.2185087 ], [ 114.1027538, 22.2183941 ], [ 114.1028824, 22.2182129 ], [ 114.1031445, 22.2181727 ], [ 114.1031402, 22.2178482 ], [ 114.1029847, 22.2178482 ], [ 114.1029937, 22.2171514 ], [ 114.1031585, 22.2171491 ], [ 114.1031226, 22.2167443 ], [ 114.1032341, 22.216388 ], [ 114.1033307, 22.216326 ], [ 114.1035908, 22.2162938 ], [ 114.1040093, 22.2163211 ], [ 114.104016, 22.2159871 ], [ 114.1035238, 22.2159635 ], [ 114.103402, 22.2159338 ], [ 114.1032368, 22.215822 ], [ 114.1031912, 22.2156829 ], [ 114.1031394, 22.2145363 ], [ 114.1031483, 22.2124052 ], [ 114.1032073, 22.2115857 ], [ 114.1033307, 22.2114392 ], [ 114.103464800000012, 22.2113523 ], [ 114.1036847, 22.2112927 ], [ 114.1049695, 22.211248 ], [ 114.1076611, 22.2113511 ], [ 114.107767, 22.211397 ], [ 114.1078395, 22.2114665 ], [ 114.1078931, 22.2115808 ], [ 114.1079079, 22.2140416 ], [ 114.1078502, 22.2142986 ], [ 114.1076712, 22.2146189 ], [ 114.1075167, 22.214792 ], [ 114.1073329, 22.2149214 ], [ 114.107121, 22.2150202 ], [ 114.1068401, 22.2150901 ], [ 114.1051385, 22.2151031 ], [ 114.1051224, 22.2158456 ], [ 114.1050647, 22.2159176 ], [ 114.1049735, 22.2159635 ], [ 114.1048434, 22.2159846 ], [ 114.1048354, 22.2162987 ], [ 114.1098356, 22.2163099 ], [ 114.1098645, 22.214419 ], [ 114.1099461, 22.2141302 ], [ 114.1100737, 22.2139323 ], [ 114.1102262, 22.2137763 ], [ 114.1104225, 22.2136691 ], [ 114.1106665, 22.2136194 ], [ 114.1111386, 22.2135822 ], [ 114.1116858, 22.213612 ], [ 114.1122329, 22.2137957 ], [ 114.112817600000014, 22.2141235 ], [ 114.1132575, 22.2144612 ], [ 114.1133863, 22.2146624 ], [ 114.1134506, 22.215082 ], [ 114.113448, 22.2179425 ], [ 114.1133755, 22.2200183 ], [ 114.1134453, 22.2201052 ], [ 114.1137725, 22.2201574 ], [ 114.1139951, 22.2202443 ], [ 114.1141105, 22.2202542 ], [ 114.1145081, 22.2201723 ], [ 114.115683600000011, 22.2201102 ], [ 114.1165674, 22.2199848 ], [ 114.1166867, 22.2199308 ], [ 114.1169348, 22.2197353 ], [ 114.1172862, 22.2196608 ], [ 114.1175035, 22.2194919 ], [ 114.1178521, 22.2191195 ], [ 114.1180775, 22.2185335 ], [ 114.1181552, 22.2184913 ], [ 114.1182223, 22.2184938 ], [ 114.1185629, 22.2187123 ], [ 114.1187319, 22.2187793 ], [ 114.1190021, 22.2187818 ], [ 114.119230800000011, 22.2187458 ], [ 114.1195822, 22.2186018 ], [ 114.1198558, 22.2182765 ], [ 114.1199282, 22.2179524 ], [ 114.120132, 22.2173515 ], [ 114.1203976, 22.216696 ], [ 114.120588, 22.215663 ], [ 114.1208053, 22.2149678 ], [ 114.1209045, 22.2147617 ], [ 114.1211781, 22.2144538 ], [ 114.121213, 22.2143731 ], [ 114.121179400000017, 22.2140292 ], [ 114.1210815, 22.2137635 ], [ 114.1207945, 22.2135623 ], [ 114.1206229, 22.2133935 ], [ 114.1205183, 22.2131923 ], [ 114.1205129, 22.2130185 ], [ 114.1206658, 22.2127628 ], [ 114.1210386, 22.2125244 ], [ 114.1212773, 22.212281 ], [ 114.1216871, 22.2115818 ], [ 114.1217816, 22.2113411 ], [ 114.1218232, 22.2110519 ], [ 114.1218191, 22.2107613 ], [ 114.121760100000017, 22.2105217 ], [ 114.1216944, 22.2103528 ], [ 114.1216072, 22.2102597 ], [ 114.121504, 22.2101691 ], [ 114.1213189, 22.2101219 ], [ 114.12086960000002, 22.2101927 ], [ 114.1208254, 22.2101616 ], [ 114.1208026, 22.2100909 ], [ 114.1208187, 22.20985 ], [ 114.1210359, 22.2095172 ], [ 114.1212116, 22.2090789 ], [ 114.1212505, 22.2088505 ], [ 114.1212518, 22.208591 ], [ 114.1212076, 22.2083936 ], [ 114.1211244, 22.2082073 ], [ 114.1209662, 22.2080546 ], [ 114.1208448, 22.2080254 ], [ 114.1206712, 22.2080397 ], [ 114.1204378, 22.2079901 ], [ 114.1198933, 22.207779 ], [ 114.1196626, 22.2075456 ], [ 114.1196063, 22.2074686 ], [ 114.1196036, 22.2073866 ], [ 114.1197297, 22.207116 ], [ 114.1196921, 22.2067981 ], [ 114.1197351, 22.2066938 ], [ 114.1201347, 22.2061388 ], [ 114.1202916, 22.2059985 ], [ 114.1207811, 22.2056992 ], [ 114.1214825, 22.2053938 ], [ 114.121846, 22.2053007 ], [ 114.1220123, 22.2052088 ], [ 114.12215710000001, 22.2050921 ], [ 114.1223073, 22.2048835 ], [ 114.1224535, 22.2045843 ], [ 114.1225246, 22.2043446 ], [ 114.1225491, 22.2041022 ], [ 114.1225071, 22.2038989 ], [ 114.122425, 22.2037592 ], [ 114.1222563, 22.2036605 ], [ 114.121732, 22.2036617 ], [ 114.1216629, 22.2035084 ], [ 114.1216877, 22.2034531 ], [ 114.1218701, 22.2034022 ], [ 114.1219573, 22.2031688 ], [ 114.1221211, 22.2030134 ], [ 114.1221464, 22.2029341 ], [ 114.1221383, 22.2027975 ], [ 114.1220528, 22.2026041 ], [ 114.1220054, 22.2025349 ], [ 114.1219053, 22.2024711 ] ] } },
{ "type": "Feature", "properties": { }, "geometry": { "type": "LineString", "coordinates": [ [ 114.3744564, 22.3598706 ], [ 114.3770428, 22.363475 ], [ 114.3771715, 22.3634601 ], [ 114.377224, 22.3633279 ], [ 114.3773945, 22.3631957 ], [ 114.377666, 22.3631569 ], [ 114.3780528, 22.3632758 ], [ 114.3780214, 22.3631266 ], [ 114.3781578, 22.3629689 ], [ 114.378504, 22.3629398 ], [ 114.37858, 22.3630065 ], [ 114.3792699, 22.3629107 ], [ 114.37993, 22.3631101 ], [ 114.3804436, 22.3633971 ], [ 114.3809252, 22.3642894 ], [ 114.380888, 22.3648633 ], [ 114.3810626, 22.3649849 ], [ 114.381191, 22.3654696 ], [ 114.3810962, 22.3657072 ], [ 114.381124200000016, 22.3659786 ], [ 114.381052, 22.366011 ], [ 114.3810305, 22.3660805 ], [ 114.3808857, 22.3660532 ], [ 114.3807274, 22.3659713 ], [ 114.3806372, 22.3659657 ], [ 114.3806469, 22.3659986 ], [ 114.3807851, 22.3660767 ], [ 114.380884300000019, 22.3661735 ], [ 114.380942, 22.3663223 ], [ 114.381068, 22.3663608 ], [ 114.3810044, 22.3664162 ], [ 114.3810104, 22.3664711 ], [ 114.3809427, 22.3665958 ], [ 114.3808722, 22.3666237 ], [ 114.380712700000018, 22.3667725 ], [ 114.3804663, 22.3668537 ], [ 114.3801562, 22.3668703 ], [ 114.3793197, 22.3664387 ], [ 114.379947, 22.3671586 ], [ 114.3796635, 22.3675745 ], [ 114.3795013, 22.3674438 ], [ 114.3794201, 22.3674873 ], [ 114.379569800000013, 22.3675874 ], [ 114.3795937, 22.3677096 ], [ 114.3795172, 22.3678576 ], [ 114.3780636, 22.3686934 ], [ 114.377473, 22.3689578 ], [ 114.3768837, 22.3691325 ], [ 114.3765945, 22.3690447 ], [ 114.3762099, 22.3691001 ], [ 114.3760232, 22.3694256 ], [ 114.3760297, 22.3697895 ], [ 114.3759613, 22.3698502 ], [ 114.3755717, 22.3695686 ], [ 114.3759424, 22.3699848 ], [ 114.37588, 22.3700513 ], [ 114.3758913, 22.3702349 ], [ 114.3760123, 22.3702139 ], [ 114.3761951, 22.3704431 ], [ 114.3760691, 22.3706476 ], [ 114.3757419, 22.3705759 ], [ 114.3757722, 22.3706808 ], [ 114.3759386, 22.3707508 ], [ 114.3759008, 22.3709851 ], [ 114.375689, 22.3710446 ], [ 114.3758327, 22.3712387 ], [ 114.3758005, 22.3714888 ], [ 114.3759348, 22.3714223 ], [ 114.3758648, 22.3716759 ], [ 114.3755803, 22.3719536 ], [ 114.3754417, 22.3719394 ], [ 114.375529, 22.372104 ], [ 114.3754126, 22.3721926 ], [ 114.3754896, 22.372278 ], [ 114.3756693, 22.3722321 ], [ 114.3754708, 22.3723619 ], [ 114.3755666, 22.3724221 ], [ 114.3754246, 22.3725202 ], [ 114.3753715, 22.372479 ], [ 114.3753046, 22.3725714 ], [ 114.3757658, 22.3733085 ], [ 114.3771011, 22.3744339 ], [ 114.378136400000017, 22.3747778 ], [ 114.3783808, 22.3743976 ], [ 114.3784609, 22.3743351 ], [ 114.3786831, 22.374319 ], [ 114.3791275, 22.3739668 ], [ 114.379264, 22.3739005 ], [ 114.3792562, 22.3740809 ], [ 114.3793112, 22.3741553 ], [ 114.3793715, 22.3739867 ], [ 114.3794279, 22.3739358 ], [ 114.3795274, 22.3739219 ], [ 114.3798268, 22.3739236 ], [ 114.379851, 22.3740182 ], [ 114.379969700000018, 22.3738985 ], [ 114.3801467, 22.3740474 ], [ 114.3800649, 22.3738565 ], [ 114.380303, 22.3738548 ], [ 114.3801858, 22.3737086 ], [ 114.3805987, 22.3737258 ], [ 114.3807148, 22.3739498 ], [ 114.3807082, 22.3740782 ], [ 114.380754, 22.3741773 ], [ 114.3808148, 22.3741976 ], [ 114.3808955, 22.3740719 ], [ 114.3810151, 22.3741171 ], [ 114.381214200000016, 22.374094 ], [ 114.381367, 22.3742002 ], [ 114.3813576, 22.3742234 ], [ 114.3812354, 22.3742304 ], [ 114.3811555, 22.3742803 ], [ 114.3809856, 22.3743029 ], [ 114.381407100000018, 22.3742817 ], [ 114.381551, 22.3743551 ], [ 114.3816017, 22.3744263 ], [ 114.381612, 22.3744575 ], [ 114.3815741, 22.3744937 ], [ 114.381471800000014, 22.3745357 ], [ 114.381523, 22.3745694 ], [ 114.3815903, 22.3745641 ], [ 114.3816122, 22.3745941 ], [ 114.3815685, 22.3748668 ], [ 114.381600400000011, 22.3749106 ], [ 114.3815792, 22.3749838 ], [ 114.3816192, 22.3750574 ], [ 114.3815845, 22.3752719 ], [ 114.3816278, 22.3755473 ], [ 114.38160640000001, 22.3756901 ], [ 114.38162890000001, 22.3758323 ], [ 114.3818183, 22.3758668 ], [ 114.3821837, 22.375878 ], [ 114.3823668, 22.3758556 ], [ 114.3824173, 22.3756869 ], [ 114.382547, 22.3755332 ], [ 114.3826149, 22.3755291 ], [ 114.3825854, 22.3754954 ], [ 114.3825977, 22.3754035 ], [ 114.3826204, 22.3753024 ], [ 114.3826712, 22.3752398 ], [ 114.3828691, 22.3752605 ], [ 114.3827496, 22.3751472 ], [ 114.3827478, 22.3749845 ], [ 114.3828254, 22.3749449 ], [ 114.3829665, 22.3750126 ], [ 114.3828506, 22.3748894 ], [ 114.3828099, 22.3748034 ], [ 114.382873900000021, 22.3746266 ], [ 114.3830526, 22.3746528 ], [ 114.383202200000014, 22.374717 ], [ 114.3829789, 22.3745169 ], [ 114.3829973, 22.3744726 ], [ 114.3830928, 22.3744255 ], [ 114.3831728, 22.3744259 ], [ 114.3833426, 22.3743645 ], [ 114.3831134, 22.3743649 ], [ 114.382942, 22.3742179 ], [ 114.382897, 22.3738736 ], [ 114.3830202, 22.3734026 ], [ 114.3831297, 22.3733398 ], [ 114.383286200000015, 22.3733285 ], [ 114.3830425, 22.3732356 ], [ 114.3830367, 22.3730504 ], [ 114.3830996, 22.3729639 ], [ 114.3833592, 22.3729508 ], [ 114.3832433, 22.3729109 ], [ 114.38319, 22.3728486 ], [ 114.3832694, 22.3727254 ], [ 114.3832567, 22.3725892 ], [ 114.383348100000021, 22.3723308 ], [ 114.3833942, 22.3722671 ], [ 114.3834784, 22.3722708 ], [ 114.3835103, 22.3722247 ], [ 114.3834957, 22.3720814 ], [ 114.3835897, 22.3719861 ], [ 114.3835981, 22.3718707 ], [ 114.3836705, 22.3717753 ], [ 114.3836416, 22.3717064 ], [ 114.3840134, 22.3713189 ], [ 114.3841635, 22.3712567 ], [ 114.3842187, 22.3711771 ], [ 114.3843112, 22.3711537 ], [ 114.384406, 22.3712251 ], [ 114.3845622, 22.3712402 ], [ 114.3846034, 22.3711528 ], [ 114.384478900000019, 22.3710235 ], [ 114.3844664, 22.3709491 ], [ 114.3845206, 22.370916 ], [ 114.3846019, 22.370935 ], [ 114.384651, 22.3710611 ], [ 114.3847078, 22.3710946 ], [ 114.384790700000011, 22.3710443 ], [ 114.3847057, 22.3709327 ], [ 114.3846633, 22.3707956 ], [ 114.3846816, 22.3707138 ], [ 114.3847386, 22.3707057 ], [ 114.3847955, 22.3707368 ], [ 114.384846600000017, 22.3706939 ], [ 114.384805200000017, 22.3706164 ], [ 114.384827300000012, 22.3705451 ], [ 114.3849503, 22.3704076 ], [ 114.3850224, 22.3703937 ], [ 114.3850321, 22.3702398 ], [ 114.3850795, 22.3702061 ], [ 114.3850977, 22.3701234 ], [ 114.3851645, 22.3700443 ], [ 114.3851679, 22.3699826 ], [ 114.3853316, 22.3698622 ], [ 114.3853633, 22.3697605 ], [ 114.3855321, 22.3696015 ], [ 114.3855585, 22.3695174 ], [ 114.3856042, 22.3695185 ], [ 114.385736300000019, 22.3693183 ], [ 114.3856845, 22.3693172 ], [ 114.385650700000014, 22.3692644 ], [ 114.3855415, 22.3693111 ], [ 114.3855482, 22.3692257 ], [ 114.3856045, 22.3691489 ], [ 114.3855595, 22.3691568 ], [ 114.385482700000011, 22.3692311 ], [ 114.3854452, 22.3691994 ], [ 114.3854887, 22.3690013 ], [ 114.3855339, 22.3689698 ], [ 114.3855167, 22.3688805 ], [ 114.3855829, 22.3688847 ], [ 114.3856016, 22.3687002 ], [ 114.3853358, 22.3687201 ], [ 114.3852909, 22.3686753 ], [ 114.3852812, 22.3685403 ], [ 114.3853516, 22.3683443 ], [ 114.3854521, 22.3682926 ], [ 114.3854455, 22.3682039 ], [ 114.385551, 22.3679451 ], [ 114.3856384, 22.3678998 ], [ 114.385737100000014, 22.3678957 ], [ 114.38586930000001, 22.3680209 ], [ 114.3859186, 22.3680167 ], [ 114.3856991, 22.3678304 ], [ 114.3856997, 22.3677612 ], [ 114.385870900000015, 22.3675069 ], [ 114.3860102, 22.3673706 ], [ 114.3862965, 22.367174 ], [ 114.3864651, 22.3671052 ], [ 114.386285, 22.3671497 ], [ 114.3858115, 22.3674373 ], [ 114.3857832, 22.3674079 ], [ 114.38593920000001, 22.3670806 ], [ 114.3862608, 22.3666294 ], [ 114.3862841, 22.366558 ], [ 114.3863203, 22.3665642 ], [ 114.3864466, 22.3663596 ], [ 114.3865333, 22.3664064 ], [ 114.3865638, 22.3662693 ], [ 114.3869201, 22.3659267 ], [ 114.3869773, 22.3659381 ], [ 114.3870658, 22.3658418 ], [ 114.3873651, 22.3657115 ], [ 114.3874979, 22.3657215 ], [ 114.3876961, 22.3656452 ], [ 114.3878027, 22.3656663 ], [ 114.3878677, 22.3657725 ], [ 114.3880405, 22.3658262 ], [ 114.3880008, 22.3660471 ], [ 114.3881377, 22.3659337 ], [ 114.3882126, 22.3659198 ], [ 114.3882917, 22.3658295 ], [ 114.3881717, 22.3658165 ], [ 114.3881773, 22.3657041 ], [ 114.3882651, 22.3655789 ], [ 114.3884782, 22.3654913 ], [ 114.388512, 22.3655143 ], [ 114.388635300000018, 22.3653965 ], [ 114.3889101, 22.3652744 ], [ 114.3890203, 22.3651928 ], [ 114.389403, 22.3650633 ], [ 114.389464, 22.3650199 ], [ 114.389594100000011, 22.3650685 ], [ 114.3896255, 22.3650348 ], [ 114.3897446, 22.3650582 ] ] } },
{ "type": "Feature", "properties": { }, "geometry": { "type": "LineString", "coordinates": [ [ 114.3198841, 22.3873669 ], [ 114.3197188, 22.3872997 ], [ 114.319496900000019, 22.3872839 ], [ 114.3193339, 22.3871639 ], [ 114.3192577, 22.387143 ], [ 114.3191334, 22.3869975 ], [ 114.3191858, 22.3868849 ], [ 114.3191188, 22.3867173 ], [ 114.3190793, 22.3855971 ], [ 114.3189077, 22.3853809 ], [ 114.31879, 22.3851399 ], [ 114.3184863, 22.3842735 ], [ 114.318136, 22.3839146 ], [ 114.3180773, 22.3837333 ], [ 114.3180325, 22.3823512 ], [ 114.318912200000014, 22.3815841 ], [ 114.3192961, 22.3815357 ], [ 114.3195672, 22.3816917 ], [ 114.3196869, 22.3822403 ], [ 114.3198279, 22.382438 ], [ 114.3201115, 22.382619 ], [ 114.3204572, 22.3826113 ], [ 114.3208397, 22.3825139 ], [ 114.3210931, 22.3823762 ], [ 114.3214319, 22.382413899999989 ], [ 114.3216245, 22.3826679 ], [ 114.3217363, 22.3829878 ], [ 114.3217267, 22.3833628 ], [ 114.321784, 22.3840507 ], [ 114.3221117, 22.3840617 ], [ 114.3222376, 22.3838129 ], [ 114.3226556, 22.383487 ], [ 114.322848, 22.3834017 ], [ 114.3232396, 22.3836944 ], [ 114.3232692, 22.3839109 ], [ 114.3232458, 22.3840503 ], [ 114.3233366, 22.3840015 ], [ 114.3234245, 22.3837095 ], [ 114.3235529, 22.3835512 ], [ 114.3236767, 22.3836104 ], [ 114.323697100000018, 22.3835042 ], [ 114.3239011, 22.3833816 ], [ 114.3229229, 22.3823809 ], [ 114.3227731, 22.3818929 ], [ 114.3227851, 22.3814558 ], [ 114.3226878, 22.3812982 ], [ 114.3228706, 22.3812573 ], [ 114.3231289, 22.381084 ], [ 114.3234857, 22.380685 ], [ 114.324359, 22.3799065 ], [ 114.3247901, 22.3798306 ], [ 114.32510120000002, 22.3796799 ], [ 114.3253441, 22.3794727 ], [ 114.3254983, 22.3792445 ], [ 114.3258858, 22.3790205 ], [ 114.3263733, 22.3787904 ], [ 114.328091400000019, 22.3784451 ], [ 114.32874, 22.3782201 ], [ 114.3292747, 22.3780709 ], [ 114.33013, 22.37773 ], [ 114.3315307, 22.3773315 ], [ 114.3319399, 22.3771201 ], [ 114.3323697, 22.3767266 ], [ 114.3326194, 22.3765629 ], [ 114.3329217, 22.3766065 ], [ 114.3340791, 22.3775436 ], [ 114.3345522, 22.3780029 ], [ 114.3347531, 22.3782775 ], [ 114.3349108, 22.378585 ], [ 114.3354015, 22.3785867 ], [ 114.33540960000002, 22.378277 ], [ 114.3355333, 22.3780808 ], [ 114.335444, 22.377971 ], [ 114.335449, 22.3775603 ], [ 114.3352471, 22.3773154 ], [ 114.3351737, 22.3770874 ], [ 114.3351921, 22.3769103 ], [ 114.3352557, 22.3768546 ], [ 114.3353589, 22.3768323 ], [ 114.3353601, 22.3768032 ], [ 114.3351314, 22.3761325 ], [ 114.3349984, 22.3758481 ], [ 114.3348348, 22.3756422 ], [ 114.33475, 22.3751101 ], [ 114.3345251, 22.3745568 ], [ 114.3345251, 22.3739285 ], [ 114.3343678, 22.3738155 ], [ 114.3344314, 22.3728087 ], [ 114.3345143, 22.3725927 ], [ 114.3345572, 22.3716365 ], [ 114.3345357, 22.3709879 ] ] } },
{ "type": "Feature", "properties": { }, "geometry": { "type": "LineString", "coordinates": [ [ 113.8828988, 22.2191968 ], [ 113.8830087, 22.2191778 ], [ 113.8830355, 22.2190675 ], [ 113.8830375, 22.2193555 ], [ 113.8829726, 22.2194572 ], [ 113.8830586, 22.2195205 ], [ 113.883137, 22.2195262 ], [ 113.8832014, 22.2194792 ], [ 113.8832229, 22.2195213 ], [ 113.8836021, 22.2196269 ], [ 113.8843645, 22.2199823 ], [ 113.8855205, 22.2206739 ], [ 113.8860811, 22.2209308 ], [ 113.8864432, 22.2210562 ], [ 113.8871782, 22.2212127 ], [ 113.887553700000012, 22.2212226 ], [ 113.88785, 22.221168 ], [ 113.8880526, 22.2210475 ], [ 113.8882913, 22.2208179 ], [ 113.8884924, 22.2203113 ], [ 113.8887194, 22.2201357 ], [ 113.8887523, 22.2199892 ], [ 113.8888049, 22.2199063 ], [ 113.8889088, 22.2198284 ], [ 113.8891818, 22.2197682 ], [ 113.8897222, 22.2198265 ], [ 113.889852300000015, 22.2199544 ], [ 113.8900468, 22.220302 ], [ 113.8905121, 22.2207111 ], [ 113.8907683, 22.2207632 ], [ 113.8908809, 22.2207347 ], [ 113.8911934, 22.2205783 ], [ 113.8913396, 22.2206217 ], [ 113.8914107, 22.2207111 ], [ 113.8915354, 22.2210538 ], [ 113.89153, 22.2211878 ], [ 113.891343600000013, 22.2217428 ], [ 113.8911002, 22.2220662 ], [ 113.89101770000002, 22.2222506 ], [ 113.8910379, 22.2223393 ], [ 113.8912457, 22.2226305 ], [ 113.8914362, 22.2227782 ], [ 113.891935, 22.2230066 ], [ 113.892214, 22.2231035 ], [ 113.8927451, 22.2232189 ], [ 113.8935323, 22.2230799 ], [ 113.8939081, 22.2229358 ], [ 113.8940238, 22.2228157 ], [ 113.894071400000016, 22.2227211 ], [ 113.8940701, 22.2225684 ], [ 113.8939876, 22.2223257 ], [ 113.8939789, 22.2219265 ], [ 113.8940164, 22.2218682 ], [ 113.8944094, 22.2219079 ], [ 113.8951074, 22.2220768 ], [ 113.8956274, 22.2220569 ], [ 113.8957287, 22.2221199 ], [ 113.8959704, 22.2221637 ], [ 113.8964117, 22.2221376 ], [ 113.8968824, 22.2221848 ], [ 113.8972767, 22.2221848 ], [ 113.897880200000017, 22.2220556 ], [ 113.8981095, 22.2219502 ], [ 113.8981873, 22.2216596 ], [ 113.8982235, 22.221353 ], [ 113.8983294, 22.2209929 ], [ 113.8985172, 22.2205783 ], [ 113.8985967, 22.2201212 ], [ 113.8985725, 22.220072 ], [ 113.8983482, 22.2199774 ], [ 113.8981202, 22.2198395 ], [ 113.8977417, 22.2194694 ] ] } },
{ "type": "Feature", "properties": { }, "geometry": { "type": "LineString", "coordinates": [ [ 113.881794, 22.2183037 ], [ 113.8818117, 22.2184215 ], [ 113.8819782, 22.2185064 ], [ 113.881895200000017, 22.2185174 ], [ 113.8820424, 22.2186745 ], [ 113.8822925, 22.2187659 ], [ 113.8822616, 22.2188635 ], [ 113.882423, 22.2188722 ], [ 113.8824702, 22.2189133 ], [ 113.8824824, 22.218891 ], [ 113.8826184, 22.2188773 ], [ 113.882638200000017, 22.2189404 ], [ 113.8827601, 22.2189718 ], [ 113.8828583, 22.2191711 ], [ 113.8828988, 22.2191968 ] ] } },
{ "type": "Feature", "properties": { }, "geometry": { "type": "LineString", "coordinates": [ [ 113.8456411, 22.2055374 ], [ 113.84565910000002, 22.2054572 ], [ 113.8457169, 22.2054347 ], [ 113.8457217, 22.2053993 ], [ 113.8458482, 22.2054082 ], [ 113.845853, 22.2053681 ], [ 113.8459442, 22.2052748 ], [ 113.8460618, 22.2052673 ], [ 113.846104, 22.2052294 ], [ 113.8460353, 22.2051635 ], [ 113.846017, 22.2050623 ], [ 113.8462, 22.2047928 ], [ 113.8467693, 22.2048916 ], [ 113.8473701, 22.2051026 ], [ 113.8475224, 22.2051045 ], [ 113.8479334, 22.205035 ], [ 113.8482258, 22.2049269 ], [ 113.8484149, 22.2047991 ], [ 113.8485624, 22.2046525 ], [ 113.8487032, 22.2044489 ], [ 113.8489446, 22.203879 ], [ 113.8490304, 22.2033674 ], [ 113.848958, 22.2028087 ], [ 113.848781, 22.2021804 ], [ 113.84849, 22.201718499999988 ], [ 113.8483022, 22.2015856 ], [ 113.84801920000001, 22.2014863 ], [ 113.8478449, 22.2015087 ], [ 113.8477363, 22.2016663 ], [ 113.847633, 22.2017334 ], [ 113.8475083, 22.2017533 ], [ 113.8472387, 22.201721 ], [ 113.847060400000018, 22.201639 ], [ 113.846961100000016, 22.2015322 ], [ 113.8469531, 22.2013907 ], [ 113.847048300000012, 22.2010443 ], [ 113.8470107, 22.200858 ], [ 113.8469236, 22.2007165 ], [ 113.8468307, 22.2006628 ], [ 113.84672, 22.2006578 ], [ 113.846705, 22.2005817 ], [ 113.8467398, 22.2003576 ], [ 113.8468397, 22.2002086 ], [ 113.8468599, 22.2001242 ], [ 113.8468384, 22.2000118 ], [ 113.8469343, 22.1997064 ], [ 113.8470523, 22.1995232 ], [ 113.8470671, 22.1994239 ], [ 113.8469973, 22.1989905 ], [ 113.8469017, 22.1987757 ] ] } },
{ "type": "Feature", "properties": { }, "geometry": { "type": "LineString", "coordinates": [ [ 113.8402629, 22.218233 ], [ 113.8405114, 22.2181111 ], [ 113.8410428, 22.2180394 ], [ 113.841537, 22.217819 ], [ 113.8420494, 22.2175281 ], [ 113.8427602, 22.2170185 ], [ 113.8430806, 22.2168362 ], [ 113.8432931, 22.2166181 ], [ 113.8433643, 22.2164427 ], [ 113.8433797, 22.2162962 ], [ 113.8435131, 22.2160194 ], [ 113.8438491, 22.2156966 ], [ 113.8438994, 22.21556 ], [ 113.8439155, 22.2152949 ], [ 113.8438008, 22.2149951 ], [ 113.8436767, 22.2149454 ], [ 113.8435172, 22.2149405 ], [ 113.8437468, 22.2148619 ], [ 113.8437931, 22.2147819 ], [ 113.84379610000002, 22.2145425 ], [ 113.8436311, 22.2142576 ], [ 113.8435185, 22.2139323 ], [ 113.843338800000012, 22.2135958 ], [ 113.8432744, 22.2128397 ], [ 113.8428855, 22.2122823 ], [ 113.8425944, 22.2120749 ], [ 113.8424106, 22.212093 ] ] } },
{ "type": "Feature", "properties": { }, "geometry": { "type": "LineString", "coordinates": [ [ 113.8454049, 22.2056253 ], [ 113.8454427, 22.2055415 ], [ 113.8454909, 22.2055382 ], [ 113.8455235, 22.2054919 ], [ 113.8456077, 22.2055524 ], [ 113.8456411, 22.2055374 ] ] } },
{ "type": "Feature", "properties": { }, "geometry": { "type": "LineString", "coordinates": [ [ 113.8399056, 22.2188904 ], [ 113.8399314, 22.2188158 ], [ 113.8400112, 22.2187694 ], [ 113.8401631, 22.2183708 ], [ 113.8402629, 22.218233 ] ] } },
{ "type": "Feature", "properties": { }, "geometry": { "type": "LineString", "coordinates": [ [ 113.8527033, 22.2334631 ], [ 113.8525431, 22.2331628 ], [ 113.852636100000012, 22.2331185 ], [ 113.8527448, 22.2331107 ], [ 113.8526973, 22.2329916 ], [ 113.8525669, 22.2330041 ], [ 113.8524495, 22.2329075 ], [ 113.8521124, 22.2329053 ], [ 113.852221400000019, 22.2328933 ], [ 113.8522151, 22.2328566 ], [ 113.8521663, 22.2328574 ], [ 113.8521616, 22.2328338 ], [ 113.8522355, 22.2327323 ], [ 113.8520965, 22.2326449 ], [ 113.8520456, 22.232541 ], [ 113.8520358, 22.2324901 ], [ 113.852096, 22.2324168 ], [ 113.8520727, 22.2324054 ], [ 113.8519472, 22.2324763 ], [ 113.8518954, 22.2324501 ], [ 113.8519034, 22.2324107 ], [ 113.8521065, 22.2322485 ], [ 113.8526173, 22.2321976 ], [ 113.8521893, 22.2321398 ], [ 113.8521098, 22.2321726 ], [ 113.8519427, 22.2321624 ], [ 113.8517675, 22.2322493 ], [ 113.8515371, 22.2322098 ], [ 113.851519, 22.2321389 ], [ 113.8516873, 22.2320696 ], [ 113.851590500000015, 22.2319154 ], [ 113.8516477, 22.231856 ], [ 113.8516256, 22.2317434 ], [ 113.8514066, 22.2313866 ], [ 113.8513621, 22.2313671 ], [ 113.8512532, 22.2313922 ], [ 113.8512069, 22.2313579 ], [ 113.8511811, 22.2310066 ], [ 113.8511239, 22.2308843 ], [ 113.8509901, 22.2307635 ], [ 113.850818100000012, 22.2306821 ], [ 113.8506806, 22.2306853 ], [ 113.8505753, 22.2306288 ], [ 113.8504232, 22.2305978 ], [ 113.8503577, 22.230535 ], [ 113.8502995, 22.230563 ], [ 113.8500032, 22.2305724 ], [ 113.8499518, 22.2307021 ], [ 113.8498366, 22.2307049 ], [ 113.8497764, 22.2307676 ] ] } },
{ "type": "Feature", "properties": { }, "geometry": { "type": "LineString", "coordinates": [ [ 113.8513942, 22.2432793 ], [ 113.8512553, 22.2431719 ], [ 113.8511789, 22.2429174 ], [ 113.850897300000014, 22.2425512 ], [ 113.8508114, 22.2423613 ], [ 113.8508342, 22.2414911 ], [ 113.8511668, 22.2403429 ], [ 113.8512553, 22.2401555 ], [ 113.8516729, 22.2397017 ], [ 113.8518604, 22.2394487 ], [ 113.8519415, 22.2394235 ], [ 113.8519112, 22.2393885 ], [ 113.8520376, 22.2392757 ], [ 113.8522653, 22.2389334 ], [ 113.8523464, 22.2386976 ], [ 113.8524169, 22.2386385 ], [ 113.8523742, 22.2384665 ] ] } },
{ "type": "Feature", "properties": { }, "geometry": { "type": "LineString", "coordinates": [ [ 113.851914, 22.2435998 ], [ 113.8516051, 22.243384 ], [ 113.8514867, 22.2433313 ], [ 113.8514075, 22.243355 ], [ 113.8513942, 22.2432793 ] ] } },
{ "type": "Feature", "properties": { }, "geometry": { "type": "LineString", "coordinates": [ [ 113.8575285, 22.2452759 ], [ 113.8573131, 22.2452709 ], [ 113.8570274, 22.2451691 ], [ 113.8568424, 22.245153 ], [ 113.8563395, 22.2452101 ], [ 113.8556448, 22.2450214 ], [ 113.8552183, 22.2450164 ], [ 113.8550976, 22.2449904 ], [ 113.854486, 22.2446602 ], [ 113.85428490000001, 22.2445981 ], [ 113.8537437, 22.2445305 ], [ 113.853275, 22.2443424 ], [ 113.853043, 22.2442828 ], [ 113.852635300000017, 22.2440892 ], [ 113.8522384, 22.2438583 ], [ 113.851914, 22.2435998 ] ] } },
{ "type": "Feature", "properties": { }, "geometry": { "type": "LineString", "coordinates": [ [ 114.3744876, 22.4062913 ], [ 114.3744537, 22.4064473 ], [ 114.3746401, 22.406704 ], [ 114.3746951, 22.4067375 ], [ 114.3747622, 22.4070325 ], [ 114.3747112, 22.407257 ], [ 114.3746683, 22.4073065 ], [ 114.374911, 22.4072247 ], [ 114.3750371, 22.4072458 ], [ 114.374954, 22.4074851 ], [ 114.3749495, 22.4077384 ], [ 114.3751219, 22.4081379 ], [ 114.37534, 22.4084501 ], [ 114.3759026, 22.4090759 ], [ 114.3766175, 22.4096779 ], [ 114.3770533, 22.4098945 ], [ 114.3773643, 22.4099607 ], [ 114.377599, 22.4098978 ], [ 114.3777595, 22.409709 ], [ 114.3779867, 22.4095601 ], [ 114.378262600000014, 22.4092744 ], [ 114.3784683, 22.4092108 ], [ 114.3789779, 22.409260799999984 ], [ 114.3790685, 22.4092072 ], [ 114.3792216, 22.4092085 ], [ 114.3792334, 22.4092667 ], [ 114.3793581, 22.4092543 ], [ 114.3793514, 22.409356 ], [ 114.3792492, 22.4094843 ], [ 114.3792321, 22.4095891 ], [ 114.3793407, 22.4097081 ], [ 114.3792388, 22.4098185 ], [ 114.3793246, 22.4098395 ], [ 114.3793407, 22.4098718 ], [ 114.379170400000021, 22.4100639 ], [ 114.3792321, 22.4101507 ], [ 114.3792214, 22.4102266 ], [ 114.3790927, 22.4104185 ], [ 114.3792647, 22.4104794 ], [ 114.3793179, 22.4105747 ], [ 114.379279, 22.4107992 ], [ 114.3791087, 22.4108872 ], [ 114.37911, 22.4109368 ], [ 114.3790014, 22.4109504 ], [ 114.3789412, 22.4110406 ], [ 114.3788418, 22.411057 ], [ 114.3787868, 22.4110087 ], [ 114.3787127, 22.4110261 ], [ 114.3786487, 22.4112504 ], [ 114.3787359, 22.411243 ], [ 114.3787613, 22.4113224 ], [ 114.3786041, 22.4114799 ], [ 114.3785492, 22.4116644 ], [ 114.378406, 22.41176 ], [ 114.3783746, 22.4118989 ], [ 114.3787841, 22.4135539 ], [ 114.379710900000021, 22.4145979 ], [ 114.3801612, 22.4158312 ], [ 114.3815908, 22.4172481 ], [ 114.3816756, 22.4170266 ], [ 114.3816749, 22.416853 ], [ 114.381862, 22.4167811 ], [ 114.3821007, 22.4167799 ], [ 114.3822722, 22.4169459 ], [ 114.3824212, 22.4168716 ], [ 114.3825227, 22.4169804 ], [ 114.3826412, 22.4170477 ], [ 114.3827444, 22.4171865 ], [ 114.3828237, 22.4174425 ], [ 114.3829188, 22.4173923 ], [ 114.3829831, 22.4174134 ], [ 114.3829966, 22.4174519 ], [ 114.3829429, 22.4176502 ], [ 114.3828343, 22.4178362 ], [ 114.3828933, 22.4178535 ], [ 114.382955, 22.4177891 ], [ 114.3830784, 22.4177816 ], [ 114.3831453, 22.4178739 ], [ 114.3831334, 22.4180308 ], [ 114.3830556, 22.4180953 ], [ 114.383094500000013, 22.4181424 ], [ 114.3832767, 22.4181455 ], [ 114.3833345, 22.4183135 ], [ 114.38333320000001, 22.4185329 ], [ 114.3832903, 22.4185862 ], [ 114.3833198, 22.4186061 ], [ 114.3833439, 22.4187276 ], [ 114.3833935, 22.4186036 ], [ 114.38345, 22.4186099 ], [ 114.383537, 22.4185565 ], [ 114.3837248, 22.4186073 ], [ 114.3836403, 22.4189185 ], [ 114.3838072, 22.4189332 ], [ 114.3840417, 22.4191197 ], [ 114.3844101, 22.4192699 ], [ 114.3845013, 22.4193412 ], [ 114.3845817, 22.4194206 ], [ 114.3846907, 22.4196111 ], [ 114.38495, 22.4198483 ], [ 114.385093700000013, 22.42009 ], [ 114.3858403, 22.4205296 ], [ 114.3866689, 22.4207742 ], [ 114.3867865, 22.4206919 ], [ 114.3868683, 22.4205177 ], [ 114.3869796, 22.4204985 ], [ 114.3871332, 22.4204043 ], [ 114.3870963, 22.4203733 ], [ 114.387107, 22.4203318 ], [ 114.3872184, 22.4202766 ], [ 114.3872908, 22.4202791 ], [ 114.387469100000018, 22.4201421 ], [ 114.387554300000019, 22.420144 ], [ 114.3875885, 22.4200937 ], [ 114.3879338, 22.4201669 ], [ 114.3879231, 22.4202748 ], [ 114.3880988, 22.420121 ], [ 114.3882546, 22.4201471 ], [ 114.388475, 22.4200559 ], [ 114.3888056, 22.4200721 ], [ 114.3887845, 22.4201509 ], [ 114.3888512, 22.4201185 ], [ 114.3889242, 22.4200274 ], [ 114.3889718, 22.4200535 ], [ 114.3890248, 22.4199803 ], [ 114.3892763, 22.4198849 ], [ 114.3894674, 22.4199115 ], [ 114.3894388, 22.4198719 ], [ 114.389507, 22.4198092 ], [ 114.3895224, 22.4197218 ], [ 114.3896511, 22.4197206 ], [ 114.3896612, 22.4197696 ], [ 114.3898, 22.4197975 ], [ 114.3899448, 22.4197882 ], [ 114.389977, 22.4197758 ], [ 114.3899703, 22.4197026 ], [ 114.3900347, 22.4196784 ], [ 114.3901581, 22.419839 ], [ 114.390284100000017, 22.4199251 ], [ 114.3903907, 22.4198421 ], [ 114.3903968, 22.4197813 ], [ 114.3904504, 22.4197206 ], [ 114.3905181, 22.4197398 ], [ 114.3907887, 22.4199359 ], [ 114.391043200000013, 22.4199326 ], [ 114.391108700000018, 22.4199985 ], [ 114.3912175, 22.4199958 ], [ 114.391296, 22.4201316 ], [ 114.3914174, 22.4200677 ], [ 114.3915635, 22.4201272 ], [ 114.3917929, 22.4202853 ], [ 114.3917955, 22.420356 ], [ 114.3919551, 22.4203138 ], [ 114.3920738, 22.4204669 ], [ 114.3921287, 22.4204349 ], [ 114.392271, 22.4204409 ], [ 114.3923833, 22.4204083 ], [ 114.3923441, 22.4202754 ], [ 114.392224, 22.4201402 ], [ 114.3922743, 22.420095 ], [ 114.3924621, 22.4200311 ], [ 114.392518400000014, 22.420077 ], [ 114.3926793, 22.42002 ], [ 114.3927209, 22.4200442 ], [ 114.3927558, 22.4199865 ], [ 114.3928215, 22.4199963 ], [ 114.3928832, 22.4199121 ], [ 114.3929636, 22.4199047 ], [ 114.3929811, 22.4199692 ], [ 114.3930079, 22.4198997 ], [ 114.3931393, 22.4198849 ], [ 114.3930858, 22.4197853 ], [ 114.3931112, 22.4197107 ], [ 114.3930884, 22.4192613 ], [ 114.3931782, 22.4191937 ], [ 114.3930629, 22.4190524 ], [ 114.393215, 22.418939 ], [ 114.3933948, 22.4190158 ], [ 114.3934176, 22.4189916 ], [ 114.3933492, 22.418965 ], [ 114.3933311, 22.4188949 ], [ 114.3934285, 22.4188068 ], [ 114.393447100000017, 22.418687899999988 ], [ 114.39371, 22.4185273 ], [ 114.3937977, 22.4183821 ], [ 114.3939064, 22.4183581 ], [ 114.3939943, 22.418249 ], [ 114.3940683, 22.4182159 ], [ 114.394241, 22.4182211 ], [ 114.394233, 22.4181579 ], [ 114.394298, 22.4181071 ], [ 114.3944851, 22.4181759 ], [ 114.3945616, 22.418165599999988 ], [ 114.394639400000017, 22.4180804 ], [ 114.394686, 22.4181037 ], [ 114.3949069, 22.4177742 ], [ 114.3949327, 22.4175745 ], [ 114.3948023, 22.417432 ], [ 114.3946011, 22.4173359 ], [ 114.3944804, 22.4172101 ], [ 114.3944234, 22.4170998 ], [ 114.3945244, 22.4170123 ], [ 114.3944295, 22.4168865 ], [ 114.3944127, 22.416814 ], [ 114.3943269, 22.4167551 ], [ 114.3944476, 22.4166132 ], [ 114.394628, 22.4165778 ], [ 114.3946684, 22.4164694 ], [ 114.3946818, 22.4162485 ], [ 114.3947272, 22.41616 ], [ 114.3944845, 22.41601 ], [ 114.3946172, 22.4157385 ], [ 114.394636, 22.4155835 ], [ 114.3947487, 22.4155563 ], [ 114.3947594, 22.4154174 ], [ 114.3949297, 22.4152835 ], [ 114.3951818, 22.415312 ], [ 114.3953629, 22.4152166 ], [ 114.3954051, 22.4150875 ], [ 114.3955158, 22.415074 ], [ 114.3958618, 22.4148521 ], [ 114.3960924, 22.4150628 ], [ 114.3960563, 22.4148287 ], [ 114.3962827, 22.4144673 ], [ 114.3962899, 22.4142697 ], [ 114.3964438, 22.4141776 ], [ 114.3965471, 22.4140673 ], [ 114.3967497, 22.4140902 ], [ 114.3970044, 22.4142359 ], [ 114.3971472, 22.4142241 ], [ 114.3975086, 22.4141305 ], [ 114.397577, 22.4139879 ], [ 114.3976877, 22.4138638 ], [ 114.3979633, 22.413828 ], [ 114.3980572, 22.4137338 ], [ 114.3982704, 22.413642 ], [ 114.3983254, 22.4135292 ], [ 114.398192600000016, 22.4133507 ], [ 114.3983227, 22.4129812 ], [ 114.3982744, 22.4127705 ], [ 114.3982168, 22.4127481 ], [ 114.3982624, 22.4125039 ], [ 114.3983737, 22.4124766 ], [ 114.3987076, 22.4121406 ], [ 114.3989199, 22.4120275 ], [ 114.399166300000019, 22.4118146 ], [ 114.3994526, 22.4116577 ], [ 114.3996195, 22.4116026 ], [ 114.399795200000014, 22.4114848 ], [ 114.3998542, 22.4115406 ], [ 114.3999063, 22.4114795 ], [ 114.399979, 22.4114984 ], [ 114.400451, 22.4114736 ], [ 114.4005315, 22.4115269 ], [ 114.4004926, 22.4115827 ], [ 114.4003759, 22.4115778 ], [ 114.4004183, 22.4116278 ], [ 114.4006942, 22.4117281 ], [ 114.4007353, 22.4117947 ], [ 114.4009835, 22.4118145 ], [ 114.400987500000014, 22.4118815 ], [ 114.4010653, 22.4119311 ], [ 114.401081, 22.4121111 ], [ 114.4011309, 22.4122249 ], [ 114.4008654, 22.4126353 ], [ 114.4009177, 22.4127147 ], [ 114.4010867, 22.4128076 ], [ 114.4011243, 22.4128114 ], [ 114.4012121, 22.4126453 ], [ 114.4012863, 22.4126184 ], [ 114.4013137, 22.412626 ], [ 114.4013348, 22.4126986 ], [ 114.4015192, 22.4126756 ], [ 114.4015165, 22.4126254 ], [ 114.4015701, 22.4126346 ], [ 114.4016359, 22.412719299999988 ], [ 114.4016902, 22.4125772 ], [ 114.4017043, 22.4122774 ], [ 114.4017492, 22.4121555 ], [ 114.4018076, 22.4121282 ], [ 114.4018258, 22.4121691 ], [ 114.4018564, 22.4121685 ], [ 114.4019129, 22.4120405 ], [ 114.4020523, 22.412021 ], [ 114.4020706, 22.412058 ], [ 114.4020205, 22.4122273 ], [ 114.4020604, 22.4122188 ], [ 114.4022345, 22.4118593 ], [ 114.4023836, 22.4117966 ], [ 114.4024862, 22.4118189 ], [ 114.4025103, 22.4119038 ], [ 114.4026538, 22.411998 ], [ 114.4026954, 22.4121114 ], [ 114.4028376, 22.4122962 ], [ 114.4030655, 22.4122268 ], [ 114.4032117, 22.4121146 ], [ 114.4036657, 22.4121041 ], [ 114.4038699, 22.4120151 ], [ 114.4039598, 22.4120103 ], [ 114.4039619, 22.4121475 ], [ 114.4040358, 22.412189 ], [ 114.4041238, 22.4121182 ], [ 114.404267, 22.4120795 ], [ 114.404378, 22.412102 ], [ 114.4044757, 22.4122107 ], [ 114.4045099, 22.4125932 ], [ 114.4044355, 22.4127072 ], [ 114.4042852, 22.4128312 ], [ 114.4043194, 22.4129397 ], [ 114.404156, 22.4133527 ], [ 114.4042293, 22.4133709 ], [ 114.4045132, 22.4128758 ], [ 114.4045984, 22.4128759 ], [ 114.4043925, 22.4133494 ], [ 114.4044415, 22.4133475 ], [ 114.4046688, 22.4129688 ], [ 114.404758, 22.4129167 ], [ 114.4049873, 22.412662 ], [ 114.4052482, 22.4125535 ], [ 114.4053152, 22.412618 ], [ 114.4053555, 22.4127667 ], [ 114.4054896, 22.4127271 ], [ 114.4055271, 22.4126328 ], [ 114.4055995, 22.4126254 ], [ 114.4056773, 22.4128064 ], [ 114.4056344, 22.4129279 ], [ 114.4055217, 22.4130494 ], [ 114.405454, 22.413311 ], [ 114.4053856, 22.4133934 ], [ 114.4052669, 22.4134164 ], [ 114.4051999, 22.4133965 ], [ 114.4051436, 22.4134536 ], [ 114.4051838, 22.413882499999989 ], [ 114.4051462, 22.414066 ], [ 114.405055, 22.4142594 ], [ 114.4046527, 22.4146884 ], [ 114.4044703, 22.4147777 ], [ 114.4039392, 22.4149339 ], [ 114.4038588, 22.4150975 ], [ 114.4039044, 22.4152364 ], [ 114.4038454, 22.4153976 ], [ 114.40365220000001, 22.4155687 ], [ 114.4036603, 22.4156579 ], [ 114.403848, 22.4157918 ], [ 114.4040841, 22.4156654 ], [ 114.4043121, 22.415705 ], [ 114.404478400000016, 22.415834 ], [ 114.4043925, 22.4161315 ], [ 114.4042718, 22.4162927 ], [ 114.4043174, 22.4163447 ], [ 114.4044435, 22.4163968 ], [ 114.4041538, 22.4167687 ], [ 114.4042101, 22.4168134 ], [ 114.4046236, 22.4163726 ], [ 114.4047788, 22.4163001 ], [ 114.4050013, 22.416428 ], [ 114.4050175, 22.416553 ], [ 114.4049451, 22.4168307 ], [ 114.405055, 22.4169225 ], [ 114.4047761, 22.4170068 ], [ 114.4045883, 22.4171258 ], [ 114.4044059, 22.4172994 ], [ 114.4042852, 22.4173217 ], [ 114.4042155, 22.4173713 ], [ 114.4041297, 22.4173465 ], [ 114.4041243, 22.417158 ], [ 114.4040197, 22.4171382 ], [ 114.4039124, 22.417282 ], [ 114.40373, 22.4172597 ], [ 114.4034994, 22.417282 ], [ 114.4034779, 22.4173837 ], [ 114.4033009, 22.4175746 ], [ 114.4031265, 22.4175597 ], [ 114.4030005, 22.4176192 ], [ 114.4029468, 22.4178473 ], [ 114.4030595, 22.4180755 ], [ 114.4030836, 22.4182862 ], [ 114.4034773, 22.4186132 ], [ 114.4036925, 22.418859 ], [ 114.4036764, 22.4192631 ], [ 114.4035986, 22.41934 ], [ 114.4036227, 22.4194169 ], [ 114.4034144, 22.4196637 ], [ 114.4030943, 22.419759 ], [ 114.40296020000001, 22.4197268 ], [ 114.4028208, 22.4197987 ], [ 114.4026607, 22.4198338 ], [ 114.4024479, 22.4197714 ], [ 114.4024077, 22.4195235 ], [ 114.4023594, 22.4195086 ], [ 114.4022897, 22.4198061 ], [ 114.4021796, 22.4198919 ], [ 114.4019701, 22.4199399 ], [ 114.4019356, 22.4201929 ], [ 114.40182, 22.42045 ], [ 114.4015199, 22.4205425 ], [ 114.4012574, 22.4204938 ], [ 114.401270400000016, 22.4205847 ], [ 114.4011658, 22.420669 ], [ 114.4009334, 22.4206054 ], [ 114.4006249, 22.4207263 ], [ 114.400439, 22.4207087 ], [ 114.40038, 22.4206144 ], [ 114.4002539, 22.4206244 ], [ 114.4000905, 22.42069 ], [ 114.4000205, 22.4209293 ], [ 114.3998811, 22.4209764 ], [ 114.3997912, 22.4211082 ], [ 114.3995941, 22.4210632 ], [ 114.3993997, 22.4210541 ], [ 114.39935, 22.4210806 ], [ 114.3993393, 22.4212442 ], [ 114.39917, 22.42144 ], [ 114.39913, 22.4216657 ], [ 114.3989986, 22.4217351 ], [ 114.3989771, 22.4219077 ], [ 114.3982905, 22.4222236 ], [ 114.39791, 22.42232 ], [ 114.39778, 22.42245 ], [ 114.3977997, 22.422712 ], [ 114.3973705, 22.4230592 ], [ 114.3971935, 22.4230616 ], [ 114.3970189, 22.4231666 ], [ 114.3971463, 22.4236211 ], [ 114.3973609, 22.4237798 ], [ 114.3975341, 22.4239691 ], [ 114.3974922, 22.4242401 ], [ 114.3972042, 22.4246633 ], [ 114.397264300000018, 22.4246724 ], [ 114.3975057, 22.4245583 ], [ 114.3976709, 22.4245964 ], [ 114.3977997, 22.4247278 ], [ 114.3978085, 22.4249507 ], [ 114.3979874, 22.4251493 ], [ 114.3979043, 22.4252088 ], [ 114.3978614, 22.4253377 ], [ 114.3980545, 22.4253576 ], [ 114.3981457, 22.4255113 ], [ 114.3981832, 22.42567 ], [ 114.3981296, 22.425789 ], [ 114.3983341, 22.4260115 ], [ 114.3982342, 22.4261658 ], [ 114.3983066, 22.4262873 ], [ 114.398143, 22.4263989 ], [ 114.3982235, 22.4264634 ], [ 114.3982235, 22.4265501 ], [ 114.3979861, 22.4264311 ], [ 114.3979901, 22.4265625 ], [ 114.3979016, 22.4265972 ], [ 114.3979807, 22.426653 ], [ 114.3980558, 22.4266158 ], [ 114.3981242, 22.4266865 ], [ 114.3980156, 22.427015 ], [ 114.3978736, 22.4270627 ], [ 114.397797, 22.4270113 ], [ 114.3976025, 22.4270795 ], [ 114.3976012, 22.4270237 ], [ 114.3973377, 22.4270101 ], [ 114.3970735, 22.4270615 ], [ 114.3970082, 22.4271917 ], [ 114.3969387, 22.4271824 ], [ 114.3968596, 22.427222 ], [ 114.3968381, 22.4272977 ], [ 114.3968956, 22.4273271 ], [ 114.3969494, 22.427496 ], [ 114.3969347, 22.42762 ], [ 114.3970302, 22.427695 ], [ 114.397046, 22.4280402 ], [ 114.3969923, 22.428184 ], [ 114.396843, 22.4282374 ], [ 114.3967912, 22.4283873 ], [ 114.3964894, 22.4285584 ], [ 114.3964036, 22.4287468 ], [ 114.3963124, 22.4287853 ], [ 114.396299, 22.4289439 ], [ 114.3962587, 22.4288857 ], [ 114.396252, 22.4287657 ], [ 114.3961179, 22.4288076 ], [ 114.3961246, 22.4289092 ], [ 114.3961897, 22.428949 ], [ 114.3960455, 22.4290059 ], [ 114.3960468, 22.4290654 ], [ 114.395894, 22.4290865 ], [ 114.3957505, 22.4291745 ], [ 114.39554320000002, 22.4291768 ] ] } },
{ "type": "Feature", "properties": { }, "geometry": { "type": "Polygon", "coordinates": [ [ [ 114.3942511, 22.4167384 ], [ 114.3941988, 22.4167092 ], [ 114.394230300000018, 22.416677 ], [ 114.3942592, 22.4166956 ], [ 114.3942511, 22.4167384 ] ] ] } },
{ "type": "Feature", "properties": { }, "geometry": { "type": "Polygon", "coordinates": [ [ [ 114.3942424, 22.4168252 ], [ 114.3941955, 22.416788 ], [ 114.394184100000018, 22.4167501 ], [ 114.3942732, 22.416783 ], [ 114.3942424, 22.4168252 ] ] ] } },
{ "type": "Feature", "properties": { }, "geometry": { "type": "Polygon", "coordinates": [ [ [ 114.3942786, 22.4165499 ], [ 114.3942176, 22.4165598 ], [ 114.3942069, 22.4165264 ], [ 114.3942471, 22.4165022 ], [ 114.3942786, 22.4165499 ] ] ] } },
{ "type": "Feature", "properties": { }, "geometry": { "type": "Polygon", "coordinates": [ [ [ 114.3839045, 22.4188751 ], [ 114.3838066, 22.4188577 ], [ 114.3837851, 22.4188193 ], [ 114.3838669, 22.4187449 ], [ 114.383958100000015, 22.4187263 ], [ 114.3841593, 22.4187771 ], [ 114.3840708, 22.4188553 ], [ 114.3839045, 22.4188751 ] ] ] } },
{ "type": "Feature", "properties": { }, "geometry": { "type": "Polygon", "coordinates": [ [ [ 114.3970285, 22.4271923 ], [ 114.3971137, 22.4270652 ], [ 114.3973249, 22.4270646 ], [ 114.3974148, 22.4270844 ], [ 114.3974416, 22.4271198 ], [ 114.3973591, 22.4272989 ], [ 114.3973061, 22.4273107 ], [ 114.3971626, 22.4272884 ], [ 114.3970285, 22.4271923 ] ] ] } },
{ "type": "Feature", "properties": { }, "geometry": { "type": "Polygon", "coordinates": [ [ [ 114.3955976, 22.4297807 ], [ 114.3955466, 22.4297726 ], [ 114.3955473, 22.4297509 ], [ 114.39559460000001, 22.4297613 ], [ 114.3955976, 22.4297807 ] ] ] } },
{ "type": "Feature", "properties": { }, "geometry": { "type": "Polygon", "coordinates": [ [ [ 114.3956425, 22.4294993 ], [ 114.3955721, 22.4295092 ], [ 114.3955728, 22.4294361 ], [ 114.3956063, 22.4294262 ], [ 114.3956425, 22.4294993 ] ] ] } },
{ "type": "Feature", "properties": { }, "geometry": { "type": "LineString", "coordinates": [ [ 114.029637600000015, 22.3129803 ], [ 114.0297339, 22.3128993 ], [ 114.0300497, 22.3128359 ], [ 114.030261300000021, 22.3126727 ] ] } },
{ "type": "Feature", "properties": { }, "geometry": { "type": "LineString", "coordinates": [ [ 114.0283262, 22.3121499 ], [ 114.0284032, 22.3123427 ], [ 114.028415, 22.3125047 ], [ 114.0287134, 22.3127215 ], [ 114.029325, 22.3129192 ], [ 114.029637600000015, 22.3129803 ] ] } },
{ "type": "Feature", "properties": { }, "geometry": { "type": "LineString", "coordinates": [ [ 114.0190808, 22.3105759 ], [ 114.0191142, 22.3105247 ], [ 114.0193466, 22.3104126 ], [ 114.0200066, 22.3102604 ], [ 114.020288, 22.3102754 ], [ 114.0207168, 22.3103861 ], [ 114.0210876, 22.3103943 ], [ 114.021572800000015, 22.3104673 ], [ 114.021985900000018, 22.3104582 ], [ 114.0230077, 22.3100578 ] ] } },
{ "type": "Feature", "properties": { }, "geometry": { "type": "LineString", "coordinates": [ [ 114.3868714, 22.3759589 ], [ 114.386933, 22.3760739 ], [ 114.3870678, 22.3761648 ], [ 114.3870447, 22.3761967 ], [ 114.3871817, 22.3762363 ], [ 114.3871801, 22.3762604 ], [ 114.387072, 22.3762517 ], [ 114.387032, 22.3762759 ], [ 114.3870139, 22.376327299999989 ], [ 114.3871081, 22.3763613 ], [ 114.3869135, 22.3765184 ], [ 114.3868931, 22.3765459 ], [ 114.3869316, 22.3765271 ], [ 114.3869288, 22.3765698 ], [ 114.3868546, 22.3766268 ], [ 114.3866857, 22.3767134 ], [ 114.38652230000001, 22.3766873 ], [ 114.3866259, 22.3767356 ], [ 114.3865165, 22.3767658 ], [ 114.3865182, 22.3768388 ], [ 114.3864725, 22.3768529 ], [ 114.3864951, 22.376882 ], [ 114.3864243, 22.3769229 ], [ 114.386558, 22.3769317 ], [ 114.3865578, 22.3769059 ], [ 114.3866204, 22.376903 ], [ 114.3866298, 22.3768758 ], [ 114.3867721, 22.3768244 ], [ 114.3868503, 22.3768509 ], [ 114.3868498, 22.3768971 ], [ 114.3868071, 22.3769414 ], [ 114.3868118, 22.3771106 ], [ 114.3866705, 22.3773009 ], [ 114.3867707, 22.3772845 ], [ 114.3867669, 22.3773502 ], [ 114.3868699, 22.3773804 ], [ 114.3869, 22.3773144 ], [ 114.3869434, 22.3773318 ], [ 114.3869597, 22.3772255 ], [ 114.387105, 22.377031 ], [ 114.3872905, 22.3769327 ], [ 114.387287, 22.3768882 ], [ 114.3874531, 22.3768812 ], [ 114.3874784, 22.3769906 ], [ 114.3874775, 22.376861 ], [ 114.3874946, 22.3768494 ], [ 114.3875194, 22.3769071 ], [ 114.3875925, 22.3767978 ], [ 114.3876569, 22.3768134 ], [ 114.387702, 22.3767707 ], [ 114.3879671, 22.3768365 ], [ 114.3879085, 22.3770852 ], [ 114.3879627, 22.3770795 ], [ 114.3880202, 22.3769271 ], [ 114.388056, 22.3769173 ], [ 114.3880593, 22.3769779 ], [ 114.3881085, 22.3769717 ], [ 114.3881534, 22.3770196 ], [ 114.3882454, 22.3769763 ], [ 114.388204500000015, 22.3769503 ], [ 114.388294500000015, 22.3769296 ], [ 114.3883704, 22.3769681 ], [ 114.3884225, 22.3769477 ], [ 114.388359, 22.3768878 ], [ 114.3884269, 22.3767667 ], [ 114.388367, 22.3767193 ], [ 114.3885069, 22.3764918 ], [ 114.388567, 22.3764495 ], [ 114.388659, 22.376433 ], [ 114.3888186, 22.3764783 ], [ 114.3887666, 22.3765818 ], [ 114.3888205, 22.3766093 ], [ 114.3885883, 22.3767487 ], [ 114.3886236, 22.3767882 ], [ 114.3886542, 22.3767922 ], [ 114.3886877, 22.376752 ], [ 114.3888181, 22.3767542 ], [ 114.3888689, 22.376705 ], [ 114.3890609, 22.3766673 ], [ 114.3892212, 22.3767203 ], [ 114.38954, 22.3766167 ], [ 114.389598, 22.3766361 ], [ 114.3895596, 22.3767427 ], [ 114.3897252, 22.3767812 ], [ 114.3897169, 22.3765907 ], [ 114.389787400000017, 22.3764857 ], [ 114.3898728, 22.3764334 ], [ 114.3898906, 22.3764599 ], [ 114.3899731, 22.3763749 ], [ 114.390073, 22.3764282 ], [ 114.389989, 22.3768285 ], [ 114.3898277, 22.3770126 ], [ 114.3898658, 22.377045 ], [ 114.3898731, 22.377179 ], [ 114.3899685, 22.3769808 ], [ 114.3900332, 22.3769608 ], [ 114.3900382, 22.3768433 ], [ 114.3901455, 22.3767376 ], [ 114.390215, 22.3767286 ], [ 114.390267, 22.3767606 ], [ 114.3903234, 22.3768834 ], [ 114.3904023, 22.3768985 ], [ 114.3904481, 22.3770912 ], [ 114.3905141, 22.3771773 ], [ 114.3904551, 22.3774058 ], [ 114.3904903, 22.3773861 ], [ 114.390499, 22.3773143 ], [ 114.390532, 22.377282 ], [ 114.390561, 22.3772965 ], [ 114.390587900000014, 22.3772339 ], [ 114.390631, 22.3772309 ], [ 114.39064980000002, 22.3771899 ], [ 114.3906325, 22.3770954 ], [ 114.3906684, 22.3770745 ], [ 114.3906015, 22.376872 ], [ 114.3906657, 22.3767699 ], [ 114.3907292, 22.3767169 ], [ 114.3907711, 22.3767218 ], [ 114.3907755, 22.376748 ], [ 114.3910343, 22.3767573 ], [ 114.3909038, 22.3768744 ], [ 114.3910937, 22.3768039 ], [ 114.391175, 22.3768151 ], [ 114.3913155, 22.3769291 ], [ 114.3913702, 22.37703 ], [ 114.3912398, 22.377117 ], [ 114.3913915, 22.3770814 ], [ 114.3914208, 22.3771193 ], [ 114.391487, 22.3771176 ], [ 114.391586100000012, 22.3772118 ], [ 114.3915973, 22.3772626 ], [ 114.391523800000016, 22.3773163 ], [ 114.3915738, 22.3773691 ], [ 114.391592100000011, 22.3774806 ], [ 114.3914726, 22.3775434 ], [ 114.3914747, 22.3775873 ], [ 114.3913706, 22.3775918 ], [ 114.3914079, 22.3776315 ], [ 114.3913832, 22.3776569 ], [ 114.3914369, 22.3776682 ], [ 114.3914552, 22.3777164 ], [ 114.391458, 22.3777663 ], [ 114.3914159, 22.3778004 ], [ 114.3914578, 22.3778034 ], [ 114.3914537, 22.377849 ], [ 114.391483, 22.3778485 ], [ 114.391519400000021, 22.3778092 ], [ 114.3915663, 22.3778263 ], [ 114.3916703, 22.377785 ], [ 114.3917129, 22.3778498 ], [ 114.3918131, 22.3778374 ], [ 114.3918519, 22.3779283 ] ] } },
{ "type": "Feature", "properties": { }, "geometry": { "type": "LineString", "coordinates": [ [ 113.9942218, 22.2156454 ], [ 113.994390100000018, 22.2160517 ], [ 113.9944343, 22.2162844 ], [ 113.994523500000014, 22.2164229 ], [ 113.9945966, 22.2164719 ], [ 113.9949238, 22.2165681 ], [ 113.9950935, 22.2166612 ], [ 113.9951397, 22.2167953 ], [ 113.9951106, 22.2171216 ], [ 113.9951401, 22.2171354 ], [ 113.9951038, 22.217184 ] ] } },
{ "type": "Feature", "properties": { }, "geometry": { "type": "LineString", "coordinates": [ [ 113.9995066, 22.2181096 ], [ 113.9995322, 22.2180605 ], [ 113.9994836, 22.2179311 ], [ 113.9995492, 22.2178425 ], [ 113.9997791, 22.2172344 ], [ 113.9997861, 22.2171855 ], [ 113.9997081, 22.2169915 ], [ 113.999762100000012, 22.2169429 ], [ 113.9998028, 22.2169482 ], [ 113.9998836, 22.2170837 ], [ 114.0000361, 22.2171752 ], [ 114.0002152, 22.2170107 ] ] } },
{ "type": "Feature", "properties": { }, "geometry": { "type": "LineString", "coordinates": [ [ 113.9983385, 22.2182563 ], [ 113.9985289, 22.2182735 ], [ 113.9990029, 22.2182353 ], [ 113.999182600000012, 22.2181867 ], [ 113.99938, 22.2182177 ], [ 113.9995066, 22.2181096 ] ] } },
{ "type": "Feature", "properties": { }, "geometry": { "type": "LineString", "coordinates": [ [ 113.9950902, 22.2172461 ], [ 113.9952842, 22.2174501 ], [ 113.9957744, 22.2177709 ], [ 113.99588540000002, 22.2177862 ], [ 113.9959443, 22.2178597 ], [ 113.995999, 22.217865 ], [ 113.9960321, 22.2178379 ], [ 113.9961076, 22.2178961 ], [ 113.9962416, 22.2178986 ], [ 113.9963165, 22.2179665 ], [ 113.9965655, 22.2180093 ], [ 113.9966089, 22.2180542 ], [ 113.9967244, 22.2180955 ], [ 113.9970112, 22.2181217 ], [ 113.997286, 22.2182005 ], [ 113.9983385, 22.2182563 ] ] } },
{ "type": "Feature", "properties": { }, "geometry": { "type": "LineString", "coordinates": [ [ 113.9951038, 22.217184 ], [ 113.9950902, 22.2172461 ] ] } },
{ "type": "Feature", "properties": { }, "geometry": { "type": "LineString", "coordinates": [ [ 114.2188755, 22.5251346 ], [ 114.2182733, 22.5250042 ], [ 114.2180123, 22.5249154 ], [ 114.2178956, 22.5248378 ], [ 114.21683, 22.524520099999986 ], [ 114.21628, 22.52425 ], [ 114.21573, 22.5241099 ], [ 114.215755200000018, 22.5243598 ], [ 114.2159687, 22.524599 ], [ 114.2160399, 22.5249646 ], [ 114.2160139, 22.5252919 ], [ 114.215868, 22.5255303 ], [ 114.2157893, 22.5255398 ], [ 114.2157965, 22.5255963 ], [ 114.2161864, 22.5262637 ], [ 114.2163823, 22.5268425 ], [ 114.2163129, 22.5271234 ], [ 114.2163411, 22.527375 ], [ 114.2162128, 22.5273441 ], [ 114.2157895, 22.5271286 ], [ 114.2155698, 22.5268896 ], [ 114.2154101, 22.5265499 ], [ 114.2152203, 22.5265578 ], [ 114.2151351, 22.5262513 ], [ 114.2152455, 22.5259759 ], [ 114.2150662, 22.5258591 ], [ 114.2143199, 22.5255 ], [ 114.2136058, 22.5253895 ], [ 114.2131034, 22.5254864 ], [ 114.2125737, 22.5257028 ], [ 114.2107171, 22.5258095 ], [ 114.2100439, 22.5256044 ], [ 114.2097848, 22.5251921 ], [ 114.2099101, 22.5248974 ], [ 114.2101199, 22.5248668 ], [ 114.2102192, 22.5245047 ], [ 114.2102924, 22.5244562 ], [ 114.2103559, 22.5245225 ], [ 114.2104056, 22.5244001 ], [ 114.2103947, 22.524315 ], [ 114.2102652, 22.5242219 ], [ 114.2091713, 22.5243538 ], [ 114.2090556, 22.5243787 ], [ 114.2089798, 22.5245286 ] ] } },
{ "type": "Feature", "properties": { }, "geometry": { "type": "LineString", "coordinates": [ [ 114.2238769, 22.5287053 ], [ 114.2238736, 22.5290358 ], [ 114.2235471, 22.5298133 ], [ 114.2230801, 22.5302086 ], [ 114.2228121, 22.5304127 ], [ 114.2226286, 22.5303554 ], [ 114.2221555, 22.5306299 ], [ 114.2218183, 22.530759 ], [ 114.2215096, 22.5306475 ], [ 114.2213186, 22.5304372 ], [ 114.2212861, 22.5300916 ], [ 114.2215976, 22.5295998 ], [ 114.221472800000015, 22.5292408 ], [ 114.221495, 22.5287945 ], [ 114.2217617, 22.528199 ], [ 114.2217209, 22.5280811 ], [ 114.2214718, 22.5281239 ], [ 114.2211577, 22.5283154 ], [ 114.2208766, 22.5286157 ], [ 114.2207095, 22.5286725 ], [ 114.2203887, 22.5285768 ], [ 114.2202031, 22.5283058 ], [ 114.220161, 22.528056 ], [ 114.2202532, 22.5277491 ], [ 114.2202209, 22.5274758 ], [ 114.2197648, 22.5269487 ], [ 114.219562, 22.5265408 ], [ 114.219336, 22.5260056 ], [ 114.2192856, 22.5255472 ], [ 114.2192089, 22.5252658 ], [ 114.2188755, 22.5251346 ] ] } },
{ "type": "Feature", "properties": { }, "geometry": { "type": "LineString", "coordinates": [ [ 114.2259269, 22.5292796 ], [ 114.2259029, 22.5292319 ], [ 114.2257757, 22.5291501 ], [ 114.225207, 22.5289638 ], [ 114.2247116, 22.5286159 ], [ 114.2245705, 22.528721 ], [ 114.2242227, 22.5285956 ], [ 114.2238873, 22.5286422 ], [ 114.2238769, 22.5287053 ] ] } },
{ "type": "Feature", "properties": { }, "geometry": { "type": "LineString", "coordinates": [ [ 114.2366101, 22.5348818 ], [ 114.2360973, 22.5341992 ], [ 114.2361228, 22.5336531 ], [ 114.2347535, 22.5327923 ], [ 114.2337376, 22.5321043 ], [ 114.2335108, 22.5318258 ], [ 114.2333001, 22.5317501 ], [ 114.2329698, 22.5319845 ], [ 114.2324328, 22.5320773 ], [ 114.2321228, 22.5321924 ], [ 114.2320397, 22.5322678 ], [ 114.2318247, 22.5323371 ], [ 114.2317716, 22.5323942 ] ] } },
{ "type": "Feature", "properties": { }, "geometry": { "type": "LineString", "coordinates": [ [ 114.2471123, 22.5461771 ], [ 114.2470982, 22.5462069 ] ] } },
{ "type": "Feature", "properties": { }, "geometry": { "type": "LineString", "coordinates": [ [ 114.2553803, 22.5494505 ], [ 114.2549291, 22.5491817 ], [ 114.2549076, 22.5486538 ], [ 114.25527, 22.54793 ], [ 114.25528, 22.5474301 ], [ 114.2541555, 22.545809 ], [ 114.2542124, 22.5453946 ], [ 114.25403110000002, 22.5453128 ], [ 114.253364, 22.5452219 ], [ 114.253184800000014, 22.5447359 ], [ 114.2528707, 22.5447047 ], [ 114.2524432, 22.5447743 ], [ 114.25215, 22.54506 ], [ 114.2525443, 22.5453173 ], [ 114.252934, 22.5458658 ], [ 114.2536191, 22.5463094 ], [ 114.2532543, 22.5465975 ], [ 114.25348, 22.5476601 ], [ 114.253055800000013, 22.5478941 ], [ 114.2525891, 22.5475245 ], [ 114.2520688, 22.5475827 ], [ 114.2514542, 22.548178 ], [ 114.2512755, 22.5480589 ], [ 114.2511564, 22.5478206 ], [ 114.2507603, 22.5476917 ], [ 114.2504998, 22.5478441 ], [ 114.2503352, 22.5477987 ], [ 114.2503057, 22.5474457 ], [ 114.2503101, 22.5465699 ], [ 114.2506, 22.5463201 ], [ 114.2505646, 22.5456867 ], [ 114.251039300000016, 22.5457523 ], [ 114.251215300000013, 22.5455821 ], [ 114.2508899, 22.5453 ], [ 114.2507084, 22.5452305 ], [ 114.2504321, 22.5450601 ], [ 114.2500678, 22.5449282 ], [ 114.249636400000014, 22.5448277 ], [ 114.2492966, 22.5446112 ], [ 114.2490818, 22.5448971 ], [ 114.2489081, 22.5450386 ], [ 114.2475543, 22.5459996 ], [ 114.2472393, 22.5461993 ], [ 114.2471343, 22.5462332 ], [ 114.2471123, 22.5461771 ] ] } },
{ "type": "Feature", "properties": { }, "geometry": { "type": "LineString", "coordinates": [ [ 114.2556596, 22.5494877 ], [ 114.2556081, 22.5495592 ], [ 114.2556032, 22.5496465 ], [ 114.2556848, 22.549821 ], [ 114.2556929, 22.5500513 ], [ 114.2556312, 22.5502694 ], [ 114.2556338, 22.5504676 ], [ 114.2557654, 22.5505517 ], [ 114.2558181, 22.5507027 ], [ 114.2557649, 22.5508861 ], [ 114.2558324, 22.5510274 ], [ 114.2560899, 22.5511686 ], [ 114.2561033, 22.5514163 ], [ 114.2560523, 22.5514212 ], [ 114.2560423, 22.5513345 ], [ 114.2559705, 22.5512082 ], [ 114.2558565, 22.5513097 ], [ 114.2557277, 22.5512775 ], [ 114.2556259, 22.5508738 ], [ 114.2555501, 22.5508546 ], [ 114.2554528, 22.5506248 ], [ 114.2555426, 22.550522 ], [ 114.2555386, 22.550335 ], [ 114.2555728, 22.5502873 ], [ 114.2556232, 22.550039 ], [ 114.2556071, 22.5498062 ], [ 114.2553803, 22.5494505 ] ] } },
{ "type": "Feature", "properties": { }, "geometry": { "type": "LineString", "coordinates": [ [ 114.233929500000016, 22.4676853 ], [ 114.2342903, 22.4679037 ], [ 114.2344506, 22.4679402 ] ] } },
{ "type": "Feature", "properties": { }, "geometry": { "type": "LineString", "coordinates": [ [ 114.2566944, 22.5402127 ], [ 114.256830400000013, 22.5403382 ], [ 114.2572667, 22.5405494 ], [ 114.2575234, 22.5407546 ], [ 114.2578404, 22.5412539 ], [ 114.2581687, 22.5415007 ] ] } },
{ "type": "Feature", "properties": { }, "geometry": { "type": "LineString", "coordinates": [ [ 114.256107, 22.5395152 ], [ 114.2561857, 22.5396175 ], [ 114.256413, 22.5397844 ], [ 114.2565088, 22.5400358 ], [ 114.2565976, 22.5401439 ], [ 114.2566645, 22.5401804 ], [ 114.2567041, 22.5401699 ], [ 114.2567833, 22.5400646 ], [ 114.2569021, 22.5399734 ], [ 114.2569199, 22.5399887 ], [ 114.2566944, 22.5402127 ] ] } },
{ "type": "Feature", "properties": { }, "geometry": { "type": "LineString", "coordinates": [ [ 114.3216142, 22.3968671 ], [ 114.321703900000017, 22.3970397 ], [ 114.3218166, 22.3971357 ] ] } },
{ "type": "Feature", "properties": { }, "geometry": { "type": "LineString", "coordinates": [ [ 114.3218166, 22.3971357 ], [ 114.3219717, 22.3972184 ], [ 114.322004, 22.3972067 ], [ 114.322013700000014, 22.3971612 ] ] } },
{ "type": "Feature", "properties": { }, "geometry": { "type": "LineString", "coordinates": [ [ 114.322013700000014, 22.3971612 ], [ 114.3218676, 22.3968836 ], [ 114.3218545, 22.3967712 ] ] } },
{ "type": "Feature", "properties": { }, "geometry": { "type": "LineString", "coordinates": [ [ 114.3187198, 22.3936012 ], [ 114.3190004, 22.3937851 ], [ 114.3192281, 22.3937971 ], [ 114.3193588, 22.3937404 ] ] } },
{ "type": "Feature", "properties": { }, "geometry": { "type": "LineString", "coordinates": [ [ 114.3218545, 22.3967712 ], [ 114.3219148, 22.396659 ], [ 114.3219813, 22.3966229 ], [ 114.3225253, 22.3965822 ], [ 114.3224734, 22.3964808 ], [ 114.3222352, 22.3964789 ], [ 114.3220514, 22.396412 ], [ 114.3218827, 22.3962804 ] ] } },
{ "type": "Feature", "properties": { }, "geometry": { "type": "LineString", "coordinates": [ [ 114.3097957, 22.3906677 ], [ 114.3097906, 22.3908908 ], [ 114.3099008, 22.39226 ], [ 114.3100356, 22.3922943 ], [ 114.310091900000018, 22.3923917 ], [ 114.3100932, 22.392474 ], [ 114.3101896, 22.392592 ], [ 114.3104775, 22.392641 ], [ 114.310673800000018, 22.3925893 ], [ 114.310756, 22.392605 ], [ 114.3109796, 22.3925658 ], [ 114.3110776, 22.3924782 ], [ 114.311129500000021, 22.3925671 ], [ 114.3113368, 22.3927188 ], [ 114.3117063, 22.392818 ], [ 114.311884, 22.3928255 ], [ 114.3120748, 22.3929057 ], [ 114.3122524, 22.3930166 ], [ 114.3122821, 22.3931118 ], [ 114.312367, 22.3931538 ], [ 114.3133589, 22.3931204 ], [ 114.3135594, 22.3930431 ], [ 114.3136864, 22.392878 ], [ 114.3138474, 22.3928407 ], [ 114.3146663, 22.3930188 ], [ 114.3148432, 22.3930335 ], [ 114.314949900000016, 22.3930745 ], [ 114.315098, 22.3932719 ], [ 114.3152783, 22.3933565 ], [ 114.3153769, 22.3933625 ], [ 114.3156023, 22.3932281 ], [ 114.3158306, 22.3932049 ], [ 114.315885, 22.3932519 ], [ 114.3158673, 22.3933748 ], [ 114.3161048, 22.3934812 ], [ 114.3163549, 22.3936459 ], [ 114.3165932, 22.3938616 ], [ 114.3167812, 22.3940832 ], [ 114.3170459, 22.394247 ], [ 114.317133200000015, 22.3942051 ], [ 114.3172237, 22.3940649 ], [ 114.3174707, 22.3939578 ], [ 114.3175004, 22.394004 ], [ 114.3175765, 22.3939758 ], [ 114.3179082, 22.3936633 ], [ 114.3181159, 22.3935663 ], [ 114.3181379, 22.3936028 ], [ 114.3184808, 22.3935179 ], [ 114.3187198, 22.3936012 ] ] } },
{ "type": "Feature", "properties": { }, "geometry": { "type": "LineString", "coordinates": [ [ 114.3093937, 22.3853379 ], [ 114.3095539, 22.3852999 ], [ 114.3097156, 22.385196 ], [ 114.309701, 22.3850509 ], [ 114.3097389, 22.3849759 ], [ 114.3098696, 22.3848853 ], [ 114.3100761, 22.3848552 ], [ 114.3101469, 22.38489 ], [ 114.3101765, 22.3849815 ], [ 114.3101262, 22.3852263 ], [ 114.3101868, 22.3853392 ], [ 114.3102893, 22.3854281 ], [ 114.3104912, 22.3854585 ], [ 114.3105286, 22.3855087 ], [ 114.31049010000001, 22.3856129 ], [ 114.310468, 22.3859937 ], [ 114.3103754, 22.3861051 ], [ 114.3101587, 22.3862109 ], [ 114.3100812, 22.3861986 ], [ 114.3099093, 22.3862621 ], [ 114.3098489, 22.3863598 ], [ 114.309879, 22.3864156 ], [ 114.3098422, 22.3865141 ], [ 114.3097328, 22.3866058 ], [ 114.3097111, 22.3865496 ], [ 114.309656700000019, 22.3865277 ], [ 114.3092681, 22.3867033 ], [ 114.3088472, 22.3866424 ], [ 114.3086765, 22.386718 ], [ 114.3086643, 22.3867356 ], [ 114.308748, 22.3867607 ], [ 114.3087399, 22.3867857 ], [ 114.3086517, 22.3867589 ], [ 114.3085865, 22.386868 ], [ 114.3086451, 22.3872148 ], [ 114.3084018, 22.3872272 ], [ 114.3083875, 22.3872971 ], [ 114.3084055, 22.3873616 ], [ 114.3085524, 22.3874743 ], [ 114.3086945, 22.3875165 ], [ 114.308726800000017, 22.3875613 ], [ 114.3087538, 22.3877179 ], [ 114.3087114, 22.3881068 ], [ 114.3088334, 22.3884419 ], [ 114.3088379, 22.3885761 ], [ 114.3086984, 22.3887057 ], [ 114.3087072, 22.3885394 ], [ 114.3085942, 22.3884991 ], [ 114.308484, 22.3884185 ], [ 114.3081497, 22.388334 ], [ 114.3080772, 22.3883521 ], [ 114.3080618, 22.3884126 ], [ 114.3081701, 22.3885635 ], [ 114.3082977, 22.3886366 ], [ 114.3084528, 22.3888864 ], [ 114.308492, 22.3892895 ], [ 114.3084355, 22.3893781 ], [ 114.3083105, 22.3897625 ], [ 114.3084316, 22.3898883 ], [ 114.308620300000015, 22.3898236 ], [ 114.3086755, 22.3897255 ], [ 114.3088038, 22.3897157 ], [ 114.3088447, 22.3896874 ], [ 114.3088717, 22.389629 ], [ 114.3089864, 22.3895375 ], [ 114.3090923, 22.3895026 ], [ 114.309273, 22.3893462 ], [ 114.3093126, 22.3892395 ], [ 114.3093463, 22.3894 ], [ 114.3093227, 22.3894363 ], [ 114.309333600000016, 22.3895796 ], [ 114.3093716, 22.3896457 ], [ 114.3094495, 22.3896823 ], [ 114.3095579, 22.3896837 ], [ 114.3098268, 22.3897872 ], [ 114.310097, 22.3899629 ], [ 114.3100937, 22.3900978 ], [ 114.3100344, 22.3903075 ], [ 114.3098077, 22.390534 ], [ 114.3097835, 22.3905712 ], [ 114.3097957, 22.3906677 ] ] } },
{ "type": "Feature", "properties": { }, "geometry": { "type": "LineString", "coordinates": [ [ 114.3089708, 22.3853355 ], [ 114.3093937, 22.3853379 ] ] } },
{ "type": "Feature", "properties": { }, "geometry": { "type": "LineString", "coordinates": [ [ 114.302738, 22.3870898 ], [ 114.302771, 22.386866 ], [ 114.3028375, 22.38688 ], [ 114.3028085, 22.3870103 ], [ 114.3028732, 22.3870519 ], [ 114.3029377, 22.3869466 ], [ 114.3029444, 22.3868109 ], [ 114.3030191, 22.3866057 ], [ 114.3031744, 22.3864057 ], [ 114.3034156, 22.3862459 ], [ 114.3034941, 22.3862692 ], [ 114.3036103, 22.3861691 ], [ 114.3038379, 22.3860485 ], [ 114.3038586, 22.3860071 ], [ 114.3040034, 22.3860084 ], [ 114.304264, 22.3859358 ], [ 114.3044772, 22.3858248 ], [ 114.3045145, 22.3857315 ], [ 114.304501, 22.3855653 ], [ 114.304348200000021, 22.3852582 ], [ 114.3042902, 22.3850276 ], [ 114.3042427, 22.3843068 ], [ 114.3042757, 22.3842063 ], [ 114.3043784, 22.3840809 ], [ 114.3044649, 22.384035399999988 ], [ 114.3047512, 22.3840062 ], [ 114.3049184, 22.3840336 ], [ 114.3050176, 22.3840858 ], [ 114.3054678, 22.3841505 ], [ 114.3055038, 22.3841899 ], [ 114.3055613, 22.3841928 ], [ 114.3057316, 22.3844118 ], [ 114.3058476, 22.384494 ], [ 114.3059111, 22.3844866 ], [ 114.3059602, 22.3844435 ], [ 114.3059666, 22.3845134 ], [ 114.3061319, 22.3847621 ], [ 114.3060664, 22.3849465 ], [ 114.306076, 22.3850591 ], [ 114.306031, 22.3852948 ], [ 114.3060809, 22.3856145 ], [ 114.306407, 22.3858743 ], [ 114.3065117, 22.3858323 ], [ 114.3066065, 22.3857211 ], [ 114.3067506, 22.3857403 ], [ 114.3068499, 22.3857154 ], [ 114.3068828, 22.3856019 ], [ 114.306988, 22.3856577 ], [ 114.3070229, 22.3857256 ], [ 114.3071064, 22.385759 ], [ 114.3073976, 22.3857067 ], [ 114.3076795, 22.3857471 ], [ 114.3075157, 22.385444 ], [ 114.3075187, 22.3854046 ], [ 114.3075883, 22.3853341 ], [ 114.3077488, 22.3852633 ], [ 114.3079419, 22.3850691 ], [ 114.3080411, 22.3848539 ], [ 114.3081814, 22.3848015 ], [ 114.3084112, 22.3849445 ], [ 114.30857810000002, 22.3852363 ], [ 114.3087198, 22.3853685 ], [ 114.3088124, 22.3853809 ], [ 114.3089708, 22.3853355 ] ] } },
{ "type": "Feature", "properties": { }, "geometry": { "type": "LineString", "coordinates": [ [ 114.2988672, 22.3847214 ], [ 114.2986372, 22.3845537 ], [ 114.2986265, 22.3844968 ], [ 114.298671, 22.3842729 ], [ 114.298787300000015, 22.3840962 ], [ 114.2992686, 22.3841563 ], [ 114.299369200000015, 22.3842025 ], [ 114.2993688, 22.3843121 ], [ 114.2995381, 22.3846302 ], [ 114.2997255, 22.3848463 ], [ 114.2999198, 22.3849448 ], [ 114.3000899, 22.3849554 ], [ 114.3003012, 22.3848869 ], [ 114.30065470000001, 22.384958 ], [ 114.301182, 22.3849168 ], [ 114.3014704, 22.3849978 ], [ 114.3016095, 22.385077 ], [ 114.3019614, 22.3851245 ], [ 114.3019884, 22.385161 ], [ 114.3022295, 22.3852331 ], [ 114.302338, 22.3853147 ], [ 114.3024608, 22.3855388 ], [ 114.3024752, 22.3860036 ], [ 114.3024368, 22.3861052 ], [ 114.3022007, 22.3863589 ], [ 114.301995300000016, 22.3865132 ], [ 114.3018875, 22.3866753 ], [ 114.3018052, 22.3869836 ], [ 114.3018082, 22.3873317 ], [ 114.3017685, 22.3874988 ], [ 114.3015422, 22.3880095 ], [ 114.3015201, 22.3881311 ] ] } },
{ "type": "Feature", "properties": { }, "geometry": { "type": "LineString", "coordinates": [ [ 114.3015362, 22.3881927 ], [ 114.301592, 22.3882106 ], [ 114.3016382, 22.3881526 ], [ 114.3017007, 22.3879321 ], [ 114.3018104, 22.3878381 ], [ 114.3018935, 22.3876341 ], [ 114.3021226, 22.387423 ], [ 114.3021796, 22.3874538 ], [ 114.302044, 22.3876444 ], [ 114.3019952, 22.3878172 ], [ 114.301701, 22.3882597 ], [ 114.3019043, 22.3883408 ] ] } },
{ "type": "Feature", "properties": { }, "geometry": { "type": "LineString", "coordinates": [ [ 114.3020967, 22.3880544 ], [ 114.3021423, 22.3880148 ], [ 114.3021154, 22.3879936 ], [ 114.3024106, 22.3876079 ], [ 114.302445800000015, 22.3875147 ], [ 114.3024316, 22.3874515 ], [ 114.3024873, 22.3874206 ], [ 114.3024664, 22.3873904 ], [ 114.3025016, 22.3873167 ], [ 114.3026933, 22.3871826 ], [ 114.302738, 22.3870898 ] ] } },
{ "type": "Feature", "properties": { }, "geometry": { "type": "LineString", "coordinates": [ [ 114.3019043, 22.3883408 ], [ 114.3020967, 22.3880544 ] ] } },
{ "type": "Feature", "properties": { }, "geometry": { "type": "LineString", "coordinates": [ [ 114.2969291, 22.3895196 ], [ 114.2967903, 22.3894334 ], [ 114.2967574, 22.3891812 ], [ 114.2966702, 22.3890459 ], [ 114.2965974, 22.389044299999988 ], [ 114.2965853, 22.3890175 ], [ 114.296619300000017, 22.3889833 ], [ 114.2966539, 22.3890048 ], [ 114.2966419, 22.3888203 ], [ 114.296595, 22.3887521 ], [ 114.296679, 22.388683 ], [ 114.2966635, 22.3885669 ], [ 114.2967567, 22.3884958 ], [ 114.2968442, 22.3885067 ], [ 114.2969866, 22.3884101 ], [ 114.2969268, 22.3882891 ], [ 114.29694240000002, 22.3882574 ], [ 114.2971519, 22.3881375 ], [ 114.2972272, 22.3882542 ], [ 114.2973658, 22.3881257 ], [ 114.2976764, 22.3880539 ], [ 114.2977381, 22.3880668 ], [ 114.297722800000017, 22.3880833 ], [ 114.2979238, 22.3882377 ], [ 114.2980486, 22.3882669 ], [ 114.2981907, 22.3882514 ], [ 114.29823, 22.3882118 ], [ 114.2983894, 22.3882289 ], [ 114.2985413, 22.3881762 ], [ 114.2987092, 22.3879437 ], [ 114.2989524, 22.3878277 ], [ 114.2990423, 22.3878251 ], [ 114.2991075, 22.387669 ], [ 114.2988887, 22.3875836 ], [ 114.2989044, 22.3875493 ], [ 114.2990558, 22.3876084 ], [ 114.2991855, 22.3875842 ], [ 114.2992309, 22.387255 ], [ 114.2987046, 22.3870561 ], [ 114.2987135, 22.387036 ], [ 114.2991748, 22.3872102 ], [ 114.2994667, 22.3868463 ] ] } },
{ "type": "Feature", "properties": { }, "geometry": { "type": "LineString", "coordinates": [ [ 114.2969368, 22.3900746 ], [ 114.2969817, 22.3896485 ], [ 114.2969291, 22.3895196 ] ] } },
{ "type": "Feature", "properties": { }, "geometry": { "type": "LineString", "coordinates": [ [ 114.2966464, 22.3907239 ], [ 114.2965781, 22.3904758 ], [ 114.2968001, 22.3902382 ], [ 114.296882900000014, 22.3900958 ], [ 114.2969368, 22.3900746 ] ] } },
{ "type": "Feature", "properties": { }, "geometry": { "type": "LineString", "coordinates": [ [ 114.2891943, 22.3925819 ], [ 114.2893375, 22.3922788 ], [ 114.2893686, 22.3919522 ], [ 114.2894405, 22.3916292 ], [ 114.2895166, 22.3915508 ], [ 114.2897296, 22.3911513 ], [ 114.2897676, 22.3909351 ], [ 114.2900139, 22.3907252 ], [ 114.2901104, 22.3906047 ], [ 114.290212900000014, 22.3902648 ], [ 114.2903, 22.3901861 ], [ 114.2903669, 22.3900344 ], [ 114.2904409, 22.3897618 ], [ 114.2905067, 22.3897548 ], [ 114.2905898, 22.3897881 ], [ 114.2906777, 22.3897172 ], [ 114.2907142, 22.3894825 ], [ 114.2907939, 22.3894017 ], [ 114.2908793, 22.389375 ], [ 114.2910602, 22.3891591 ], [ 114.2911955, 22.3891119 ], [ 114.2914151, 22.3891809 ], [ 114.2915888, 22.3891151 ], [ 114.2922762, 22.3886077 ], [ 114.2925518, 22.3884911 ], [ 114.292739, 22.3883449 ], [ 114.2930936, 22.3881705 ], [ 114.2937196, 22.3881573 ], [ 114.2941999, 22.3882376 ], [ 114.2944042, 22.388395 ], [ 114.2945489, 22.3884266 ], [ 114.2947544, 22.3886201 ], [ 114.2953008, 22.3897166 ], [ 114.295386, 22.39047 ], [ 114.2954128, 22.3904944 ], [ 114.2954919, 22.390374 ], [ 114.2956031, 22.3903374 ], [ 114.29568380000002, 22.3905337 ], [ 114.2956602, 22.3905618 ], [ 114.2958655, 22.3907202 ], [ 114.296148, 22.3907941 ], [ 114.2963974, 22.3907933 ], [ 114.2964303, 22.3907329 ], [ 114.2966464, 22.3907239 ] ] } },
{ "type": "Feature", "properties": { }, "geometry": { "type": "LineString", "coordinates": [ [ 114.2836642, 22.3952437 ], [ 114.2838018, 22.3952541 ], [ 114.2839522, 22.3952215 ], [ 114.2842463, 22.3952553 ], [ 114.2842653, 22.3953076 ], [ 114.2846958, 22.3955952 ], [ 114.284723600000021, 22.3956494 ], [ 114.284846, 22.3957293 ], [ 114.2850252, 22.3958097 ], [ 114.2850722, 22.3957845 ], [ 114.2854286, 22.3960189 ], [ 114.2853788, 22.3962186 ], [ 114.2854264, 22.3962953 ], [ 114.2855542, 22.3959842 ], [ 114.2856252, 22.3958815 ] ] } },
{ "type": "Feature", "properties": { }, "geometry": { "type": "LineString", "coordinates": [ [ 114.2874207, 22.3942936 ], [ 114.2874092, 22.3942385 ], [ 114.2874418, 22.3942061 ], [ 114.2875357, 22.394256 ], [ 114.287606900000014, 22.3943797 ], [ 114.2877398, 22.3943258 ], [ 114.2878488, 22.3942414 ], [ 114.2880872, 22.3943191 ], [ 114.2885325, 22.3941959 ], [ 114.2889337, 22.3939896 ], [ 114.2889552, 22.3940014 ] ] } },
{ "type": "Feature", "properties": { }, "geometry": { "type": "LineString", "coordinates": [ [ 114.2870172, 22.3951813 ], [ 114.2871688, 22.3951062 ], [ 114.2873434, 22.3949665 ], [ 114.2873868, 22.3948336 ], [ 114.2874075, 22.3945082 ], [ 114.2874838, 22.3944045 ], [ 114.2874207, 22.3942936 ] ] } },
{ "type": "Feature", "properties": { }, "geometry": { "type": "LineString", "coordinates": [ [ 114.2889742, 22.3939771 ], [ 114.2889606, 22.3939208 ], [ 114.2890103, 22.3938302 ], [ 114.2890765, 22.393445 ], [ 114.2890799, 22.393111 ], [ 114.2891608, 22.392903 ], [ 114.2891733, 22.3926433 ] ] } },
{ "type": "Feature", "properties": { }, "geometry": { "type": "LineString", "coordinates": [ [ 114.2889552, 22.3940014 ], [ 114.2889742, 22.3939771 ] ] } },
{ "type": "Feature", "properties": { }, "geometry": { "type": "LineString", "coordinates": [ [ 114.2812428, 22.3930798 ], [ 114.2814181, 22.3932599 ], [ 114.2814528, 22.3934027 ], [ 114.2816158, 22.3937376 ], [ 114.282003, 22.3941291 ], [ 114.2825129, 22.3944611 ], [ 114.2826874, 22.3946629 ], [ 114.2827832, 22.3949646 ], [ 114.2828773, 22.3950306 ], [ 114.2831715, 22.3949354 ], [ 114.283362, 22.3950779 ], [ 114.2835906, 22.3951643 ], [ 114.2836642, 22.3952437 ] ] } },
{ "type": "Feature", "properties": { }, "geometry": { "type": "LineString", "coordinates": [ [ 114.2809555, 22.3927322 ], [ 114.281067, 22.3928216 ], [ 114.281178400000016, 22.3928338 ], [ 114.2812826, 22.3928842 ], [ 114.2812428, 22.3930798 ] ] } },
{ "type": "Feature", "properties": { }, "geometry": { "type": "LineString", "coordinates": [ [ 114.2809161, 22.3926056 ], [ 114.2808852, 22.3926658 ], [ 114.280783400000018, 22.392708 ], [ 114.2806999, 22.3926469 ] ] } },
{ "type": "Feature", "properties": { }, "geometry": { "type": "LineString", "coordinates": [ [ 114.2807823, 22.3928792 ], [ 114.2807905, 22.3928151 ], [ 114.2808848, 22.3927246 ], [ 114.2809555, 22.3927322 ] ] } },
{ "type": "Feature", "properties": { }, "geometry": { "type": "LineString", "coordinates": [ [ 114.2800901, 22.3943629 ], [ 114.2802623, 22.3941052 ], [ 114.2803314, 22.3940614 ], [ 114.2804291, 22.3939334 ], [ 114.2805509, 22.3937206 ], [ 114.2806062, 22.3936618 ], [ 114.280807900000013, 22.3935638 ], [ 114.2808075, 22.3935132 ], [ 114.2806871, 22.3934193 ], [ 114.2805306, 22.3932373 ], [ 114.2805175, 22.3931788 ] ] } },
{ "type": "Feature", "properties": { }, "geometry": { "type": "LineString", "coordinates": [ [ 114.2805175, 22.3931788 ], [ 114.2805232, 22.3931237 ], [ 114.2806216, 22.393051 ], [ 114.2806353, 22.3929863 ], [ 114.2807347, 22.3929472 ], [ 114.2807823, 22.3928792 ] ] } },
{ "type": "Feature", "properties": { }, "geometry": { "type": "LineString", "coordinates": [ [ 114.2794639, 22.3946891 ], [ 114.2797094, 22.3946443 ], [ 114.2800901, 22.3943629 ] ] } },
{ "type": "Feature", "properties": { }, "geometry": { "type": "LineString", "coordinates": [ [ 114.2860662, 22.3958968 ], [ 114.286252, 22.3961643 ], [ 114.2863853, 22.3961638 ], [ 114.2864385, 22.3960751 ], [ 114.2863397, 22.3959121 ], [ 114.2863393, 22.3957826 ] ] } },
{ "type": "Feature", "properties": { }, "geometry": { "type": "LineString", "coordinates": [ [ 114.2856252, 22.3958815 ], [ 114.2857756, 22.3957108 ], [ 114.2858268, 22.3956975 ], [ 114.2859432, 22.3957381 ], [ 114.2860662, 22.3958968 ] ] } },
{ "type": "Feature", "properties": { }, "geometry": { "type": "LineString", "coordinates": [ [ 114.2772489, 22.3926081 ], [ 114.2774936, 22.3929019 ], [ 114.2775375, 22.3929964 ], [ 114.2775874, 22.3932141 ], [ 114.2775861, 22.3934492 ], [ 114.277512300000012, 22.3938132 ], [ 114.2776414, 22.3939802 ], [ 114.2776545, 22.3939509 ], [ 114.2777548, 22.3940289 ], [ 114.2777448, 22.3940629 ], [ 114.2782511, 22.3943574 ], [ 114.2783776, 22.3944002 ], [ 114.2784317, 22.3944519 ], [ 114.2784673, 22.3945553 ], [ 114.2785878, 22.3946419 ], [ 114.2786512, 22.3947526 ], [ 114.2787519, 22.3948393 ], [ 114.2788181, 22.3948046 ], [ 114.2789894, 22.3948067 ], [ 114.2794639, 22.3946891 ] ] } },
{ "type": "Feature", "properties": { }, "geometry": { "type": "LineString", "coordinates": [ [ 114.2769204, 22.3920826 ], [ 114.2771091, 22.3923079 ], [ 114.2772489, 22.3926081 ] ] } },
{ "type": "Feature", "properties": { }, "geometry": { "type": "LineString", "coordinates": [ [ 114.2866831, 22.3953265 ], [ 114.2868923, 22.3951435 ], [ 114.286980400000019, 22.3951917 ], [ 114.2870172, 22.3951813 ] ] } },
{ "type": "Feature", "properties": { }, "geometry": { "type": "LineString", "coordinates": [ [ 114.2863393, 22.3957826 ], [ 114.2863787, 22.3955929 ], [ 114.2866831, 22.3953265 ] ] } },
{ "type": "Feature", "properties": { }, "geometry": { "type": "LineString", "coordinates": [ [ 114.2750275, 22.4151568 ], [ 114.2750368, 22.4148981 ], [ 114.2751062, 22.4146758 ], [ 114.2751808, 22.4145659 ], [ 114.2752776, 22.4143184 ], [ 114.2753164, 22.4142429 ], [ 114.2755345, 22.4140825 ], [ 114.2756644, 22.4138855 ], [ 114.2757358, 22.4135914 ], [ 114.2759643, 22.4132581 ], [ 114.2760316, 22.4129406 ], [ 114.276024600000014, 22.4128484 ], [ 114.2759746, 22.412790499999989 ], [ 114.2758916, 22.4124461 ], [ 114.2758069, 22.4123408 ], [ 114.2757354, 22.4119892 ], [ 114.2757938, 22.4118439 ], [ 114.2757936, 22.4117596 ], [ 114.2759148, 22.4116588 ], [ 114.2759672, 22.4115422 ], [ 114.2758673, 22.4113255 ], [ 114.2759518, 22.4112645 ], [ 114.2760425, 22.4110362 ], [ 114.2760297, 22.4108838 ], [ 114.2761395, 22.4105243 ], [ 114.2761912, 22.4104444 ], [ 114.2762097, 22.4103186 ], [ 114.2763111, 22.4101333 ], [ 114.2763979, 22.4096425 ] ] } },
{ "type": "Feature", "properties": { }, "geometry": { "type": "LineString", "coordinates": [ [ 114.2747692, 22.4110875 ], [ 114.274745, 22.4111552 ], [ 114.2746925, 22.4111455 ], [ 114.2746727, 22.4111785 ] ] } },
{ "type": "Feature", "properties": { }, "geometry": { "type": "LineString", "coordinates": [ [ 114.2682265, 22.4193459 ], [ 114.2681557, 22.4194932 ], [ 114.2681383, 22.4196146 ], [ 114.268036, 22.4197247 ] ] } },
{ "type": "Feature", "properties": { }, "geometry": { "type": "LineString", "coordinates": [ [ 114.268036, 22.4197247 ], [ 114.267748, 22.4203758 ], [ 114.2676765, 22.4204063 ], [ 114.2676091, 22.4205517 ], [ 114.2675224, 22.4206498 ], [ 114.2675799, 22.4206879 ], [ 114.2676084, 22.4207402 ], [ 114.2675935, 22.4207716 ], [ 114.2674544, 22.4208412 ], [ 114.2674365, 22.4208934 ] ] } },
{ "type": "Feature", "properties": { }, "geometry": { "type": "LineString", "coordinates": [ [ 114.2739578, 22.4131238 ], [ 114.273959500000018, 22.4130583 ], [ 114.2735543, 22.4132453 ] ] } },
{ "type": "Feature", "properties": { }, "geometry": { "type": "LineString", "coordinates": [ [ 114.2740957, 22.4127182 ], [ 114.2741065, 22.4128901 ], [ 114.2741788, 22.4129444 ], [ 114.2742118, 22.4130289 ], [ 114.2741222, 22.4130967 ], [ 114.2740346, 22.413092 ], [ 114.2739578, 22.4131238 ] ] } },
{ "type": "Feature", "properties": { }, "geometry": { "type": "LineString", "coordinates": [ [ 114.2746174, 22.4111968 ], [ 114.2743645, 22.4115491 ] ] } },
{ "type": "Feature", "properties": { }, "geometry": { "type": "LineString", "coordinates": [ [ 114.2746727, 22.4111785 ], [ 114.2746505, 22.4112113 ], [ 114.2746174, 22.4111968 ] ] } },
{ "type": "Feature", "properties": { }, "geometry": { "type": "LineString", "coordinates": [ [ 114.2690079, 22.3573693 ], [ 114.2691135, 22.3573079 ], [ 114.2693201, 22.3572808 ], [ 114.2693258, 22.3572349 ], [ 114.2694449, 22.3572088 ], [ 114.2695505, 22.3572457 ], [ 114.2696142, 22.3573369 ], [ 114.269806300000013, 22.3574055 ], [ 114.2699069, 22.3575532 ], [ 114.2701571, 22.3576523 ], [ 114.270205, 22.3577228 ], [ 114.2705708, 22.3579446 ], [ 114.2707286, 22.3581379 ], [ 114.2714906, 22.3588613 ], [ 114.2717637, 22.359224 ], [ 114.2718551, 22.3594026 ], [ 114.2718688, 22.3596556 ], [ 114.2717972, 22.3597196 ], [ 114.2718846, 22.3597032 ], [ 114.272186100000013, 22.3599535 ], [ 114.2724688, 22.3599667 ], [ 114.2725041, 22.3600556 ], [ 114.2725287, 22.3599668 ], [ 114.2723446, 22.3595699 ], [ 114.272339, 22.359432 ], [ 114.272358, 22.359176 ], [ 114.2724769, 22.3590112 ], [ 114.2723726, 22.3587963 ], [ 114.2722675, 22.3582702 ] ] } },
{ "type": "Feature", "properties": { }, "geometry": { "type": "LineString", "coordinates": [ [ 114.2722675, 22.3582702 ], [ 114.2722384, 22.3582287 ], [ 114.272271300000014, 22.3581577 ], [ 114.2722277, 22.3580077 ], [ 114.272100100000017, 22.3577113 ], [ 114.2719848, 22.3577512 ], [ 114.271878, 22.3574724 ], [ 114.2716616, 22.3571231 ], [ 114.2715637, 22.3570717 ], [ 114.2714875, 22.3571329 ], [ 114.2714293, 22.3570524 ], [ 114.2714598, 22.3570212 ], [ 114.2713403, 22.3567512 ], [ 114.2713519, 22.3565031 ], [ 114.2715094, 22.3560406 ], [ 114.271531, 22.3560465 ], [ 114.2715681, 22.3559444 ], [ 114.2715958, 22.3558035 ] ] } },
{ "type": "Feature", "properties": { }, "geometry": { "type": "LineString", "coordinates": [ [ 114.2659255, 22.3569629 ], [ 114.2659809, 22.357052 ], [ 114.2660975, 22.3571278 ], [ 114.2661645, 22.3571383 ], [ 114.2663247, 22.3570851 ], [ 114.2663872, 22.3571077 ], [ 114.266517, 22.3572845 ], [ 114.2664852, 22.3573812 ], [ 114.2665056, 22.3574069 ], [ 114.2669357, 22.3575891 ], [ 114.2671805, 22.3575444 ], [ 114.267246900000018, 22.3574496 ], [ 114.267373500000019, 22.3573679 ], [ 114.2674999, 22.3574192 ], [ 114.2675321, 22.3574845 ], [ 114.2675296, 22.3576147 ], [ 114.2676065, 22.3576395 ], [ 114.2686778, 22.3575864 ], [ 114.2686918, 22.3573544 ], [ 114.2690079, 22.3573693 ] ] } },
{ "type": "Feature", "properties": { }, "geometry": { "type": "LineString", "coordinates": [ [ 114.2715958, 22.3558035 ], [ 114.2715978, 22.3554395 ], [ 114.271713, 22.3552604 ], [ 114.2718601, 22.3551419 ], [ 114.2720584, 22.3544896 ], [ 114.2721818, 22.35448 ], [ 114.2721986, 22.3543342 ], [ 114.2722973, 22.3542883 ], [ 114.272470200000015, 22.3537198 ], [ 114.2724128, 22.3536706 ], [ 114.2724571, 22.3534885 ], [ 114.2726901, 22.353535 ], [ 114.2730238, 22.3528494 ], [ 114.2731011, 22.3524767 ], [ 114.2732624, 22.3525112 ], [ 114.273343, 22.3522356 ], [ 114.2734697, 22.3520978 ], [ 114.2735474, 22.3521221 ], [ 114.2737403, 22.3517869 ], [ 114.2735447, 22.3515936 ], [ 114.2734194, 22.3513449 ], [ 114.2734462, 22.351252 ], [ 114.2736428, 22.3512033 ], [ 114.2736027, 22.3513782 ], [ 114.2736908, 22.351389 ], [ 114.2737833, 22.3513299 ], [ 114.2738041, 22.3512393 ], [ 114.2739898, 22.3512199 ], [ 114.274037, 22.3513226 ], [ 114.2741501, 22.3513052 ], [ 114.2743072, 22.3511418 ], [ 114.2744812, 22.3511056 ], [ 114.2746178, 22.3508958 ], [ 114.2747859, 22.3508633 ], [ 114.274781300000015, 22.3507724 ], [ 114.274744700000014, 22.3507422 ], [ 114.2747504, 22.3506768 ], [ 114.274802600000015, 22.350631 ], [ 114.2748516, 22.3506394 ], [ 114.2747893, 22.3509573 ], [ 114.2748076, 22.3509717 ], [ 114.2749704, 22.3506925 ], [ 114.2750307, 22.3507056 ], [ 114.2751013, 22.3506487 ], [ 114.2751481, 22.3506533 ], [ 114.2753005, 22.3507786 ], [ 114.2753235, 22.3513181 ], [ 114.275262700000013, 22.3513686 ], [ 114.2753092, 22.351442 ], [ 114.2753188, 22.3516588 ], [ 114.2752747, 22.3517078 ], [ 114.2753294, 22.3518069 ], [ 114.2754078, 22.3518224 ], [ 114.2754436, 22.351775 ], [ 114.2755135, 22.3518164 ], [ 114.2755491, 22.3519139 ], [ 114.275508, 22.351957599999988 ], [ 114.2755052, 22.3521004 ], [ 114.27552270000001, 22.3521333 ], [ 114.2755784, 22.3521241 ], [ 114.2755998, 22.3521621 ], [ 114.2756174, 22.3523139 ], [ 114.2755595, 22.3525923 ], [ 114.2754975, 22.3527209 ], [ 114.2753975, 22.3528176 ], [ 114.2752546, 22.3528664 ], [ 114.2753468, 22.3529202 ], [ 114.2755268, 22.3529144 ], [ 114.2755742, 22.3529395 ], [ 114.2755732, 22.3530188 ], [ 114.2756631, 22.3531281 ], [ 114.2756458, 22.3532397 ], [ 114.2757057, 22.3532531 ], [ 114.2758172, 22.3531595 ], [ 114.2759019, 22.353288 ], [ 114.2759233, 22.3535174 ], [ 114.2758765, 22.353618 ], [ 114.2757911, 22.3537009 ], [ 114.275664, 22.3537371 ], [ 114.2756568, 22.3538502 ], [ 114.2758468, 22.3540315 ], [ 114.2760481, 22.3541738 ], [ 114.2760499, 22.3542527 ], [ 114.2761588, 22.3543357 ], [ 114.2762319, 22.3543189 ], [ 114.2762761, 22.3541236 ], [ 114.2763696, 22.3540961 ], [ 114.2765912, 22.3540874 ], [ 114.2766924, 22.3541573 ], [ 114.2767926, 22.3541829 ], [ 114.2768367, 22.3542479 ], [ 114.2768008, 22.3543263 ], [ 114.276885800000017, 22.354383 ], [ 114.2770754, 22.3543639 ], [ 114.2771966, 22.3542724 ], [ 114.2775904, 22.3544868 ], [ 114.2778018, 22.3546837 ], [ 114.277905300000015, 22.3549139 ], [ 114.2779294, 22.3551704 ], [ 114.2777894, 22.3554448 ], [ 114.2777955, 22.3556012 ], [ 114.2777038, 22.3557068 ], [ 114.277658, 22.3557003 ], [ 114.2775458, 22.3556079 ], [ 114.2775228, 22.3556272 ], [ 114.2775942, 22.3557008 ], [ 114.277594, 22.3557355 ], [ 114.2774865, 22.355865 ], [ 114.2774594, 22.3558772 ], [ 114.2773985, 22.3558405 ], [ 114.27736920000001, 22.3558586 ], [ 114.2774684, 22.3559927 ], [ 114.27741420000001, 22.3561011 ], [ 114.2774215, 22.356173 ], [ 114.277382900000021, 22.3562118 ], [ 114.2773474, 22.3561833 ], [ 114.2772468, 22.3562844 ], [ 114.2772274, 22.3564371 ], [ 114.2770597, 22.3565547 ], [ 114.277108, 22.3566646 ], [ 114.2770866, 22.3566849 ], [ 114.2769544, 22.3566591 ], [ 114.2770503, 22.3568245 ], [ 114.2770318, 22.3568808 ], [ 114.2770963, 22.3569232 ], [ 114.2771586, 22.35705 ], [ 114.277135, 22.3571265 ], [ 114.2770608, 22.3571857 ], [ 114.276966200000018, 22.3571783 ], [ 114.2768892, 22.3571316 ], [ 114.2768504, 22.3571461 ], [ 114.2770162, 22.3573299 ], [ 114.2770298, 22.3574306 ], [ 114.2769913, 22.357493 ], [ 114.2770512, 22.3575905 ], [ 114.276987, 22.357626 ], [ 114.2768102, 22.3575424 ], [ 114.2771165, 22.3578167 ], [ 114.2770368, 22.3579082 ], [ 114.277101, 22.357979 ], [ 114.2770828, 22.3580144 ], [ 114.2771708, 22.3580521 ], [ 114.277294, 22.3580476 ], [ 114.27737, 22.3580887 ], [ 114.277453200000011, 22.3580432 ], [ 114.2776292, 22.3581491 ], [ 114.2778588, 22.3580972 ], [ 114.2780059, 22.3581445 ], [ 114.2780523, 22.3582117 ], [ 114.278270600000013, 22.3583342 ], [ 114.2783364, 22.3584491 ], [ 114.2783009, 22.3585199 ], [ 114.2783839, 22.3586119 ], [ 114.2785245, 22.3585974 ], [ 114.2786456, 22.3587964 ], [ 114.278643500000015, 22.3588935 ], [ 114.2787273, 22.3589067 ], [ 114.2787659, 22.359111 ], [ 114.2787398, 22.3591835 ], [ 114.2786738, 22.3592215 ], [ 114.278589, 22.3594217 ], [ 114.2784332, 22.3595397 ], [ 114.2783293, 22.3596698 ], [ 114.2782767, 22.3596687 ], [ 114.2783224, 22.3597483 ], [ 114.2783145, 22.3598266 ], [ 114.2782417, 22.3599588 ], [ 114.2782516, 22.3600255 ], [ 114.2781336, 22.3601874 ], [ 114.2779557, 22.3602553 ], [ 114.2778305, 22.3602506 ], [ 114.2777934, 22.3602154 ], [ 114.2776132, 22.3602307 ], [ 114.277531600000017, 22.3601553 ], [ 114.2774972, 22.3601696 ], [ 114.2774987, 22.3602408 ], [ 114.2775458, 22.3603165 ], [ 114.2774829, 22.3602938 ], [ 114.2774558, 22.3603148 ], [ 114.2774793, 22.360391 ], [ 114.2774567, 22.3604079 ], [ 114.2774034, 22.3603776 ], [ 114.2773224, 22.3604436 ], [ 114.2773915, 22.3605998 ], [ 114.2773784, 22.3606308 ], [ 114.2772983, 22.3607044 ], [ 114.277083500000018, 22.3607284 ], [ 114.2772042, 22.3608262 ], [ 114.2770683, 22.3609074 ], [ 114.2769221, 22.3609116 ], [ 114.276582800000014, 22.3607575 ], [ 114.2764985, 22.3606897 ], [ 114.2764038, 22.3606756 ], [ 114.276288, 22.360678 ], [ 114.2760564, 22.3607856 ], [ 114.2761112, 22.3608912 ], [ 114.2760441, 22.360955 ], [ 114.2758014, 22.3609189 ], [ 114.2757696, 22.3609631 ], [ 114.2757125, 22.3609485 ], [ 114.2756812, 22.3608884 ], [ 114.2756184, 22.3608777 ], [ 114.2755789, 22.3608915 ], [ 114.2756625, 22.3609605 ], [ 114.2756478, 22.3609886 ], [ 114.2755462, 22.3609444 ], [ 114.2753433, 22.360921 ], [ 114.2751658, 22.3611059 ], [ 114.2750184, 22.3613435 ], [ 114.2749238, 22.3616506 ], [ 114.2748688, 22.3617246 ], [ 114.2749318, 22.3618205 ], [ 114.2750178, 22.361841 ], [ 114.2750022, 22.3619037 ], [ 114.274941, 22.3619066 ], [ 114.2748927, 22.3618693 ], [ 114.2748674, 22.3620944 ], [ 114.2747986, 22.362168 ], [ 114.2748091, 22.3623818 ], [ 114.2749415, 22.3624635 ], [ 114.274965, 22.3625578 ], [ 114.2748637, 22.3625917 ], [ 114.2747061, 22.3624717 ], [ 114.2746005, 22.3624986 ], [ 114.2744267, 22.3626814 ], [ 114.2742264, 22.3632234 ], [ 114.2741171, 22.3634069 ], [ 114.2742126, 22.3637107 ], [ 114.2738948, 22.3638655 ], [ 114.2732772, 22.3637914 ], [ 114.2730421, 22.3639429 ], [ 114.2726691, 22.364508 ], [ 114.2725957, 22.3650205 ], [ 114.272711300000012, 22.3654912 ], [ 114.2730303, 22.3660297 ], [ 114.2728091, 22.3664854 ], [ 114.272485500000016, 22.3664761 ], [ 114.2723897, 22.3670182 ], [ 114.2719087, 22.3679711 ], [ 114.2719853, 22.3682963 ], [ 114.2718209, 22.3688449 ], [ 114.2716898, 22.3696521 ], [ 114.2717018, 22.3701536 ], [ 114.2720285, 22.3706531 ], [ 114.2722224, 22.370672 ], [ 114.2722408, 22.370805 ], [ 114.2721804, 22.3708393 ], [ 114.2721618, 22.3710281 ], [ 114.2728969, 22.3716814 ] ] } },
{ "type": "Feature", "properties": { }, "geometry": { "type": "LineString", "coordinates": [ [ 114.2673298, 22.3600116 ], [ 114.2674318, 22.3599131 ], [ 114.2673226, 22.3595817 ], [ 114.26724, 22.3595429 ], [ 114.266915, 22.35949 ], [ 114.2663971, 22.359762 ], [ 114.2663936, 22.3598823 ] ] } },
{ "type": "Feature", "properties": { }, "geometry": { "type": "LineString", "coordinates": [ [ 114.2516788, 22.3537436 ], [ 114.2520238, 22.3539882 ], [ 114.2519452, 22.3541039 ], [ 114.2520214, 22.3542054 ], [ 114.2521208, 22.3544863 ], [ 114.2522268, 22.354671699999987 ], [ 114.2522294, 22.3547464 ], [ 114.2521726, 22.3547981 ], [ 114.2520886, 22.3548326 ], [ 114.2519595, 22.3548147 ], [ 114.2519367, 22.3548384 ], [ 114.2530754, 22.355516 ], [ 114.2531238, 22.3555164 ], [ 114.2532257, 22.3554048 ], [ 114.2533536, 22.3553455 ], [ 114.2536937, 22.3553768 ], [ 114.253752600000013, 22.3554235 ], [ 114.253799, 22.3555215 ], [ 114.2537845, 22.3556275 ], [ 114.2537003, 22.3557403 ], [ 114.25374, 22.3558725 ], [ 114.2547206, 22.3564696 ], [ 114.2567527, 22.3569373 ], [ 114.2572523, 22.3571694 ], [ 114.2572902, 22.357217 ], [ 114.257279700000012, 22.3572779 ], [ 114.2572265, 22.3573126 ], [ 114.2559003, 22.3574158 ], [ 114.2558666, 22.3573667 ], [ 114.2551543, 22.3571949 ], [ 114.2545265, 22.356932 ], [ 114.2539019, 22.3565911 ], [ 114.2530274, 22.3565987 ], [ 114.2528971, 22.3566281 ], [ 114.25282510000001, 22.3566779 ], [ 114.252758, 22.3567853 ], [ 114.2525831, 22.357525 ], [ 114.2525835, 22.3579196 ], [ 114.2528692, 22.358066 ], [ 114.2531146, 22.3591326 ], [ 114.2532431, 22.3593649 ], [ 114.253367, 22.3594638 ], [ 114.2535324, 22.3595043 ], [ 114.2539965, 22.3595009 ], [ 114.2541504, 22.3594715 ], [ 114.2542816, 22.3593915 ], [ 114.25457560000001, 22.3590877 ], [ 114.2548576, 22.3589091 ], [ 114.2551762, 22.3587948 ], [ 114.2555147, 22.3587508 ], [ 114.2558722, 22.3587699 ], [ 114.256226, 22.358856 ], [ 114.2564566, 22.3589565 ], [ 114.2570948, 22.3593562 ], [ 114.2572272, 22.3593739 ], [ 114.2573529, 22.3593314 ], [ 114.2579007, 22.3587753 ], [ 114.2579406, 22.3586671 ], [ 114.2579294, 22.3585532 ], [ 114.2578232, 22.3584145 ], [ 114.2568398, 22.357781 ], [ 114.2567667, 22.3577841 ], [ 114.2567308, 22.3577471 ], [ 114.2567458, 22.3576937 ], [ 114.2568492, 22.3576146 ], [ 114.2579489, 22.3575566 ], [ 114.2580971, 22.3575737 ], [ 114.2590074, 22.3579849 ], [ 114.2590866, 22.3580686 ], [ 114.2591417, 22.3582265 ], [ 114.2590837, 22.3584352 ], [ 114.2573504, 22.3603256 ], [ 114.2573211, 22.3606521 ], [ 114.2571418, 22.3607662 ], [ 114.25728, 22.3611498 ], [ 114.2571489, 22.3612071 ], [ 114.257216600000021, 22.3614709 ], [ 114.2575053, 22.3618079 ], [ 114.2579441, 22.3626436 ], [ 114.2582455, 22.3629107 ], [ 114.25845910000001, 22.362730899999988 ], [ 114.2587801, 22.36303 ], [ 114.2592582, 22.3632954 ], [ 114.2598202, 22.3624835 ], [ 114.2599797, 22.3625779 ], [ 114.259446100000019, 22.3633421 ], [ 114.2598648, 22.3637648 ], [ 114.2599287, 22.3645897 ], [ 114.2600459, 22.3646722 ], [ 114.2599646, 22.3650643 ], [ 114.2602099, 22.3651249 ], [ 114.2602831, 22.3650253 ], [ 114.2605738, 22.3649897 ], [ 114.2606016, 22.3646701 ], [ 114.2608435, 22.3645115 ], [ 114.261132, 22.3651247 ], [ 114.2610309, 22.3651936 ], [ 114.2602441, 22.3655169 ], [ 114.2603687, 22.3658005 ], [ 114.2605519, 22.3657365 ], [ 114.2606034, 22.3658862 ], [ 114.2607274, 22.365852 ], [ 114.260762600000021, 22.3659192 ], [ 114.2606426, 22.3659696 ], [ 114.2607422, 22.3663106 ], [ 114.2606828, 22.3664337 ], [ 114.2606451, 22.3670869 ], [ 114.2605756, 22.3674904 ], [ 114.2605431, 22.3675587 ], [ 114.260467, 22.3676097 ], [ 114.2603643, 22.3679623 ], [ 114.2603097, 22.3680196 ], [ 114.260153, 22.3679917 ], [ 114.2600628, 22.3681006 ], [ 114.26005170000002, 22.3681471 ], [ 114.260091, 22.3682072 ], [ 114.2599956, 22.3686625 ], [ 114.2601539, 22.368721 ], [ 114.2604096, 22.3687603 ], [ 114.2607817, 22.3682657 ], [ 114.2609695, 22.368097 ], [ 114.2609882, 22.3679904 ], [ 114.261067, 22.3678576 ], [ 114.2613783, 22.3676055 ], [ 114.2616044, 22.3676157 ], [ 114.2619672, 22.3677175 ], [ 114.262138900000011, 22.3676927 ], [ 114.2623388, 22.3676102 ], [ 114.262426, 22.3676189 ], [ 114.2626297, 22.367472 ], [ 114.262801600000017, 22.3674502 ], [ 114.262962300000012, 22.3675166 ], [ 114.2629999, 22.3677275 ], [ 114.2630053, 22.3678936 ], [ 114.2629678, 22.3679558 ], [ 114.2629811, 22.3680921 ], [ 114.26315080000002, 22.3682321 ], [ 114.2630574, 22.3683861 ], [ 114.2628871, 22.3684255 ], [ 114.262941, 22.3685804 ], [ 114.2629324, 22.3690863 ], [ 114.2628336, 22.3692153 ], [ 114.2627423, 22.3692367 ], [ 114.2626514, 22.369305 ], [ 114.2626145, 22.3693837 ], [ 114.2626254, 22.3694647 ], [ 114.2629922, 22.369679 ], [ 114.263085700000019, 22.3696646 ], [ 114.2631796, 22.3696126 ], [ 114.2632976, 22.369429 ], [ 114.2634348, 22.3693063 ], [ 114.2636739, 22.369235 ], [ 114.2638206, 22.3692256 ], [ 114.2639882, 22.3692533 ], [ 114.2641827, 22.3694836 ], [ 114.2642471, 22.3696522 ], [ 114.264175900000012, 22.369944 ], [ 114.2640728, 22.3700268 ], [ 114.2639226, 22.3700045 ], [ 114.2638206, 22.3700615 ], [ 114.2638287, 22.3701806 ], [ 114.2639843, 22.3703103 ], [ 114.2638341, 22.3705303 ], [ 114.2639628, 22.3709966 ], [ 114.264069, 22.3710998 ], [ 114.2642237, 22.3714368 ], [ 114.2641816, 22.3715783 ], [ 114.2640024, 22.3716837 ], [ 114.263690900000014, 22.3717763 ], [ 114.263305500000016, 22.3718065 ], [ 114.2635574, 22.37193 ], [ 114.2638399, 22.3720003 ], [ 114.2639585, 22.3721002 ], [ 114.2640999, 22.3720941 ], [ 114.2642781, 22.3719857 ], [ 114.2643705, 22.3717708 ], [ 114.2644631, 22.371652 ], [ 114.26497, 22.3712399 ], [ 114.26553, 22.3709901 ], [ 114.26582, 22.37074 ], [ 114.266358400000016, 22.3704272 ], [ 114.2665625, 22.3701796 ], [ 114.2667597, 22.3701417 ], [ 114.26693, 22.3702499 ], [ 114.2674799, 22.37038 ], [ 114.2677997, 22.3703599 ], [ 114.2677361, 22.3703013 ], [ 114.2678069, 22.3702602 ], [ 114.267943, 22.3702712 ], [ 114.2679756, 22.3702305 ], [ 114.2679354, 22.3701047 ], [ 114.2678894, 22.370094 ], [ 114.267872200000014, 22.3699877 ], [ 114.2678945, 22.3698887 ], [ 114.2680047, 22.3696501 ], [ 114.26818560000001, 22.3695191 ], [ 114.2682881, 22.3691781 ], [ 114.268347, 22.3691916 ], [ 114.268511, 22.3682829 ], [ 114.2684762, 22.3682292 ], [ 114.26876230000002, 22.3676988 ], [ 114.2689573, 22.3674089 ], [ 114.269021900000013, 22.3673723 ], [ 114.2690035, 22.3673253 ], [ 114.2692027, 22.3671561 ], [ 114.269242, 22.3671906 ], [ 114.2694442, 22.3669054 ], [ 114.2697192, 22.3666931 ], [ 114.2698428, 22.366521 ], [ 114.2698845, 22.3663675 ], [ 114.2698701, 22.3661929 ], [ 114.2699778, 22.365714199999989 ], [ 114.2700949, 22.3655482 ], [ 114.2700806, 22.365443 ], [ 114.269865, 22.3652961 ], [ 114.2697433, 22.3651578 ], [ 114.2697787, 22.3650128 ], [ 114.269739, 22.3648332 ], [ 114.26981, 22.3646322 ], [ 114.269801500000014, 22.3645576 ], [ 114.2698623, 22.364518 ], [ 114.2698687, 22.3643878 ], [ 114.2698413, 22.3643123 ], [ 114.2698759, 22.3642517 ], [ 114.269923, 22.364242 ], [ 114.2699829, 22.3641326 ], [ 114.2700521, 22.3638468 ], [ 114.2700453, 22.3637525 ], [ 114.2700997, 22.3636749 ], [ 114.2701034, 22.3635426 ], [ 114.2701468, 22.363471 ], [ 114.2700338, 22.3632508 ], [ 114.2700191, 22.3631311 ], [ 114.2699974, 22.3630939 ], [ 114.2698657, 22.3630293 ], [ 114.2697948, 22.3626833 ], [ 114.2695929, 22.3624893 ], [ 114.2695105, 22.3623572 ], [ 114.2691648, 22.3621099 ], [ 114.2689605, 22.3618759 ], [ 114.2689659, 22.3614823 ], [ 114.268908600000017, 22.3612854 ], [ 114.26879, 22.3611295 ], [ 114.2685708, 22.3610481 ], [ 114.2680252, 22.3607709 ], [ 114.2678789, 22.3605291 ], [ 114.2678385, 22.3604068 ], [ 114.2676751, 22.36025 ], [ 114.2676267, 22.3601539 ], [ 114.26750650000001, 22.3600946 ], [ 114.2674761, 22.3600139 ], [ 114.2673404, 22.3600242 ] ] } },
{ "type": "Feature", "properties": { }, "geometry": { "type": "LineString", "coordinates": [ [ 114.2511047, 22.3538012 ], [ 114.2512325, 22.3535618 ], [ 114.25139, 22.3534 ], [ 114.2517232, 22.3532085 ], [ 114.2517629, 22.353219 ], [ 114.2517699, 22.3532636 ], [ 114.2516948, 22.3533475 ], [ 114.2517019, 22.3534 ], [ 114.2515029, 22.3536189 ], [ 114.2516788, 22.3537436 ] ] } },
{ "type": "Feature", "properties": { }, "geometry": { "type": "LineString", "coordinates": [ [ 114.2515543, 22.3527927 ], [ 114.2512659, 22.3531021 ], [ 114.2512105, 22.3531085 ], [ 114.2507444, 22.3537758 ], [ 114.2506414, 22.3539883 ], [ 114.2505842, 22.3541532 ], [ 114.2507929, 22.3544725 ], [ 114.25094, 22.3540431 ], [ 114.2511047, 22.3538012 ] ] } },
{ "type": "Feature", "properties": { }, "geometry": { "type": "LineString", "coordinates": [ [ 114.2520275, 22.3522006 ], [ 114.2515992, 22.3526011 ], [ 114.2516356, 22.3526557 ], [ 114.2515543, 22.3527927 ] ] } },
{ "type": "Feature", "properties": { }, "geometry": { "type": "LineString", "coordinates": [ [ 114.3541524, 22.447646 ], [ 114.3541276, 22.4474964 ], [ 114.354019, 22.4473847 ], [ 114.3540917, 22.4473057 ], [ 114.35413, 22.4469499 ], [ 114.3540216, 22.4465733 ], [ 114.3539278, 22.4464866 ], [ 114.3539868, 22.4464345 ], [ 114.3539653, 22.446256 ], [ 114.3537883, 22.445899 ], [ 114.3536837, 22.4458272 ], [ 114.3537105, 22.44578 ], [ 114.3536515, 22.4456759 ], [ 114.3536434, 22.4455247 ], [ 114.3536917, 22.4452892 ], [ 114.353512, 22.4452347 ], [ 114.3533243, 22.4450934 ], [ 114.3533511, 22.4449744 ], [ 114.3534611, 22.4449025 ] ] } },
{ "type": "Feature", "properties": { }, "geometry": { "type": "LineString", "coordinates": [ [ 114.3471292, 22.350706 ], [ 114.3472055, 22.3506646 ], [ 114.3471957, 22.3505864 ], [ 114.3472199, 22.3506097 ], [ 114.347275, 22.3505848 ], [ 114.3473355, 22.3506426 ], [ 114.347464, 22.3505975 ], [ 114.3474011, 22.3504055 ], [ 114.347464, 22.3503466 ], [ 114.3477496, 22.3502991 ], [ 114.34790120000001, 22.3501862 ], [ 114.347961500000011, 22.3501974 ], [ 114.3481506, 22.3503623 ], [ 114.3482606, 22.3503859 ], [ 114.3483008, 22.3503574 ], [ 114.3481936, 22.349473 ], [ 114.3482418, 22.3493849 ], [ 114.3482794, 22.3493725 ], [ 114.3483853, 22.3494482 ], [ 114.348443, 22.3495114 ], [ 114.34857310000001, 22.3497843 ], [ 114.3487917, 22.3499394 ], [ 114.3484551, 22.3505273 ], [ 114.3484738, 22.3506575 ], [ 114.3488292, 22.3511351 ], [ 114.3488158, 22.3513707 ], [ 114.3488373, 22.3514377 ], [ 114.3493335, 22.3518049 ], [ 114.3494032, 22.3519388 ], [ 114.3493335, 22.3523915 ], [ 114.3493362, 22.3528343 ], [ 114.3492718, 22.3530762 ], [ 114.3493737, 22.3534396 ], [ 114.3493979, 22.3536629 ], [ 114.3495132, 22.3539209 ], [ 114.3496772, 22.3540568 ], [ 114.3496579, 22.3540774 ], [ 114.3498389, 22.3541189 ] ] } },
{ "type": "Feature", "properties": { }, "geometry": { "type": "LineString", "coordinates": [ [ 114.3504471, 22.3543481 ], [ 114.3506571, 22.3543483 ], [ 114.3508487, 22.3543939 ], [ 114.3509157, 22.3543279 ], [ 114.3509528, 22.3543469 ], [ 114.3509206, 22.3544211 ], [ 114.3509392, 22.3544369 ], [ 114.3509944, 22.35437 ], [ 114.3509988, 22.3542909 ], [ 114.3510865, 22.3540855 ], [ 114.3512538, 22.3539833 ], [ 114.3512993, 22.3539235 ], [ 114.3512717, 22.3538809 ], [ 114.3513156, 22.3538734 ], [ 114.3512638, 22.3541037 ], [ 114.3511855, 22.3542819 ], [ 114.3512739, 22.3547244 ], [ 114.3511762, 22.3547943 ], [ 114.3511649, 22.354838 ], [ 114.3512305, 22.3549176 ], [ 114.3513092, 22.3549087 ], [ 114.3514533, 22.3549489 ], [ 114.3514976, 22.3548257 ], [ 114.351629, 22.3548015 ], [ 114.3516696, 22.3548513 ], [ 114.3516489, 22.3549767 ] ] } },
{ "type": "Feature", "properties": { }, "geometry": { "type": "LineString", "coordinates": [ [ 114.3517388, 22.3549899 ], [ 114.351813300000018, 22.3546463 ], [ 114.351853500000018, 22.3545911 ], [ 114.351813, 22.3545152 ], [ 114.351843800000012, 22.3543724 ], [ 114.3520334, 22.3541683 ], [ 114.3520683, 22.3540903 ], [ 114.3522732, 22.3531196 ], [ 114.3524749, 22.3527065 ] ] } },
{ "type": "Feature", "properties": { }, "geometry": { "type": "LineString", "coordinates": [ [ 114.3502687, 22.3539796 ], [ 114.3501977, 22.3538662 ], [ 114.3501602, 22.353627 ], [ 114.350093, 22.3535994 ], [ 114.3500884, 22.3535493 ], [ 114.3501543, 22.3533823 ], [ 114.350182, 22.3533786 ], [ 114.3501825, 22.3534545 ], [ 114.350212, 22.3534244 ], [ 114.3502597, 22.353441 ], [ 114.3502427, 22.3533836 ], [ 114.3502813, 22.3533451 ], [ 114.3503289, 22.3534097 ], [ 114.350360600000016, 22.3533801 ], [ 114.3504078, 22.3532587 ], [ 114.3503796, 22.3531434 ], [ 114.3504631, 22.3531056 ], [ 114.3504532, 22.3529804 ], [ 114.3506724, 22.3528958 ], [ 114.3508972, 22.3528975 ], [ 114.3508971, 22.3528506 ], [ 114.3512343, 22.3527698 ], [ 114.3512416, 22.3528223 ], [ 114.3513111, 22.3528332 ], [ 114.3513534, 22.3529047 ], [ 114.3513245, 22.3530669 ], [ 114.350987500000016, 22.3532184 ], [ 114.3510423, 22.3532222 ], [ 114.3510442, 22.3532516 ], [ 114.3510074, 22.3532859 ], [ 114.3509672, 22.3532718 ], [ 114.3509495, 22.3533326 ], [ 114.3508666, 22.353374 ], [ 114.3508561, 22.353472 ], [ 114.3507492, 22.3535728 ], [ 114.3507149, 22.3537326 ], [ 114.3505955, 22.353985 ], [ 114.3505071, 22.3540482 ], [ 114.3502687, 22.3539796 ] ] } },
{ "type": "Feature", "properties": { }, "geometry": { "type": "LineString", "coordinates": [ [ 114.3498389, 22.3541189 ], [ 114.3499972, 22.3541877 ], [ 114.3502819, 22.3541286 ], [ 114.3503442, 22.3541974 ], [ 114.3503277, 22.3543106 ] ] } },
{ "type": "Feature", "properties": { }, "geometry": { "type": "LineString", "coordinates": [ [ 114.3503277, 22.3543106 ], [ 114.3503506, 22.354929 ], [ 114.350388, 22.3545124 ], [ 114.3504471, 22.3543481 ] ] } },
{ "type": "Feature", "properties": { }, "geometry": { "type": "LineString", "coordinates": [ [ 114.3516489, 22.3549767 ], [ 114.3517388, 22.3549899 ] ] } },
{ "type": "Feature", "properties": { }, "geometry": { "type": "LineString", "coordinates": [ [ 114.120689, 22.2819936 ], [ 114.1188211, 22.2813784 ], [ 114.1184478, 22.2808655 ], [ 114.1183434, 22.2807824 ], [ 114.1181284, 22.280735 ], [ 114.1180453, 22.2806568 ], [ 114.1180158, 22.2805575 ], [ 114.1179554, 22.280493 ], [ 114.1178672, 22.2804128 ], [ 114.1177023, 22.2803284 ], [ 114.1174941, 22.2800673 ], [ 114.1172567, 22.2796007 ], [ 114.1171226, 22.2791143 ], [ 114.1169241, 22.2787047 ], [ 114.1165647, 22.2783275 ], [ 114.116495, 22.2782059 ], [ 114.1163689, 22.2777864 ], [ 114.1163126, 22.2775208 ], [ 114.1163206, 22.2773831 ], [ 114.116435900000013, 22.2768606 ], [ 114.1163112, 22.2750872 ], [ 114.1163369, 22.2749734 ] ] } },
{ "type": "Feature", "properties": { }, "geometry": { "type": "LineString", "coordinates": [ [ 114.1153227, 22.1877939 ], [ 114.1152486, 22.1877082 ], [ 114.1152372, 22.1876486 ], [ 114.1151862, 22.187776 ], [ 114.1151387, 22.1877922 ], [ 114.1148508, 22.1875019 ], [ 114.114671, 22.1872386 ], [ 114.1142794, 22.1863768 ], [ 114.1141292, 22.1858279 ], [ 114.1140327, 22.1853088 ], [ 114.1139173, 22.1841365 ], [ 114.1139495, 22.1837466 ], [ 114.1140488, 22.1835107 ], [ 114.1141802, 22.1833144 ], [ 114.114491300000012, 22.1830313 ], [ 114.1148425, 22.1823574 ], [ 114.1150546, 22.1820204 ], [ 114.1154274, 22.1816628 ], [ 114.1158861, 22.1814442 ], [ 114.1167042, 22.1813647 ], [ 114.1172218, 22.1811785 ], [ 114.1174713, 22.1809574 ], [ 114.1175571, 22.1806792 ], [ 114.1176859, 22.180483 ], [ 114.1178361, 22.1803191 ], [ 114.1180708, 22.1801328 ], [ 114.1184087, 22.1800037 ], [ 114.119032300000015, 22.1799441 ], [ 114.119617, 22.1798422 ], [ 114.120073, 22.1798795 ], [ 114.1211902, 22.1798745 ], [ 114.121679700000016, 22.1798099 ], [ 114.1218205, 22.1798832 ], [ 114.1221544, 22.1803365 ], [ 114.1222537, 22.1805153 ], [ 114.1223207, 22.1808854 ], [ 114.1223851, 22.1810742 ], [ 114.1225004, 22.181171 ], [ 114.1226479, 22.1812058 ], [ 114.1231187, 22.1811896 ], [ 114.1233011, 22.1811524 ], [ 114.1234432, 22.1810878 ], [ 114.1238791, 22.1806296 ], [ 114.1243131, 22.1800127 ], [ 114.1244973, 22.1798604 ], [ 114.1253006, 22.1794498 ], [ 114.1253355, 22.1793256 ], [ 114.1252845, 22.1789034 ], [ 114.1253918, 22.1785283 ], [ 114.1254348, 22.1784389 ], [ 114.1255233, 22.1783818 ], [ 114.126960900000014, 22.1785234 ], [ 114.1274303, 22.1785954 ], [ 114.1277495, 22.1786923 ], [ 114.1279936, 22.1788785 ], [ 114.1281411, 22.1791642 ], [ 114.1281706, 22.1794001 ], [ 114.1280955, 22.179805 ], [ 114.1281116, 22.1800037 ], [ 114.1282269, 22.1801229 ], [ 114.1283852, 22.1801775 ], [ 114.1288854, 22.1801291 ], [ 114.1290142, 22.1801477 ], [ 114.129134900000011, 22.1802111 ], [ 114.1291831, 22.1802992 ], [ 114.1292435, 22.1808332 ], [ 114.1292891, 22.1809251 ], [ 114.1295144, 22.1810568 ], [ 114.1296539, 22.1811909 ], [ 114.1301152, 22.1820974 ], [ 114.1301957, 22.1821918 ], [ 114.1308662, 22.1826116 ], [ 114.1315985, 22.1828748 ], [ 114.1316923, 22.1829841 ], [ 114.1317621, 22.183148 ], [ 114.1318694, 22.1832449 ], [ 114.132054400000015, 22.1832722 ], [ 114.1323012, 22.1832374 ], [ 114.1324648, 22.1831406 ], [ 114.132666, 22.1829444 ], [ 114.1328269, 22.1827184 ], [ 114.1330254, 22.1822763 ], [ 114.1332534, 22.1816479 ], [ 114.1335672, 22.181007099999988 ], [ 114.1337724, 22.1807239 ], [ 114.133869, 22.1805166 ], [ 114.1339722, 22.1803973 ], [ 114.1339897, 22.1803439 ], [ 114.1339615, 22.180185 ], [ 114.1341895, 22.179795 ], [ 114.1347983, 22.1794374 ], [ 114.1357371, 22.1788015 ], [ 114.1362575, 22.1783669 ], [ 114.136464, 22.178126 ], [ 114.1368422, 22.1777782 ], [ 114.1369709, 22.177736 ], [ 114.1371426, 22.177736 ], [ 114.1373035, 22.1778478 ], [ 114.1376281, 22.1784637 ], [ 114.1376267, 22.1785519 ], [ 114.137483900000021, 22.1785954 ], [ 114.1374819, 22.1788475 ], [ 114.1374014, 22.1792561 ], [ 114.1374148, 22.179297 ], [ 114.1376046, 22.1794175 ], [ 114.1375932, 22.1794833 ], [ 114.1375241, 22.1795684 ], [ 114.1376871, 22.1796826 ], [ 114.1377501, 22.1799912 ], [ 114.1377796, 22.1802893 ], [ 114.1377327, 22.1804756 ], [ 114.1376234, 22.1807208 ], [ 114.1376576, 22.1807395 ], [ 114.1377924, 22.1806637 ], [ 114.137815800000013, 22.1807177 ], [ 114.1377568, 22.1809934 ], [ 114.1375932, 22.181253 ], [ 114.1375396, 22.181397 ], [ 114.1374966, 22.1816976 ], [ 114.1373518, 22.1820353 ], [ 114.1372606, 22.1827059 ], [ 114.1372137, 22.1828624 ], [ 114.1370112, 22.1831903 ], [ 114.1368154, 22.183302 ], [ 114.1367885, 22.1834784 ], [ 114.1367108, 22.1836895 ], [ 114.136177, 22.1847475 ], [ 114.1360107, 22.1853858 ], [ 114.13562450000002, 22.1862427 ], [ 114.1353925, 22.1865444 ], [ 114.1352838, 22.1865916 ], [ 114.1347125, 22.1867071 ], [ 114.1343853, 22.1868139 ], [ 114.134278, 22.186881 ], [ 114.1341841, 22.1869877 ], [ 114.1341627, 22.1871268 ], [ 114.1342002, 22.1873603 ], [ 114.1344175, 22.1879265 ], [ 114.1343276, 22.1884779 ], [ 114.134447, 22.1890193 ], [ 114.1343638, 22.1897073 ], [ 114.1343746, 22.1897992 ], [ 114.1344818, 22.1899854 ], [ 114.1344872, 22.190127 ], [ 114.134444, 22.1904684 ], [ 114.1343863, 22.1906002 ], [ 114.134453, 22.190859 ], [ 114.134518, 22.1909278 ], [ 114.1345986, 22.1908942 ] ] } },
{ "type": "Feature", "properties": { }, "geometry": { "type": "LineString", "coordinates": [ [ 114.1373028, 22.1912506 ], [ 114.137352, 22.1911074 ], [ 114.1373438, 22.1908497 ], [ 114.137384, 22.190584 ], [ 114.1373639, 22.1902612 ], [ 114.1372849, 22.190166 ], [ 114.1373272, 22.1900818 ], [ 114.1371768, 22.1898738 ], [ 114.1371807, 22.1898248 ] ] } },
{ "type": "Feature", "properties": { }, "geometry": { "type": "LineString", "coordinates": [ [ 114.1345986, 22.1908942 ], [ 114.1346699, 22.1909152 ], [ 114.1346142, 22.1909663 ], [ 114.1346409, 22.1909889 ], [ 114.1347287, 22.190985 ], [ 114.1348482, 22.1910278 ], [ 114.1348331, 22.1910676 ], [ 114.1348651, 22.191153 ], [ 114.1349803, 22.1911593 ] ] } },
{ "type": "Feature", "properties": { }, "geometry": { "type": "LineString", "coordinates": [ [ 114.1371807, 22.1898248 ], [ 114.1372221, 22.1896684 ], [ 114.1371959, 22.1896025 ], [ 114.1372556, 22.1895797 ], [ 114.137301400000013, 22.1894832 ], [ 114.1378373, 22.1893174 ], [ 114.1380653, 22.1891808 ], [ 114.1381055, 22.189074 ], [ 114.1381162, 22.1885735 ], [ 114.13816180000002, 22.1884953 ], [ 114.1382316, 22.1884481 ], [ 114.1384837, 22.1883562 ] ] } },
{ "type": "Feature", "properties": { }, "geometry": { "type": "LineString", "coordinates": [ [ 114.1349803, 22.1911593 ], [ 114.1351072, 22.1911546 ], [ 114.1352874, 22.1912297 ], [ 114.1352849, 22.1913018 ], [ 114.1353585, 22.1913125 ], [ 114.1354715, 22.1914489 ], [ 114.1355456, 22.1914812 ], [ 114.1355995, 22.1916031 ], [ 114.1357886, 22.1916849 ], [ 114.1359563, 22.1916897 ] ] } },
{ "type": "Feature", "properties": { }, "geometry": { "type": "LineString", "coordinates": [ [ 114.1359563, 22.1916897 ], [ 114.1365411, 22.191576 ], [ 114.1369375, 22.1914676 ], [ 114.1371358, 22.1913816 ], [ 114.1373028, 22.1912506 ] ] } },
{ "type": "Feature", "properties": { }, "geometry": { "type": "LineString", "coordinates": [ [ 114.1219053, 22.2024711 ], [ 114.1218335, 22.2024505 ], [ 114.1217664, 22.2025392 ], [ 114.1217263, 22.2025039 ], [ 114.1217595, 22.2023565 ], [ 114.1218496, 22.2023573 ], [ 114.1218406, 22.202228 ], [ 114.1219033, 22.2021816 ], [ 114.1219774, 22.2020302 ], [ 114.1220056, 22.2017706 ], [ 114.1219935, 22.2015211 ], [ 114.1219211, 22.2012802 ], [ 114.1215858, 22.2006469 ], [ 114.1214678, 22.2001639 ], [ 114.1214289, 22.1996474 ], [ 114.1214986, 22.198541 ], [ 114.121414900000019, 22.1980009 ], [ 114.1213444, 22.1977339 ], [ 114.121258600000019, 22.1975576 ], [ 114.1211539, 22.1974247 ], [ 114.1209353, 22.1972844 ], [ 114.1208173, 22.1971006 ], [ 114.1207758, 22.1968771 ], [ 114.120765, 22.1966139 ], [ 114.1206899, 22.1961619 ], [ 114.1206966, 22.1960862 ], [ 114.1208079, 22.1958813 ], [ 114.120816, 22.1954839 ], [ 114.1207194, 22.195135 ], [ 114.1208254, 22.1942832 ], [ 114.1207395, 22.1937803 ], [ 114.1207664, 22.1935828 ], [ 114.1207322, 22.1929806 ], [ 114.120641, 22.1927449 ], [ 114.1206034, 22.1927248 ], [ 114.120552100000012, 22.1926168 ] ] } },
{ "type": "Feature", "properties": { }, "geometry": { "type": "LineString", "coordinates": [ [ 114.1167057, 22.1883296 ], [ 114.116539, 22.1883873 ], [ 114.1163573, 22.1883193 ], [ 114.1161787, 22.1883376 ], [ 114.1157653, 22.1881963 ], [ 114.1156881, 22.188091799999988 ], [ 114.1155329, 22.1881789 ], [ 114.115467, 22.1880096 ], [ 114.1155278, 22.1880228 ], [ 114.1155238, 22.1879438 ], [ 114.1154473, 22.1878505 ], [ 114.115387, 22.1878481 ], [ 114.1153227, 22.1877939 ] ] } },
{ "type": "Feature", "properties": { }, "geometry": { "type": "LineString", "coordinates": [ [ 114.1192507, 22.1903019 ], [ 114.1189911, 22.190172 ], [ 114.11841, 22.1894018 ], [ 114.1180748, 22.1890342 ], [ 114.1175276, 22.1885524 ], [ 114.1167728, 22.1883056 ], [ 114.1167057, 22.1883296 ] ] } },
{ "type": "Feature", "properties": { }, "geometry": { "type": "LineString", "coordinates": [ [ 114.120552100000012, 22.1926168 ], [ 114.1204873, 22.1925074 ], [ 114.1203531, 22.1924523 ], [ 114.1201588, 22.1926152 ], [ 114.1201228, 22.1926184 ], [ 114.1200737, 22.1925367 ], [ 114.1200867, 22.1925126 ], [ 114.120166700000013, 22.1925337 ], [ 114.1201926, 22.1924508 ], [ 114.1202788, 22.1924223 ], [ 114.1203788, 22.1913762 ], [ 114.1203439, 22.1910844 ], [ 114.1202165, 22.1907715 ], [ 114.1200663, 22.1906336 ], [ 114.1197846, 22.190452 ], [ 114.1194381, 22.1904305 ], [ 114.1192507, 22.1903019 ] ] } },
{ "type": "Feature", "properties": { }, "geometry": { "type": "LineString", "coordinates": [ [ 113.8523742, 22.2384665 ], [ 113.852296, 22.2384223 ], [ 113.8522729, 22.2383556 ], [ 113.8523223, 22.2381592 ], [ 113.8524039, 22.2380231 ], [ 113.8523644, 22.2377739 ], [ 113.85230660000002, 22.2376688 ], [ 113.8523089, 22.2374712 ], [ 113.852454, 22.2370491 ], [ 113.8525564, 22.2369304 ], [ 113.8526158, 22.236692 ], [ 113.8510511, 22.2376152 ], [ 113.8509719, 22.2375133 ], [ 113.8510582, 22.2374624 ], [ 113.8511041, 22.237519 ], [ 113.851287, 22.237432 ], [ 113.8526504, 22.236599 ], [ 113.8527174, 22.2362863 ], [ 113.8525933, 22.2360804 ], [ 113.8526677, 22.2357932 ], [ 113.8526483, 22.2355945 ], [ 113.8526762, 22.2355174 ], [ 113.85264, 22.2353621 ] ] } },
{ "type": "Feature", "properties": { }, "geometry": { "type": "LineString", "coordinates": [ [ 113.85264, 22.2353621 ], [ 113.8523797, 22.2354506 ], [ 113.8523674, 22.2354317 ], [ 113.8526384, 22.2353475 ] ] } },
{ "type": "Feature", "properties": { }, "geometry": { "type": "LineString", "coordinates": [ [ 113.8526384, 22.2353475 ], [ 113.8526269, 22.2349244 ], [ 113.8527907, 22.2344132 ], [ 113.8527929, 22.2342066 ], [ 113.8528466, 22.2340797 ], [ 113.8527576, 22.2338272 ], [ 113.8527033, 22.2334631 ] ] } },
{ "type": "Feature", "properties": { }, "geometry": { "type": "LineString", "coordinates": [ [ 113.849104, 22.2307543 ], [ 113.8490902, 22.2306597 ], [ 113.8490296, 22.2305852 ], [ 113.8490658, 22.2304725 ], [ 113.8490644, 22.2301853 ], [ 113.8489913, 22.2303351 ], [ 113.8487601, 22.2303941 ], [ 113.8487893, 22.2305555 ], [ 113.848748, 22.2307188 ], [ 113.848814, 22.2307838 ], [ 113.8488268, 22.2308736 ], [ 113.8487991, 22.2309237 ], [ 113.8487052, 22.2316892 ], [ 113.8486581, 22.231802 ], [ 113.8486731, 22.2318889 ], [ 113.8486577, 22.2319608 ], [ 113.8486121, 22.231956 ], [ 113.8485829, 22.2320667 ], [ 113.8485863, 22.2323474 ], [ 113.8486831, 22.2323703 ], [ 113.8486978, 22.2326321 ], [ 113.8486562, 22.2326302 ], [ 113.848595, 22.232678 ], [ 113.848628800000014, 22.2327419 ] ] } },
{ "type": "Feature", "properties": { }, "geometry": { "type": "LineString", "coordinates": [ [ 113.8497764, 22.2307676 ], [ 113.8497551, 22.2308303 ], [ 113.8497793, 22.2308839 ], [ 113.8497161, 22.2309009 ], [ 113.849726, 22.2309826 ], [ 113.8496224, 22.2310804 ], [ 113.8497145, 22.2311665 ], [ 113.8497539, 22.2312981 ], [ 113.849658, 22.2313402 ], [ 113.8495742, 22.2315426 ], [ 113.8495276, 22.2315802 ], [ 113.8494394, 22.2315724 ], [ 113.8493566, 22.2314255 ], [ 113.8492848, 22.2314284 ], [ 113.849235600000014, 22.2315191 ], [ 113.8492547, 22.2316269 ], [ 113.8491295, 22.2317044 ], [ 113.8490762, 22.2316861 ], [ 113.8490217, 22.231608 ], [ 113.8489673, 22.2313895 ], [ 113.8489949, 22.2311769 ], [ 113.8490895, 22.2309266 ], [ 113.849104, 22.2307543 ] ] } },
{ "type": "Feature", "properties": { }, "geometry": { "type": "Polygon", "coordinates": [ [ [ 114.389973, 22.4195656 ], [ 114.3899046, 22.4195619 ], [ 114.389914, 22.41949 ], [ 114.3899609, 22.4194888 ], [ 114.389973, 22.4195656 ] ] ] } },
{ "type": "Feature", "properties": { }, "geometry": { "type": "Polygon", "coordinates": [ [ [ 114.3899328, 22.4196536 ], [ 114.3898965, 22.419609 ], [ 114.3899193, 22.4195941 ], [ 114.3899703, 22.4196115 ], [ 114.3899328, 22.4196536 ] ] ] } },
{ "type": "Feature", "properties": { }, "geometry": { "type": "LineString", "coordinates": [ [ 113.8674588, 22.2625911 ], [ 113.8674331, 22.2624477 ], [ 113.8673589, 22.2623322 ], [ 113.8671583, 22.262167 ], [ 113.867114, 22.2621636 ], [ 113.8669642, 22.2619741 ] ] } },
{ "type": "Feature", "properties": { }, "geometry": { "type": "LineString", "coordinates": [ [ 113.8664726, 22.2614713 ], [ 113.8664686, 22.2614457 ], [ 113.8663989, 22.2614255 ], [ 113.8662036, 22.2611242 ], [ 113.865644, 22.2600041 ], [ 113.865568200000013, 22.2599359 ], [ 113.865507, 22.259612 ], [ 113.865315, 22.2593557 ], [ 113.865128, 22.2592094 ], [ 113.8649816, 22.2589918 ], [ 113.8647735, 22.2588935 ], [ 113.864229200000011, 22.2587424 ], [ 113.8640928, 22.2586729 ], [ 113.8639382, 22.2585445 ], [ 113.8636486, 22.258486 ], [ 113.8631583, 22.2584868 ], [ 113.862992, 22.2585203 ], [ 113.8628619, 22.2584233 ], [ 113.8626838, 22.2580921 ] ] } },
{ "type": "Feature", "properties": { }, "geometry": { "type": "LineString", "coordinates": [ [ 113.9709702, 22.453905 ], [ 113.9707248, 22.4540677 ], [ 113.9704615, 22.4539781 ], [ 113.9701274, 22.4538041 ], [ 113.9696648, 22.4537231 ], [ 113.9691649, 22.4537177 ], [ 113.9685119, 22.4535841 ], [ 113.9677644, 22.4533909 ], [ 113.9673996, 22.4532659 ], [ 113.9671389, 22.4532862 ], [ 113.9655185, 22.4529061 ], [ 113.965175, 22.4527233 ], [ 113.9650136, 22.4525566 ], [ 113.9652861, 22.4523457 ], [ 113.9650064, 22.4521481 ], [ 113.9647721, 22.4520704 ], [ 113.9645261, 22.45216 ], [ 113.9644047, 22.4524745 ], [ 113.9639684, 22.452339 ], [ 113.9636219, 22.452385 ], [ 113.9635581, 22.4523683 ], [ 113.9631352, 22.4520185 ], [ 113.9629495, 22.4519278 ], [ 113.9627699, 22.4519017 ], [ 113.9625554, 22.4516086 ], [ 113.9618655, 22.4510272 ], [ 113.9617472, 22.4507978 ], [ 113.961546, 22.4505083 ], [ 113.9615371, 22.4503263 ], [ 113.9613506, 22.4502272 ], [ 113.9611095, 22.4501298 ], [ 113.9608952, 22.4501213 ], [ 113.9607013, 22.450279 ], [ 113.9604604, 22.4503278 ], [ 113.9601684, 22.4502552 ], [ 113.959901, 22.4500377 ], [ 113.9594138, 22.4497575 ], [ 113.9592242, 22.4496941 ], [ 113.9590056, 22.4497051 ], [ 113.958606100000011, 22.4498015 ], [ 113.9583269, 22.4496721 ], [ 113.9581479, 22.4496563 ], [ 113.9579857, 22.449703 ], [ 113.9578999, 22.4498027 ], [ 113.95768750000002, 22.449838 ], [ 113.9574686, 22.4499497 ], [ 113.9571452, 22.4499842 ], [ 113.9567657, 22.4499148 ], [ 113.9567136, 22.4498113 ], [ 113.9566424, 22.4497505 ], [ 113.9562766, 22.4495104 ], [ 113.9560721, 22.4492309 ], [ 113.9557118, 22.4491829 ], [ 113.9556033, 22.4490031 ], [ 113.9556911, 22.4488337 ], [ 113.9557152, 22.4486472 ], [ 113.9555879, 22.4485063 ], [ 113.9549599, 22.4483999 ], [ 113.9548201, 22.4482701 ], [ 113.9539501, 22.4471893 ], [ 113.953877, 22.4469869 ], [ 113.953642400000021, 22.4466985 ], [ 113.9536036, 22.446606 ], [ 113.9537791, 22.4460391 ], [ 113.9539188, 22.4454243 ], [ 113.9539174, 22.4451401 ], [ 113.9538777, 22.4447857 ], [ 113.9537706, 22.4446564 ], [ 113.953501, 22.4439206 ], [ 113.9534238, 22.4436283 ], [ 113.9532651, 22.4435498 ], [ 113.9530233, 22.4435322 ], [ 113.9527313, 22.4433265 ], [ 113.9526781, 22.4430342 ], [ 113.9518193, 22.4424193 ], [ 113.9510901, 22.4422865 ], [ 113.9494657, 22.4410908 ], [ 113.9491349, 22.4406328 ], [ 113.948072, 22.4397889 ], [ 113.947684900000013, 22.4395057 ], [ 113.947542, 22.4395223 ], [ 113.9472173, 22.4393549 ], [ 113.9469084, 22.4388631 ], [ 113.9467596, 22.4378389 ], [ 113.9467424, 22.4370037 ], [ 113.9468993, 22.4354125 ], [ 113.946339, 22.4333955 ], [ 113.9462088, 22.4332074 ], [ 113.9458005, 22.4328075 ], [ 113.9453068, 22.4325554 ], [ 113.9449355, 22.4323257 ], [ 113.9447692, 22.4321434 ], [ 113.9445198, 22.4316426 ], [ 113.9445901, 22.4313676 ], [ 113.9444008, 22.4310385 ], [ 113.943499200000019, 22.4298836 ], [ 113.9433764, 22.4298718 ], [ 113.9431424, 22.4299369 ], [ 113.9430955, 22.4298799 ], [ 113.9430392, 22.4298774 ], [ 113.9430311, 22.4298377 ], [ 113.942783, 22.429679 ], [ 113.9415937, 22.4289585 ], [ 113.941021, 22.4285058 ], [ 113.9400783, 22.4279157 ], [ 113.9396767, 22.4277884 ], [ 113.9383517, 22.4270785 ], [ 113.9382042, 22.4269626 ], [ 113.9382884, 22.4266999 ], [ 113.938588, 22.4264458 ], [ 113.9389051, 22.4260418 ], [ 113.9392392, 22.4258556 ], [ 113.9393412, 22.4257648 ], [ 113.9395484, 22.4254333 ], [ 113.939588700000016, 22.4252792 ], [ 113.9394586, 22.4250533 ], [ 113.9394499, 22.4248955 ], [ 113.9393601, 22.4248005 ], [ 113.939322, 22.4247069 ], [ 113.9394361, 22.4245244 ], [ 113.9394305, 22.4242919 ], [ 113.93935, 22.4242138 ], [ 113.9389255, 22.424206 ], [ 113.9387763, 22.4241738 ], [ 113.938793, 22.4240927 ], [ 113.9388545, 22.4240991 ], [ 113.939496300000016, 22.4215911 ], [ 113.9393612, 22.4210879 ], [ 113.9393214, 22.4208203 ], [ 113.939153500000018, 22.4203842 ], [ 113.9392288, 22.4202462 ], [ 113.9392029, 22.4202192 ], [ 113.9390917, 22.4203075 ], [ 113.9389262, 22.419991 ], [ 113.9388379, 22.4197004 ], [ 113.9387487, 22.4197186 ] ] } },
{ "type": "Feature", "properties": { }, "geometry": { "type": "LineString", "coordinates": [ [ 114.3607651, 22.455497 ], [ 114.3608149, 22.4553044 ], [ 114.3610203, 22.4548149 ], [ 114.3612105, 22.4544668 ], [ 114.3612166, 22.4543308 ], [ 114.361259300000015, 22.4542773 ], [ 114.3615981, 22.4540658 ], [ 114.3616855, 22.4539568 ], [ 114.3617058, 22.4537422 ], [ 114.3616027, 22.4537414 ], [ 114.3616155, 22.4537082 ], [ 114.3616709, 22.453732 ], [ 114.3617602, 22.4536931 ], [ 114.3617416, 22.4536184 ], [ 114.3618608, 22.4531833 ], [ 114.3621845, 22.4527074 ], [ 114.3621804, 22.4526203 ], [ 114.362016, 22.4522257 ], [ 114.3617124, 22.4519091 ], [ 114.3614925, 22.4517505 ], [ 114.3611258, 22.4515506 ], [ 114.3609135, 22.4514811 ], [ 114.3608128, 22.4514821 ], [ 114.3605921, 22.4515849 ], [ 114.360232, 22.4518925 ], [ 114.3599797, 22.452055 ], [ 114.3598911, 22.4520267 ], [ 114.3597589, 22.4520499 ], [ 114.3595855, 22.4521707 ], [ 114.3593051, 22.4522311 ], [ 114.359180100000017, 22.4522925 ], [ 114.3590718, 22.4522971 ], [ 114.3589396, 22.4523972 ], [ 114.3588261, 22.452441 ], [ 114.358726, 22.4524209 ], [ 114.358580100000012, 22.4524465 ], [ 114.3585492, 22.4524929 ], [ 114.358492500000011, 22.4525119 ] ] } },
{ "type": "Feature", "properties": { }, "geometry": { "type": "LineString", "coordinates": [ [ 114.358492500000011, 22.4525119 ], [ 114.358402, 22.4524543 ], [ 114.3583123, 22.4523248 ], [ 114.3583598, 22.4522885 ], [ 114.3583634, 22.4522104 ], [ 114.3581814, 22.4519826 ], [ 114.3578505, 22.4516024 ], [ 114.3576954, 22.4515019 ], [ 114.3576235, 22.4514995 ], [ 114.3575957, 22.4514093 ] ] } },
{ "type": "Feature", "properties": { }, "geometry": { "type": "LineString", "coordinates": [ [ 114.1594353, 22.2340146 ], [ 114.1595709, 22.234119 ], [ 114.1596954, 22.2342664 ], [ 114.159717300000011, 22.2343295 ], [ 114.1596773, 22.2344566 ], [ 114.1598546, 22.2345366 ], [ 114.1598773, 22.2346949 ], [ 114.1598519, 22.2347487 ], [ 114.1597537, 22.2348094 ], [ 114.1597518, 22.2348738 ], [ 114.1598064, 22.234947 ], [ 114.1599265, 22.2350013 ], [ 114.1600947, 22.2351621 ], [ 114.1601575, 22.2354029 ], [ 114.1601147, 22.2355224 ], [ 114.160122, 22.235626 ], [ 114.1602139, 22.2356941 ], [ 114.1604003, 22.2357413 ], [ 114.160361100000017, 22.2360755 ], [ 114.1604377, 22.2361721 ], [ 114.1604944, 22.2361994 ], [ 114.162598200000019, 22.2362863 ], [ 114.1627527, 22.2362409 ], [ 114.163055, 22.2362604 ], [ 114.1631425, 22.2363238 ], [ 114.1631482, 22.2364623 ], [ 114.1630644, 22.2365193 ], [ 114.1629895, 22.2365267 ] ] } },
{ "type": "Feature", "properties": { }, "geometry": { "type": "LineString", "coordinates": [ [ 114.1593208, 22.2452074 ], [ 114.1587253, 22.2455394 ], [ 114.1575134, 22.2457801 ], [ 114.154024, 22.2446006 ], [ 114.1526528, 22.2450099 ], [ 114.1523184, 22.2453042 ], [ 114.1507569, 22.2457173 ], [ 114.1502777, 22.2456044 ], [ 114.14877, 22.2457314 ], [ 114.1484602, 22.245714 ], [ 114.1483113, 22.2456669 ], [ 114.1471994, 22.2449899 ], [ 114.1452329, 22.2448695 ], [ 114.1451404, 22.2448342 ] ] } },
{ "type": "Feature", "properties": { }, "geometry": { "type": "LineString", "coordinates": [ [ 114.1601324, 22.246187 ], [ 114.1601748, 22.2460095 ] ] } },
{ "type": "Feature", "properties": { }, "geometry": { "type": "LineString", "coordinates": [ [ 114.1644389, 22.2383896 ], [ 114.1626763, 22.2380097 ], [ 114.1626278, 22.2379403 ], [ 114.1626318, 22.2378953 ], [ 114.1627027, 22.2378175 ], [ 114.1627744, 22.2378123 ] ] } },
{ "type": "Feature", "properties": { }, "geometry": { "type": "LineString", "coordinates": [ [ 114.1601748, 22.2460095 ], [ 114.1602529, 22.2459339 ], [ 114.1604301, 22.2458603 ], [ 114.160542, 22.2458538 ], [ 114.1615573, 22.2451928 ], [ 114.1621053, 22.2451956 ], [ 114.1621592, 22.2455655 ], [ 114.1629022, 22.2456786 ], [ 114.1629682, 22.2456209 ], [ 114.1636017, 22.2455434 ], [ 114.1635914, 22.2454712 ], [ 114.1636842, 22.2454607 ], [ 114.1637835, 22.2453562 ], [ 114.1638672, 22.2454243 ], [ 114.1641981, 22.2453817 ], [ 114.1642798, 22.2453057 ], [ 114.164287200000018, 22.2451468 ], [ 114.1646145, 22.2447806 ], [ 114.1644099, 22.2446012 ], [ 114.164418, 22.2444566 ], [ 114.1643798, 22.2444113 ], [ 114.1642725, 22.2443288 ], [ 114.1641705, 22.244443 ], [ 114.1636817, 22.2440526 ], [ 114.1638386, 22.2438893 ], [ 114.1638366, 22.2438 ], [ 114.1638882, 22.243746 ], [ 114.1637643, 22.2436245 ], [ 114.1636018, 22.2433335 ], [ 114.1635858, 22.2430383 ], [ 114.1636375, 22.2429087 ], [ 114.1638405, 22.242619 ], [ 114.164302, 22.2422247 ], [ 114.1646359, 22.2424724 ], [ 114.1656793, 22.2414291 ], [ 114.1655852, 22.239757 ], [ 114.1644389, 22.2383896 ] ] } },
{ "type": "Feature", "properties": { }, "geometry": { "type": "LineString", "coordinates": [ [ 114.144774, 22.2457096 ], [ 114.1447999, 22.2457472 ], [ 114.1438528, 22.2479815 ], [ 114.1439125, 22.2479998 ], [ 114.1438924, 22.2480607 ], [ 114.1440459, 22.2481203 ], [ 114.1467104, 22.2482769 ], [ 114.148735800000011, 22.2478348 ], [ 114.1486922, 22.2476231 ], [ 114.1487673, 22.2476082 ], [ 114.1488303, 22.2478093 ], [ 114.1499957, 22.2479694 ], [ 114.1509553, 22.2477651 ], [ 114.1542665, 22.247218 ], [ 114.1546762, 22.2468101 ], [ 114.1549773, 22.2466364 ], [ 114.156629, 22.2466603 ], [ 114.1584367, 22.2470472 ], [ 114.1593406, 22.2468014 ], [ 114.1599196, 22.2463521 ] ] } },
{ "type": "Feature", "properties": { }, "geometry": { "type": "LineString", "coordinates": [ [ 114.1599196, 22.2463521 ], [ 114.1601324, 22.246187 ] ] } },
{ "type": "Feature", "properties": { }, "geometry": { "type": "LineString", "coordinates": [ [ 114.1710001, 22.2299253 ], [ 114.1711771, 22.2299339 ], [ 114.1715983, 22.2297688 ], [ 114.1717377, 22.2297428 ], [ 114.1719818, 22.2297788 ], [ 114.172209800000019, 22.2298806 ], [ 114.1724968, 22.2300966 ], [ 114.1727328, 22.23032 ], [ 114.1731727, 22.2304318 ], [ 114.1733712, 22.2305956 ], [ 114.1734195, 22.2307272 ], [ 114.1734329, 22.2310401 ], [ 114.1736019, 22.2314646 ], [ 114.1736582, 22.2317228 ], [ 114.173854, 22.2322715 ], [ 114.1739801, 22.2333702 ], [ 114.1740337, 22.2334645 ], [ 114.1741893, 22.2335812 ], [ 114.1742671, 22.233719 ], [ 114.1742161, 22.2341882 ], [ 114.1741638, 22.2343459 ], [ 114.1741852, 22.2344353 ], [ 114.1743287, 22.2346153 ], [ 114.174377, 22.2348065 ], [ 114.1743717, 22.2351242 ], [ 114.1742939, 22.2356878 ], [ 114.174322, 22.2357847 ], [ 114.1745031, 22.2359783 ], [ 114.1745701, 22.2361099 ], [ 114.1746131, 22.2362638 ], [ 114.1746305, 22.2365369 ], [ 114.1747083, 22.2367269 ], [ 114.1748907, 22.2368758 ], [ 114.1750368, 22.2369354 ], [ 114.17512, 22.237062 ], [ 114.1751495, 22.2371824 ], [ 114.1751079, 22.2373066 ], [ 114.1751052, 22.2374431 ], [ 114.1751897, 22.2376268 ], [ 114.175161, 22.2377677 ], [ 114.1752046, 22.2378164 ], [ 114.1753046, 22.2378159 ], [ 114.1753409, 22.2378866 ], [ 114.175312, 22.2379435 ], [ 114.1753216, 22.2380637 ], [ 114.1752804, 22.238113 ], [ 114.1754366, 22.238306 ], [ 114.1754981, 22.2382656 ], [ 114.1756281, 22.2384146 ], [ 114.1755506, 22.2384757 ], [ 114.1756849, 22.2385261 ], [ 114.1757293, 22.2387707 ], [ 114.1758032, 22.2387383 ], [ 114.1764839, 22.2393027 ], [ 114.1766636, 22.2399618 ], [ 114.1767139, 22.2402541 ], [ 114.1767065, 22.2405009 ], [ 114.1767642, 22.2405254 ], [ 114.176961300000016, 22.2405043 ], [ 114.177131700000018, 22.2407302 ], [ 114.177430700000016, 22.2409996 ], [ 114.1777043, 22.2411957 ], [ 114.1778344, 22.2413906 ], [ 114.1779202, 22.2416959 ], [ 114.1780034, 22.2418623 ], [ 114.1784501, 22.2425767 ], [ 114.1784115, 22.2426968 ], [ 114.1784804, 22.242909 ], [ 114.1784606, 22.2429913 ], [ 114.178406, 22.2430565 ], [ 114.178432900000018, 22.2431349 ], [ 114.1784939, 22.2431594 ], [ 114.1784507, 22.2434465 ], [ 114.1784897, 22.2436594 ], [ 114.1785276, 22.243721 ], [ 114.1786722, 22.2438074 ], [ 114.1788312, 22.2440454 ], [ 114.1791487, 22.2443114 ], [ 114.179213, 22.2445013 ], [ 114.179488, 22.2446825 ], [ 114.180019, 22.2448476 ] ] } },
{ "type": "Feature", "properties": { }, "geometry": { "type": "LineString", "coordinates": [ [ 114.1163369, 22.2749734 ], [ 114.1163685, 22.2747453 ], [ 114.1164762, 22.2746149 ], [ 114.1167082, 22.274391 ], [ 114.1170265, 22.2741775 ], [ 114.117107, 22.2740525 ], [ 114.1172723, 22.2739427 ], [ 114.1173452, 22.273955 ], [ 114.1175703, 22.2738698 ], [ 114.1176762, 22.2738578 ], [ 114.1178314, 22.2737482 ], [ 114.1179236, 22.2737834 ], [ 114.1179627, 22.2736455 ], [ 114.1181821, 22.2733436 ], [ 114.1183081, 22.2730867 ], [ 114.119039, 22.2724239 ], [ 114.1193233, 22.2719983 ], [ 114.1193877, 22.2719461 ], [ 114.1199523, 22.271647 ], [ 114.1206282, 22.2715192 ], [ 114.1214986, 22.2710811 ], [ 114.1217454, 22.270921 ], [ 114.1226077, 22.2701528 ], [ 114.1226573, 22.2700275 ], [ 114.1226681, 22.2697581 ], [ 114.1227043, 22.2696353 ], [ 114.1232863, 22.2684786 ], [ 114.1233104, 22.2680852 ], [ 114.1233459, 22.26796 ], [ 114.1236913, 22.267724 ], [ 114.1237289, 22.2676284 ], [ 114.1237342, 22.2673145 ], [ 114.1242599, 22.2665996 ], [ 114.124447700000019, 22.2662645 ], [ 114.1245309, 22.2660187 ], [ 114.124732, 22.265845 ], [ 114.1249466, 22.2655248 ], [ 114.1254106, 22.264934 ], [ 114.1258076, 22.264126 ], [ 114.1258197, 22.264033 ], [ 114.1256936, 22.2639101 ], [ 114.125711, 22.2638667 ], [ 114.12581560000001, 22.2638766 ], [ 114.1259363, 22.2639635 ], [ 114.1260034, 22.2639461 ], [ 114.1260771, 22.2635104 ], [ 114.126141500000017, 22.2633317 ], [ 114.126572, 22.2627025 ], [ 114.1266082, 22.2624431 ], [ 114.1267209, 22.2623376 ], [ 114.1271661, 22.2622184 ], [ 114.127325400000018, 22.2620928 ], [ 114.1274732, 22.2616512 ], [ 114.1276234, 22.2614837 ], [ 114.1276677, 22.2612987 ], [ 114.1278125, 22.261022 ], [ 114.1279507, 22.2609152 ], [ 114.1289028, 22.2595524 ], [ 114.1287795, 22.2594829 ], [ 114.1295975, 22.2583783 ], [ 114.129688700000017, 22.2584478 ], [ 114.1305299, 22.2574114 ], [ 114.1311935, 22.2565438 ], [ 114.1319659, 22.2554466 ], [ 114.1319847, 22.2553411 ], [ 114.1319016, 22.2551748 ], [ 114.1318908, 22.2550457 ], [ 114.1320786, 22.2546907 ], [ 114.1318908, 22.2540316 ], [ 114.1318412, 22.2537586 ], [ 114.1318466, 22.2535885 ], [ 114.1319834, 22.2528202 ], [ 114.1321751, 22.2524888 ], [ 114.1322489, 22.2521711 ], [ 114.1324139, 22.2520693 ], [ 114.1325587, 22.2520482 ], [ 114.132835, 22.2520705 ], [ 114.1329758, 22.2521946 ], [ 114.1330294, 22.2522058 ], [ 114.1331488, 22.2521984 ], [ 114.1331904, 22.2521686 ], [ 114.1339602, 22.2515092 ], [ 114.1340688, 22.251368 ], [ 114.1341627, 22.2511545 ], [ 114.1348032, 22.2500142 ], [ 114.1349781, 22.2498537 ], [ 114.1352274, 22.2497137 ], [ 114.1356654, 22.2493423 ], [ 114.1359223, 22.2490384 ], [ 114.1361455, 22.2488744 ], [ 114.1363561, 22.2488517 ], [ 114.136545, 22.2489089 ], [ 114.1369901, 22.2487965 ], [ 114.1372847, 22.2487606 ], [ 114.1376437, 22.2485004 ], [ 114.1378081, 22.2484603 ], [ 114.1394295, 22.2487853 ], [ 114.1397429, 22.2488254 ], [ 114.1410788, 22.248528 ], [ 114.1411605, 22.2484883 ], [ 114.1411491, 22.248348 ], [ 114.1421496, 22.2480166 ], [ 114.1435162, 22.2480973 ], [ 114.143704600000021, 22.2481442 ], [ 114.1447303, 22.2457327 ], [ 114.144774, 22.2457096 ] ] } },
{ "type": "Feature", "properties": { }, "geometry": { "type": "LineString", "coordinates": [ [ 114.3823248, 22.4364113 ], [ 114.3821543, 22.4363593 ], [ 114.3814677, 22.4363631 ], [ 114.3810641, 22.4364178 ], [ 114.3799394, 22.4366691 ], [ 114.37971610000001, 22.4367714 ], [ 114.3787321, 22.4370994 ], [ 114.3778194, 22.4375077 ], [ 114.37726480000002, 22.4378473 ], [ 114.3770167, 22.4381565 ], [ 114.3768409, 22.4383055 ] ] } },
{ "type": "Feature", "properties": { }, "geometry": { "type": "LineString", "coordinates": [ [ 114.1875135, 22.2878933 ], [ 114.1888862, 22.2870287 ], [ 114.1887969, 22.28691 ], [ 114.188934, 22.2865233 ] ] } },
{ "type": "Feature", "properties": { }, "geometry": { "type": "LineString", "coordinates": [ [ 114.188934, 22.2865233 ], [ 114.1891027, 22.2860482 ], [ 114.1898059, 22.2857612 ], [ 114.1897654, 22.2855402 ], [ 114.1899528, 22.2855101 ], [ 114.1899162, 22.2851866 ], [ 114.1897096, 22.2852154 ], [ 114.1896615, 22.2850999 ], [ 114.189349, 22.2850165 ], [ 114.189357, 22.284957 ], [ 114.189317, 22.284947 ], [ 114.1892925, 22.284983 ], [ 114.1863625, 22.2842172 ], [ 114.1861713, 22.2842423 ], [ 114.1856183, 22.2840528 ], [ 114.1849082, 22.2835243 ], [ 114.1848663, 22.2832808 ], [ 114.183524, 22.282431 ], [ 114.1831875, 22.2823061 ], [ 114.1830678, 22.2823477 ], [ 114.18299, 22.282529 ], [ 114.1833614, 22.28453 ], [ 114.1833276, 22.2845484 ], [ 114.183321500000019, 22.2847185 ], [ 114.183294, 22.2847346 ], [ 114.183046600000011, 22.2847259 ], [ 114.183024500000016, 22.2846086 ], [ 114.182952, 22.2846043 ], [ 114.182933300000016, 22.2848273 ], [ 114.1831546, 22.2848894 ], [ 114.1831623, 22.284868 ], [ 114.1833426, 22.284991 ], [ 114.1827509, 22.284868 ], [ 114.1824251, 22.285541 ] ] } },
{ "type": "Feature", "properties": { }, "geometry": { "type": "LineString", "coordinates": [ [ 114.2063738, 22.2150376 ], [ 114.2064672, 22.2155912 ], [ 114.2070021, 22.2160392 ], [ 114.2072408, 22.2164043 ], [ 114.2075358, 22.2166923 ], [ 114.2078912, 22.2168239 ], [ 114.2081106, 22.2168397 ], [ 114.2084923, 22.2167807 ], [ 114.2086064, 22.2168223 ], [ 114.2088219, 22.217036 ], [ 114.208849300000011, 22.2172412 ], [ 114.2089075, 22.2172861 ], [ 114.209182, 22.2173678 ], [ 114.2094476, 22.2173714 ], [ 114.209565, 22.2174663 ], [ 114.2098023, 22.2174381 ], [ 114.2100332, 22.2175623 ], [ 114.2101105, 22.2176881 ], [ 114.2101822, 22.2179221 ], [ 114.2103716, 22.2176483 ], [ 114.2103801, 22.2177561 ], [ 114.2102834, 22.2179143 ], [ 114.2102153, 22.2182077 ], [ 114.2101194, 22.2183141 ], [ 114.2101395, 22.2183961 ], [ 114.2102692, 22.2185075 ], [ 114.2103927, 22.2185375 ], [ 114.211227900000011, 22.2184391 ], [ 114.2113218, 22.2184143 ], [ 114.2115431, 22.218274 ] ] } },
{ "type": "Feature", "properties": { }, "geometry": { "type": "LineString", "coordinates": [ [ 114.21524, 22.219007 ], [ 114.2151305, 22.2189432 ], [ 114.2149213, 22.2189283 ], [ 114.2146933, 22.2190537 ], [ 114.2145753, 22.2191617 ], [ 114.2144358, 22.2193665 ], [ 114.2142735, 22.2198656 ] ] } },
{ "type": "Feature", "properties": { }, "geometry": { "type": "LineString", "coordinates": [ [ 114.2018272, 22.2170231 ], [ 114.2016313, 22.216879 ], [ 114.2013855, 22.2167618 ], [ 114.2012125, 22.2167593 ], [ 114.2010115, 22.2168292 ], [ 114.2008799, 22.2168338 ], [ 114.2004199, 22.2167556 ], [ 114.1996488, 22.2161708 ], [ 114.198691200000013, 22.2158592 ], [ 114.1983109, 22.2155751 ], [ 114.1977954, 22.2150199 ], [ 114.1972609, 22.2143444 ], [ 114.1970821, 22.2139913 ] ] } },
{ "type": "Feature", "properties": { }, "geometry": { "type": "LineString", "coordinates": [ [ 114.205262, 22.2123251 ], [ 114.205327, 22.2123661 ], [ 114.2055483, 22.2126622 ], [ 114.2057173, 22.2128261 ], [ 114.2058407, 22.2130787 ], [ 114.205952, 22.2131489 ], [ 114.2061813, 22.2131774 ], [ 114.2064106, 22.2133289 ], [ 114.206817, 22.2137101 ], [ 114.2070369, 22.214056 ], [ 114.2071053, 22.2143048 ], [ 114.2070919, 22.2144091 ], [ 114.2070142, 22.2145308 ], [ 114.2067523, 22.2147061 ], [ 114.2063738, 22.2150376 ] ] } },
{ "type": "Feature", "properties": { }, "geometry": { "type": "LineString", "coordinates": [ [ 114.2165342, 22.4493249 ], [ 114.2167332, 22.4494882 ], [ 114.2170211, 22.4496361 ], [ 114.2173133, 22.44971 ], [ 114.2177425, 22.4497394 ], [ 114.2179694, 22.4496414 ], [ 114.2180003, 22.4495935 ], [ 114.2179574, 22.4493272 ], [ 114.2179844, 22.4493198 ], [ 114.218051800000012, 22.4495792 ], [ 114.2180787, 22.4496238 ], [ 114.218121, 22.4496281 ], [ 114.21837, 22.4495137 ], [ 114.2187895, 22.4493822 ], [ 114.218919, 22.4492637 ], [ 114.219083, 22.4491801 ], [ 114.2192267, 22.4490068 ], [ 114.2193536, 22.4489956 ], [ 114.2196106, 22.4490928 ], [ 114.2198369, 22.4491333 ], [ 114.2204484, 22.4491405 ], [ 114.2208326, 22.4490951 ], [ 114.2209499, 22.4491289 ], [ 114.2210381, 22.4491161 ], [ 114.221316, 22.4492179 ], [ 114.2216513, 22.4494384 ], [ 114.2218222, 22.4496357 ], [ 114.2218144, 22.4498135 ], [ 114.2218814, 22.449898 ] ] } },
{ "type": "Feature", "properties": { }, "geometry": { "type": "LineString", "coordinates": [ [ 114.2156328, 22.4473021 ], [ 114.215739500000012, 22.4472319 ], [ 114.2159956, 22.4471435 ], [ 114.2161685, 22.4472267 ], [ 114.2166661, 22.4473654 ], [ 114.2167344, 22.4474097 ], [ 114.216904, 22.4474106 ], [ 114.2173094, 22.4475908 ], [ 114.217385, 22.4477579 ], [ 114.2174987, 22.4478852 ], [ 114.2172143, 22.4484505 ], [ 114.2169441, 22.4485914 ], [ 114.2166866, 22.4488053 ], [ 114.2166359, 22.4488001 ], [ 114.2165468, 22.4489101 ], [ 114.216488600000019, 22.4491042 ], [ 114.2165342, 22.4493249 ] ] } },
{ "type": "Feature", "properties": { }, "geometry": { "type": "LineString", "coordinates": [ [ 114.1784899, 22.2427871 ], [ 114.1784383, 22.2426664 ], [ 114.178484, 22.2426012 ], [ 114.1785179, 22.2425975 ], [ 114.1785616, 22.2426271 ], [ 114.1785459, 22.2427642 ], [ 114.1784899, 22.2427871 ] ] } },
{ "type": "Feature", "properties": { }, "geometry": { "type": "LineString", "coordinates": [ [ 114.1782884, 22.4451189 ], [ 114.17857, 22.4452601 ], [ 114.1790584, 22.4451762 ], [ 114.1790923, 22.4452395 ], [ 114.1791815, 22.4452463 ], [ 114.17921170000001, 22.4452866 ], [ 114.179384900000017, 22.4453385 ], [ 114.1794328, 22.4452786 ], [ 114.1794849, 22.4452639 ], [ 114.1795642, 22.4453195 ], [ 114.1795696, 22.445363 ], [ 114.1795242, 22.4454192 ], [ 114.1794518, 22.4454237 ], [ 114.1794997, 22.4454816 ], [ 114.1794638, 22.4455629 ], [ 114.1794976, 22.4456397 ], [ 114.1794755, 22.4457563 ], [ 114.1794205, 22.4458051 ], [ 114.1793984, 22.4459056 ], [ 114.179215700000015, 22.4461759 ], [ 114.1792124, 22.4462974 ], [ 114.1791587, 22.4462274 ], [ 114.1790461, 22.4463897 ], [ 114.178907900000013, 22.4463477 ], [ 114.1787879, 22.4463693 ], [ 114.1786947, 22.4464312 ], [ 114.1786665, 22.4463916 ], [ 114.1786212, 22.4464145 ], [ 114.1785452, 22.4463699 ], [ 114.178407, 22.4463618 ], [ 114.177996, 22.4464622 ], [ 114.1779343, 22.4465013 ], [ 114.1778223, 22.4466723 ], [ 114.1777191, 22.4470318 ], [ 114.1777043, 22.4471805 ], [ 114.1777861, 22.4475226 ], [ 114.1782112, 22.4481232 ], [ 114.1793167, 22.4492818 ], [ 114.1799368, 22.4493273 ], [ 114.1804187, 22.4495545 ], [ 114.1805738, 22.4497004 ], [ 114.1807869, 22.449944599999988 ], [ 114.1809458, 22.4504298 ], [ 114.1811838, 22.4516036 ], [ 114.1814625, 22.4520078 ], [ 114.1818361, 22.4523176 ], [ 114.1822309, 22.4524921 ], [ 114.182565600000018, 22.4525635 ], [ 114.1853536, 22.4525227 ], [ 114.1864709, 22.4525555 ], [ 114.1889476, 22.4519193 ], [ 114.1927903, 22.4510034 ], [ 114.1930171, 22.4507618 ], [ 114.1933855, 22.4510573 ], [ 114.1931788, 22.4512774 ] ] } },
{ "type": "Feature", "properties": { }, "geometry": { "type": "Polygon", "coordinates": [ [ [ 114.3718926, 22.3539548 ], [ 114.3718323, 22.3539686 ], [ 114.3718268, 22.3539384 ], [ 114.3718861, 22.3537899 ], [ 114.3719351, 22.3537784 ], [ 114.3721537, 22.3535628 ], [ 114.3722105, 22.3535547 ], [ 114.3722499, 22.3534658 ], [ 114.3723032, 22.3534686 ], [ 114.3723151, 22.3535222 ], [ 114.3723663, 22.3535532 ], [ 114.3723424, 22.353646 ], [ 114.3718926, 22.3539548 ] ] ] } },
{ "type": "Feature", "properties": { }, "geometry": { "type": "Polygon", "coordinates": [ [ [ 114.3651148, 22.349038 ], [ 114.3651225, 22.3489357 ], [ 114.3651803, 22.3489404 ], [ 114.3653913, 22.3487901 ], [ 114.3655155, 22.3488122 ], [ 114.3656278, 22.3488767 ], [ 114.3656304, 22.3489042 ], [ 114.3655164, 22.3489648 ], [ 114.3653811, 22.3489979 ], [ 114.3653556, 22.349053 ], [ 114.3651148, 22.349038 ] ] ] } },
{ "type": "Feature", "properties": { }, "geometry": { "type": "Polygon", "coordinates": [ [ [ 114.3655211, 22.3495287 ], [ 114.365575600000014, 22.3493955 ], [ 114.3657285, 22.3492642 ], [ 114.3657023, 22.3494076 ], [ 114.3657656, 22.3494319 ], [ 114.3657525, 22.3494642 ], [ 114.3656674, 22.349547 ], [ 114.3655385, 22.3495915 ], [ 114.3655211, 22.3495287 ] ] ] } },
{ "type": "Feature", "properties": { }, "geometry": { "type": "LineString", "coordinates": [ [ 114.2486554, 22.4328 ], [ 114.2484439, 22.4327757 ], [ 114.2483929, 22.4326205 ], [ 114.2482023, 22.4324874 ], [ 114.2475872, 22.4323589 ], [ 114.247038, 22.4321675 ], [ 114.246981, 22.4321279 ], [ 114.2469276, 22.4320242 ], [ 114.2468536, 22.4319933 ], [ 114.2467245, 22.4318146 ] ] } },
{ "type": "Feature", "properties": { }, "geometry": { "type": "LineString", "coordinates": [ [ 113.9896123, 22.212506 ], [ 113.9897678, 22.2125847 ], [ 113.9897888, 22.2126263 ], [ 113.9897688, 22.2126459 ], [ 113.9898229, 22.2126451 ], [ 113.9898904, 22.2127772 ], [ 113.9898567, 22.2128334 ], [ 113.9898958, 22.2128322 ], [ 113.9898758, 22.2129056 ], [ 113.989794, 22.2129668 ], [ 113.9897861, 22.2130102 ], [ 113.9898217, 22.2129925 ], [ 113.989841, 22.2130395 ], [ 113.9897644, 22.2130509 ], [ 113.9898817, 22.213246 ], [ 113.9898537, 22.2132923 ], [ 113.9899889, 22.213128 ], [ 113.9901088, 22.2132028 ], [ 113.9899425, 22.2134314 ], [ 113.989822600000011, 22.2133566 ], [ 113.9898384, 22.2133178 ], [ 113.9897683, 22.2134329 ], [ 113.9894069, 22.213616 ], [ 113.9893881, 22.2136481 ] ] } },
{ "type": "Feature", "properties": { }, "geometry": { "type": "LineString", "coordinates": [ [ 113.9893881, 22.2136481 ], [ 113.9893229, 22.2137612 ], [ 113.9893488, 22.2138172 ] ] } },
{ "type": "Feature", "properties": { }, "geometry": { "type": "LineString", "coordinates": [ [ 113.991877, 22.2155052 ], [ 113.9923928, 22.2151394 ], [ 113.9926949, 22.2151882 ], [ 113.9934392, 22.2151838 ], [ 113.9937893, 22.2152869 ], [ 113.9942218, 22.2156454 ] ] } },
{ "type": "Feature", "properties": { }, "geometry": { "type": "LineString", "coordinates": [ [ 113.9893488, 22.2138172 ], [ 113.9893957, 22.2138836 ], [ 113.9893894, 22.2140012 ] ] } },
{ "type": "Feature", "properties": { }, "geometry": { "type": "LineString", "coordinates": [ [ 113.9918668, 22.2155965 ], [ 113.991877, 22.2155052 ] ] } },
{ "type": "Feature", "properties": { }, "geometry": { "type": "LineString", "coordinates": [ [ 114.2658104, 22.3079549 ], [ 114.2657322, 22.307849 ], [ 114.265795, 22.3076555 ], [ 114.2660816, 22.3072957 ], [ 114.2661399, 22.3071509 ], [ 114.2661507, 22.3069843 ], [ 114.2659667, 22.3063609 ], [ 114.2659396, 22.306118 ], [ 114.2659825, 22.3060287 ], [ 114.2661005, 22.3059394 ], [ 114.266248, 22.3058848 ], [ 114.2667308, 22.3058004 ], [ 114.2668322, 22.3056873 ], [ 114.26635, 22.3048711 ], [ 114.2653482, 22.3029702 ], [ 114.2650142, 22.302459 ], [ 114.2646991, 22.3018746 ], [ 114.2640567, 22.3008175 ], [ 114.26383, 22.300346 ], [ 114.263767, 22.3000395 ], [ 114.2637496, 22.2997764 ], [ 114.2639635, 22.2981646 ], [ 114.2639635, 22.2981311 ], [ 114.2639065, 22.2980939 ], [ 114.2640339, 22.2976484 ], [ 114.2641697, 22.2976865 ], [ 114.2642789, 22.2973007 ], [ 114.2644762, 22.2970239 ], [ 114.2649626, 22.2966082 ], [ 114.2653373, 22.2963723 ], [ 114.26617, 22.29601 ], [ 114.2666214, 22.2958503 ], [ 114.2666309, 22.2955776 ], [ 114.266709, 22.2955692 ], [ 114.266718, 22.2918948 ], [ 114.2710154, 22.2919078 ] ] } },
{ "type": "Feature", "properties": { }, "geometry": { "type": "LineString", "coordinates": [ [ 114.1690565, 22.2934352 ], [ 114.1690704, 22.2934503 ] ] } },
{ "type": "Feature", "properties": { }, "geometry": { "type": "LineString", "coordinates": [ [ 114.1689558, 22.2934214 ], [ 114.1690565, 22.2934352 ] ] } },
{ "type": "Feature", "properties": { }, "geometry": { "type": "LineString", "coordinates": [ [ 114.1683581, 22.2941331 ], [ 114.1683152, 22.2940992 ] ] } },
{ "type": "Feature", "properties": { }, "geometry": { "type": "LineString", "coordinates": [ [ 114.168378500000017, 22.2941493 ], [ 114.1683581, 22.2941331 ] ] } },
{ "type": "Feature", "properties": { }, "geometry": { "type": "LineString", "coordinates": [ [ 114.1684535, 22.2942087 ], [ 114.168378500000017, 22.2941493 ] ] } },
{ "type": "Feature", "properties": { }, "geometry": { "type": "LineString", "coordinates": [ [ 114.1690704, 22.2934503 ], [ 114.1691695, 22.2935465 ] ] } },
{ "type": "Feature", "properties": { }, "geometry": { "type": "LineString", "coordinates": [ [ 114.167388, 22.2991948 ], [ 114.1682018, 22.2955986 ], [ 114.1646394, 22.2949041 ], [ 114.1646081, 22.2948792 ], [ 114.1647514, 22.2942419 ], [ 114.1647868, 22.2942187 ], [ 114.168359600000016, 22.2949273 ], [ 114.1685121, 22.2942551 ], [ 114.1684535, 22.2942087 ] ] } },
{ "type": "Feature", "properties": { }, "geometry": { "type": "LineString", "coordinates": [ [ 114.190936, 22.3016566 ], [ 114.1909642, 22.3017163 ] ] } },
{ "type": "Feature", "properties": { }, "geometry": { "type": "LineString", "coordinates": [ [ 114.1909232, 22.3016295 ], [ 114.190936, 22.3016566 ] ] } },
{ "type": "Feature", "properties": { }, "geometry": { "type": "LineString", "coordinates": [ [ 114.1904825, 22.3013161 ], [ 114.1908487, 22.3014719 ], [ 114.1909232, 22.3016295 ] ] } },
{ "type": "Feature", "properties": { }, "geometry": { "type": "LineString", "coordinates": [ [ 114.1899499, 22.3010965 ], [ 114.1900112, 22.3009649 ], [ 114.1900527, 22.300945 ], [ 114.1903761, 22.3010773 ], [ 114.1905463, 22.3011587 ], [ 114.1904825, 22.3013161 ] ] } },
{ "type": "Feature", "properties": { }, "geometry": { "type": "LineString", "coordinates": [ [ 114.1893024, 22.3008266 ], [ 114.1899499, 22.3010965 ] ] } },
{ "type": "Feature", "properties": { }, "geometry": { "type": "LineString", "coordinates": [ [ 114.1889959, 22.3006999 ], [ 114.1890944, 22.3005796 ], [ 114.1893234, 22.3001098 ], [ 114.1893891, 22.3000989 ], [ 114.1895608, 22.3001806 ], [ 114.189566, 22.3002221 ], [ 114.1893258, 22.3006894 ], [ 114.1893024, 22.3008266 ] ] } },
{ "type": "Feature", "properties": { }, "geometry": { "type": "LineString", "coordinates": [ [ 114.1765842, 22.295558 ], [ 114.1770569, 22.2961198 ], [ 114.1805406, 22.2990179 ], [ 114.1805875, 22.299024 ], [ 114.1806256, 22.2989205 ], [ 114.1808676, 22.2989578 ], [ 114.1808402, 22.2992726 ], [ 114.1811951, 22.2995679 ], [ 114.1825738, 22.2995826 ], [ 114.1825837, 22.2979474 ], [ 114.1819941, 22.2976272 ], [ 114.1822376, 22.2972433 ], [ 114.1830542, 22.2976832 ], [ 114.1830465, 22.2995146 ], [ 114.1838366, 22.2995174 ], [ 114.1842058, 22.2987081 ], [ 114.1889959, 22.3006999 ] ] } },
{ "type": "Feature", "properties": { }, "geometry": { "type": "LineString", "coordinates": [ [ 114.1753511, 22.2937613 ], [ 114.1760308, 22.2945267 ], [ 114.17622, 22.294961 ], [ 114.1762099, 22.2950667 ], [ 114.1762612, 22.2950706 ], [ 114.1764814, 22.2956484 ], [ 114.1765842, 22.295558 ] ] } },
{ "type": "Feature", "properties": { }, "geometry": { "type": "LineString", "coordinates": [ [ 114.1747112, 22.29329 ], [ 114.1746812, 22.2937104 ], [ 114.1753511, 22.2937613 ] ] } },
{ "type": "Feature", "properties": { }, "geometry": { "type": "LineString", "coordinates": [ [ 114.1746422, 22.2932851 ], [ 114.1747112, 22.29329 ] ] } },
{ "type": "Feature", "properties": { }, "geometry": { "type": "LineString", "coordinates": [ [ 114.1728683, 22.2933336 ], [ 114.1732296, 22.2937226 ], [ 114.1732254, 22.293776 ], [ 114.1733723, 22.2937845 ], [ 114.1734225, 22.2931977 ], [ 114.1746422, 22.2932851 ] ] } },
{ "type": "Feature", "properties": { }, "geometry": { "type": "LineString", "coordinates": [ [ 114.1727872, 22.2932462 ], [ 114.1728683, 22.2933336 ] ] } },
{ "type": "Feature", "properties": { }, "geometry": { "type": "LineString", "coordinates": [ [ 114.1691695, 22.2935465 ], [ 114.169349, 22.293491 ], [ 114.16951, 22.29296 ], [ 114.16957, 22.292915 ], [ 114.1709207, 22.2930176 ], [ 114.1710114, 22.2931112 ], [ 114.1727872, 22.2932462 ] ] } },
{ "type": "Feature", "properties": { }, "geometry": { "type": "LineString", "coordinates": [ [ 114.2109802, 22.3131532 ], [ 114.2134339, 22.3155186 ], [ 114.2143058, 22.3147446 ], [ 114.2174296, 22.3115738 ], [ 114.2187409, 22.3100593 ], [ 114.219475200000019, 22.3091278 ], [ 114.2198987, 22.3094135 ], [ 114.2203654, 22.3088215 ], [ 114.2199526, 22.3085432 ], [ 114.220027300000012, 22.3084484 ], [ 114.2204401, 22.3087267 ], [ 114.220758, 22.3083197 ], [ 114.2200346, 22.3078344 ], [ 114.220084400000019, 22.3077708 ] ] } },
{ "type": "Feature", "properties": { }, "geometry": { "type": "LineString", "coordinates": [ [ 114.2167661, 22.3054457 ], [ 114.2157839, 22.3063259 ], [ 114.2153298, 22.3068177 ], [ 114.2154582, 22.3076045 ], [ 114.2154559, 22.3077657 ], [ 114.2153729, 22.3079926 ], [ 114.2151973, 22.3081996 ], [ 114.2134465, 22.3097504 ], [ 114.213399, 22.3097021 ], [ 114.2133814, 22.3097178 ], [ 114.2134306, 22.3097688 ], [ 114.2133873, 22.3098123 ], [ 114.2133399, 22.3098024 ], [ 114.2131674, 22.3099594 ], [ 114.2129728, 22.3097699 ], [ 114.2130146, 22.3097334 ], [ 114.2131654, 22.3098816 ], [ 114.2132758, 22.3097858 ], [ 114.2128557, 22.3093796 ], [ 114.212483300000017, 22.3094905 ], [ 114.2118497, 22.3098865 ], [ 114.2096586, 22.31182 ] ] } },
{ "type": "Feature", "properties": { }, "geometry": { "type": "LineString", "coordinates": [ [ 114.218735, 22.3067851 ], [ 114.2187897, 22.3067523 ], [ 114.218861, 22.3067687 ], [ 114.2201721, 22.307659 ] ] } },
{ "type": "Feature", "properties": { }, "geometry": { "type": "LineString", "coordinates": [ [ 114.1944856, 22.3178701 ], [ 114.1942756, 22.3179616 ], [ 114.1941588, 22.3181002 ], [ 114.1942599, 22.3183087 ], [ 114.1943414, 22.3182737 ], [ 114.194465, 22.3185204 ], [ 114.1943866, 22.318554 ], [ 114.1944804, 22.3187484 ], [ 114.1945486, 22.3187078 ], [ 114.1945855, 22.3187846 ], [ 114.1945068, 22.3188032 ], [ 114.1948964, 22.3196013 ], [ 114.19501750000002, 22.3195495 ], [ 114.1950747, 22.3196694 ], [ 114.195006, 22.319699 ], [ 114.1951114, 22.3199101 ], [ 114.1950627, 22.3199317 ], [ 114.1952729, 22.3203537 ], [ 114.1960308, 22.3207539 ] ] } },
{ "type": "Feature", "properties": { }, "geometry": { "type": "LineString", "coordinates": [ [ 114.220084400000019, 22.3077708 ], [ 114.2188191, 22.3069143 ], [ 114.2187517, 22.3068943 ], [ 114.2187195, 22.3068382 ], [ 114.218735, 22.3067851 ] ] } },
{ "type": "Feature", "properties": { }, "geometry": { "type": "LineString", "coordinates": [ [ 114.2096586, 22.31182 ], [ 114.2086901, 22.3126873 ], [ 114.2087064, 22.3127841 ], [ 114.2086131, 22.3128669 ], [ 114.2085372, 22.3127988 ], [ 114.2084189, 22.3129046 ], [ 114.2083814, 22.3128689 ], [ 114.208282, 22.3129048 ], [ 114.2000443, 22.3202758 ], [ 114.2001088, 22.3203356 ], [ 114.20011, 22.3204469 ], [ 114.200806200000017, 22.322165 ], [ 114.2010775, 22.3220597 ], [ 114.2010655, 22.3220348 ], [ 114.2109802, 22.3131532 ] ] } },
{ "type": "Feature", "properties": { }, "geometry": { "type": "LineString", "coordinates": [ [ 114.2646754, 22.3089825 ], [ 114.265038300000015, 22.308808 ], [ 114.2653301, 22.308284 ], [ 114.265472300000013, 22.3082665 ], [ 114.265776500000015, 22.3081093 ], [ 114.2658104, 22.3079549 ] ] } },
{ "type": "Feature", "properties": { }, "geometry": { "type": "LineString", "coordinates": [ [ 114.2560631, 22.2997958 ], [ 114.2560564, 22.3007318 ], [ 114.2560904, 22.3008307 ], [ 114.256178, 22.3009056 ], [ 114.2566759, 22.3009099 ], [ 114.2567525, 22.3009699 ], [ 114.2568134, 22.3009675 ], [ 114.257223, 22.3013172 ], [ 114.2595774, 22.3013234 ], [ 114.2595868, 22.3015049 ], [ 114.259684, 22.301697 ], [ 114.2597757, 22.3017792 ], [ 114.259953, 22.3018442 ], [ 114.2601428, 22.3018276 ], [ 114.2603038, 22.3017331 ], [ 114.2604441, 22.3014801 ], [ 114.2604339, 22.3013464 ], [ 114.2609555, 22.3013238 ], [ 114.2609562, 22.3011971 ], [ 114.2613524, 22.301199 ], [ 114.26135170000002, 22.3013257 ], [ 114.2626996, 22.3013331 ], [ 114.2630736, 22.3014571 ], [ 114.2634046, 22.3016747 ], [ 114.2635471, 22.3018709 ], [ 114.2651434, 22.3047016 ], [ 114.2653427, 22.3051888 ], [ 114.2653579, 22.3054503 ], [ 114.265315200000018, 22.3057091 ], [ 114.264356, 22.3080128 ], [ 114.264341, 22.3081007 ], [ 114.264444800000021, 22.3082704 ], [ 114.2644467, 22.308613 ], [ 114.2646754, 22.3089825 ] ] } },
{ "type": "Feature", "properties": { }, "geometry": { "type": "LineString", "coordinates": [ [ 114.1198385, 22.3486429 ], [ 114.1199336, 22.3483641 ] ] } },
{ "type": "Feature", "properties": { }, "geometry": { "type": "LineString", "coordinates": [ [ 114.1216286, 22.3433948 ], [ 114.1225104, 22.3407679 ] ] } },
{ "type": "Feature", "properties": { }, "geometry": { "type": "LineString", "coordinates": [ [ 114.1207331, 22.3460201 ], [ 114.1216286, 22.3433948 ] ] } },
{ "type": "Feature", "properties": { }, "geometry": { "type": "LineString", "coordinates": [ [ 114.1225104, 22.3407679 ], [ 114.1233891, 22.3381433 ], [ 114.1287429, 22.3397165 ] ] } },
{ "type": "Feature", "properties": { }, "geometry": { "type": "LineString", "coordinates": [ [ 113.9651249, 22.3724992 ], [ 113.9651573, 22.3724374 ], [ 113.9659631, 22.3722272 ] ] } },
{ "type": "Feature", "properties": { }, "geometry": { "type": "LineString", "coordinates": [ [ 113.9650399, 22.3725215 ], [ 113.9651249, 22.3724992 ] ] } },
{ "type": "Feature", "properties": { }, "geometry": { "type": "LineString", "coordinates": [ [ 113.9718336, 22.3719232 ], [ 113.968273, 22.3782537 ] ] } },
{ "type": "Feature", "properties": { }, "geometry": { "type": "LineString", "coordinates": [ [ 113.966333, 22.3721064 ], [ 113.9663408, 22.3721318 ] ] } },
{ "type": "Feature", "properties": { }, "geometry": { "type": "LineString", "coordinates": [ [ 113.9659631, 22.3722272 ], [ 113.9659109, 22.3720456 ], [ 113.965948400000016, 22.3719478 ], [ 113.9659194, 22.3718556 ] ] } },
{ "type": "Feature", "properties": { }, "geometry": { "type": "LineString", "coordinates": [ [ 113.9659194, 22.3718556 ], [ 113.965650200000013, 22.3709688 ], [ 113.9657019, 22.3709581 ], [ 113.9658205, 22.3713063 ], [ 113.9659388, 22.3713231 ], [ 113.9659119, 22.3711716 ], [ 113.965959, 22.371161 ], [ 113.9661869, 22.3719113 ], [ 113.9662324, 22.3719522 ], [ 113.966266, 22.3720517 ], [ 113.966333, 22.3721064 ] ] } },
{ "type": "Feature", "properties": { }, "geometry": { "type": "LineString", "coordinates": [ [ 113.9613877, 22.3727722 ], [ 113.9629235, 22.372773 ], [ 113.9629239, 22.3728116 ], [ 113.9630508, 22.3728105 ], [ 113.9630503, 22.3727677 ], [ 113.9639081, 22.372698 ], [ 113.9643394, 22.3726301 ], [ 113.9650471, 22.3724651 ], [ 113.9650399, 22.3725215 ] ] } },
{ "type": "Feature", "properties": { }, "geometry": { "type": "LineString", "coordinates": [ [ 113.9663408, 22.3721318 ], [ 113.9704806, 22.3709973 ], [ 113.9721502, 22.3707872 ], [ 113.9730049, 22.3707608 ], [ 113.9739974, 22.370824 ], [ 113.9740921, 22.3708612 ], [ 113.9740928, 22.3709145 ], [ 113.9740414, 22.3709447 ], [ 113.9730932, 22.3708937 ], [ 113.97286, 22.370905 ], [ 113.9726183, 22.3709693 ], [ 113.9724663, 22.3710643 ], [ 113.9722755, 22.3712545 ], [ 113.9719045, 22.3718869 ], [ 113.9718336, 22.3719232 ] ] } },
{ "type": "Feature", "properties": { }, "geometry": { "type": "LineString", "coordinates": [ [ 114.301511500000018, 22.2714753 ], [ 114.3036451, 22.2697799 ], [ 114.303744, 22.2695658 ] ] } },
{ "type": "Feature", "properties": { }, "geometry": { "type": "LineString", "coordinates": [ [ 114.3044815, 22.2698441 ], [ 114.3044709, 22.2699307 ], [ 114.3044072, 22.2700045 ], [ 114.3042627, 22.2701388 ], [ 114.3039899, 22.2703245 ], [ 114.3039787, 22.2703731 ], [ 114.3036515, 22.2705803 ], [ 114.3031598, 22.2710052 ], [ 114.3018787, 22.2719831 ] ] } },
{ "type": "Feature", "properties": { }, "geometry": { "type": "LineString", "coordinates": [ [ 114.1909642, 22.3017163 ], [ 114.1910764, 22.3019538 ], [ 114.1914537, 22.3017865 ], [ 114.1916801, 22.3018087 ], [ 114.1931178, 22.3027806 ], [ 114.1928022, 22.3037777 ], [ 114.1934402, 22.3063824 ] ] } },
{ "type": "Feature", "properties": { }, "geometry": { "type": "LineString", "coordinates": [ [ 114.1627744, 22.2378123 ], [ 114.1643258, 22.2381555 ], [ 114.1643935, 22.2381469 ] ] } },
{ "type": "Feature", "properties": { }, "geometry": { "type": "LineString", "coordinates": [ [ 114.1960308, 22.3207539 ], [ 114.2045221, 22.3131482 ], [ 114.2045629, 22.3131472 ], [ 114.2052157, 22.3125647 ], [ 114.2052102, 22.3125269 ], [ 114.2067007, 22.3111979 ], [ 114.207017, 22.3107257 ], [ 114.2079729, 22.3098654 ], [ 114.2083015, 22.3097672 ], [ 114.2088914, 22.3092295 ], [ 114.208931, 22.3092327 ], [ 114.2124625, 22.3059993 ], [ 114.2155489, 22.3033054 ], [ 114.2157093, 22.3032684 ], [ 114.2158762, 22.3033075 ], [ 114.2159342, 22.3032817 ], [ 114.2173009, 22.3046301 ], [ 114.2173463, 22.304804 ], [ 114.2172957, 22.304957 ], [ 114.2167661, 22.3054457 ] ] } },
{ "type": "Feature", "properties": { }, "geometry": { "type": "LineString", "coordinates": [ [ 114.2330188, 22.4677269 ], [ 114.2331585, 22.4676651 ], [ 114.233795, 22.4676311 ], [ 114.233929500000016, 22.4676853 ] ] } },
{ "type": "Feature", "properties": { }, "geometry": { "type": "LineString", "coordinates": [ [ 114.3015201, 22.3881311 ], [ 114.3015362, 22.3881927 ] ] } },
{ "type": "Feature", "properties": { }, "geometry": { "type": "LineString", "coordinates": [ [ 114.2997117, 22.3862491 ], [ 114.2997375, 22.3858961 ], [ 114.2997163, 22.3858091 ], [ 114.2994735, 22.3855935 ], [ 114.2993609, 22.3855359 ], [ 114.2992938, 22.3854491 ], [ 114.2992472, 22.3853185 ], [ 114.2992519, 22.3852061 ], [ 114.2990869, 22.3849079 ] ] } },
{ "type": "Feature", "properties": { }, "geometry": { "type": "LineString", "coordinates": [ [ 114.2990869, 22.3849079 ], [ 114.2988672, 22.3847214 ] ] } },
{ "type": "Feature", "properties": { }, "geometry": { "type": "LineString", "coordinates": [ [ 114.2994667, 22.3868463 ], [ 114.2996057, 22.3866002 ], [ 114.2997117, 22.3862491 ] ] } },
{ "type": "Feature", "properties": { }, "geometry": { "type": "LineString", "coordinates": [ [ 114.0002011, 22.3208102 ], [ 113.999784, 22.3209281 ], [ 113.999547100000015, 22.3209401 ], [ 113.9993266, 22.3209078 ], [ 113.9992159, 22.3208101 ], [ 113.9989452, 22.3206605 ], [ 113.9988268, 22.3204313 ], [ 113.998592700000017, 22.3201336 ], [ 113.9985229, 22.3199424 ] ] } },
{ "type": "Feature", "properties": { }, "geometry": { "type": "LineString", "coordinates": [ [ 113.9778923, 22.3047806 ], [ 113.977786, 22.3047155 ], [ 113.9775439, 22.3046444 ], [ 113.9772905, 22.3046592 ], [ 113.9769177, 22.3047984 ], [ 113.9766476, 22.3048439 ], [ 113.9763732, 22.3048331 ], [ 113.9759834, 22.3047131 ], [ 113.9757568, 22.3045696 ], [ 113.9752561, 22.3041749 ], [ 113.9748611, 22.3037766 ], [ 113.974671, 22.3035143 ], [ 113.974437, 22.3029817 ], [ 113.974293, 22.3027966 ], [ 113.9739905, 22.3025931 ], [ 113.9739595, 22.3025499 ], [ 113.973966600000011, 22.3024985 ], [ 113.9729252, 22.3018856 ], [ 113.972819300000012, 22.3019007 ], [ 113.9718322, 22.3013747 ], [ 113.9715795, 22.3013602 ], [ 113.9714158, 22.3013238 ], [ 113.9712495, 22.3012459 ], [ 113.9709322, 22.3008738 ], [ 113.9707355, 22.3008028 ], [ 113.970678, 22.3007509 ], [ 113.9706381, 22.3006461 ], [ 113.9700498, 22.3004533 ], [ 113.9693629, 22.3004106 ], [ 113.9690799, 22.3002293 ], [ 113.9682894, 22.2999935 ], [ 113.9681408, 22.2999983 ], [ 113.967055500000015, 22.2997252 ], [ 113.9668359, 22.3005974 ], [ 113.9666809, 22.3010219 ], [ 113.9662837, 22.3018386 ], [ 113.9657761, 22.3026012 ], [ 113.9651665, 22.3032969 ], [ 113.9648265, 22.303616 ], [ 113.964465, 22.303914099999989 ], [ 113.9636834, 22.3044424 ], [ 113.9632666, 22.3046705 ], [ 113.962082, 22.3052248 ], [ 113.9610423, 22.3057837 ], [ 113.9602371, 22.3063437 ], [ 113.9596026, 22.306865 ], [ 113.9594032, 22.3069715 ], [ 113.959198, 22.3070312 ], [ 113.9591474, 22.3070323 ], [ 113.9590912, 22.3069801 ], [ 113.9586702, 22.3069536 ], [ 113.9584183, 22.3068848 ], [ 113.9582397, 22.3067818 ], [ 113.9565424, 22.3051801 ], [ 113.9566045, 22.3051688 ], [ 113.956694900000016, 22.3052393 ], [ 113.9576841, 22.3060858 ], [ 113.9583416, 22.3054482 ], [ 113.9584286, 22.3052574 ], [ 113.9584589, 22.3050777 ], [ 113.9584214, 22.3048329 ], [ 113.9583384, 22.3046441 ], [ 113.9582282, 22.3044946 ], [ 113.9580919, 22.304403 ], [ 113.9573927, 22.3040626 ], [ 113.9570586, 22.3039975 ], [ 113.9570004, 22.3040513 ], [ 113.9565351, 22.303998 ], [ 113.9563476, 22.3040111 ], [ 113.9559372, 22.3041079 ], [ 113.9558605, 22.3040877 ], [ 113.9558253, 22.3040385 ], [ 113.9556221, 22.3041348 ], [ 113.9555201, 22.3041459 ], [ 113.9553232, 22.3040972 ], [ 113.9514345, 22.3003584 ], [ 113.9502197, 22.2990377 ], [ 113.9497435, 22.2986037 ], [ 113.9493114, 22.2982702 ], [ 113.9492253, 22.2982686 ], [ 113.9485942, 22.2978485 ], [ 113.9472596, 22.2970918 ], [ 113.9470747, 22.2970124 ] ] } },
{ "type": "Feature", "properties": { }, "geometry": { "type": "LineString", "coordinates": [ [ 113.9985229, 22.3199424 ], [ 113.998398, 22.3198309 ], [ 113.9983069, 22.3197934 ], [ 113.9983087, 22.3197491 ], [ 113.998257, 22.3197728 ], [ 113.9980166, 22.3197258 ], [ 113.9977762, 22.3197587 ], [ 113.997377, 22.3199071 ], [ 113.9973456, 22.3198767 ], [ 113.9971925, 22.3199297 ], [ 113.9961161, 22.3187127 ], [ 113.9963601, 22.318594 ], [ 113.996360800000019, 22.318501 ], [ 113.9969847, 22.3181358 ], [ 113.9972076, 22.3173667 ], [ 113.996817, 22.3168578 ], [ 113.9966744, 22.3166057 ], [ 113.9967038, 22.316553 ], [ 113.9966588, 22.3164899 ], [ 113.99658380000001, 22.3164842 ], [ 113.9957575, 22.3154097 ], [ 113.995049, 22.3146416 ], [ 113.993907, 22.3136543 ], [ 113.9939058, 22.3135819 ], [ 113.9938805, 22.3135683 ], [ 113.9938358, 22.3135969 ], [ 113.9927723, 22.3127434 ], [ 113.9918787, 22.3120912 ], [ 113.991114, 22.3117109 ], [ 113.9903964, 22.3116267 ], [ 113.9903936, 22.3115819 ], [ 113.9902626, 22.3115733 ], [ 113.9901945, 22.3116096 ], [ 113.986963800000012, 22.3112556 ], [ 113.9869225, 22.3111946 ], [ 113.986889500000018, 22.3111919 ], [ 113.9868588, 22.3112388 ], [ 113.9866558, 22.3112063 ], [ 113.9860601, 22.3109799 ], [ 113.9843801, 22.3099899 ], [ 113.9826859, 22.309039 ], [ 113.9821279, 22.3086983 ], [ 113.98213, 22.3086068 ], [ 113.9821072, 22.3085926 ], [ 113.9820757, 22.3085806 ], [ 113.9819923, 22.3086247 ], [ 113.980219500000018, 22.3076496 ], [ 113.9798665, 22.3074158 ], [ 113.979547600000018, 22.3071225 ], [ 113.9791151, 22.3065626 ], [ 113.9787345, 22.3059704 ], [ 113.9778923, 22.3047806 ] ] } },
{ "type": "Feature", "properties": { }, "geometry": { "type": "LineString", "coordinates": [ [ 114.049668, 22.3462684 ], [ 114.048872, 22.3463507 ], [ 114.0479316, 22.346297 ], [ 114.0474544, 22.3464795 ], [ 114.0469965, 22.3467248 ], [ 114.0465161, 22.3468539 ], [ 114.0463183, 22.3469408 ], [ 114.0461601, 22.3470363 ], [ 114.0458442, 22.3474053 ], [ 114.045698, 22.3474636 ], [ 114.0455706, 22.3474686 ], [ 114.045242, 22.3473524 ], [ 114.0446192, 22.3468359 ], [ 114.044475, 22.3466797 ], [ 114.0444387, 22.3465668 ], [ 114.0444361, 22.3463708 ], [ 114.0445125, 22.3461624 ], [ 114.0445313, 22.3460061 ], [ 114.0444991, 22.3457717 ], [ 114.044359600000021, 22.3455534 ], [ 114.0441732, 22.3454262 ], [ 114.0441658, 22.3453878 ], [ 114.0442537, 22.345056 ], [ 114.0442517, 22.3446894 ], [ 114.0444723, 22.3444314 ], [ 114.0445159, 22.3443186 ], [ 114.0445561, 22.3435656 ], [ 114.044608, 22.3434599 ] ] } },
{ "type": "Feature", "properties": { }, "geometry": { "type": "LineString", "coordinates": [ [ 114.3358087, 22.5100209 ], [ 114.335741900000016, 22.5100418 ], [ 114.3357495, 22.5100928 ], [ 114.3357086, 22.5100989 ], [ 114.3357052, 22.5101511 ], [ 114.3356223, 22.5101179 ], [ 114.3356182, 22.5100788 ], [ 114.3354992, 22.5100714 ], [ 114.3355463, 22.5101634 ], [ 114.3355143, 22.510198 ], [ 114.3354182, 22.5101943 ], [ 114.3354021, 22.5102191 ], [ 114.3352941, 22.510185 ], [ 114.3351929, 22.5102435 ], [ 114.3351071, 22.5102247 ], [ 114.3346263, 22.5104136 ], [ 114.334652500000018, 22.5104852 ], [ 114.3345016, 22.5105771 ], [ 114.3344405, 22.5105196 ], [ 114.3344003, 22.5105487 ], [ 114.3344311, 22.5106261 ], [ 114.3342843, 22.5107358 ], [ 114.334347500000021, 22.510785 ], [ 114.334330600000015, 22.5108293 ], [ 114.334177, 22.5109042 ], [ 114.3342159, 22.5109439 ], [ 114.3341723, 22.5109866 ], [ 114.3340697, 22.5109513 ], [ 114.3340724, 22.5109922 ], [ 114.3340375, 22.5109996 ], [ 114.3340255, 22.5110281 ], [ 114.3341012, 22.511074 ], [ 114.3340644, 22.5111355 ], [ 114.3340858, 22.5111805 ], [ 114.3340208, 22.5112753 ], [ 114.3339182, 22.5112784 ], [ 114.334, 22.5113026 ], [ 114.333994600000011, 22.5113372 ], [ 114.3339115, 22.5113887 ], [ 114.3337123, 22.5113868 ], [ 114.3336801, 22.5113372 ], [ 114.3331345, 22.5112079 ], [ 114.3328399, 22.51092 ], [ 114.3326526, 22.5105977 ], [ 114.331384600000021, 22.5098453 ], [ 114.3304614, 22.509548 ], [ 114.3301929, 22.5093842 ], [ 114.3298075, 22.50889 ], [ 114.3291624, 22.5084929 ], [ 114.328691, 22.5081397 ], [ 114.3281571, 22.5078286 ], [ 114.3278362, 22.5075136 ], [ 114.3277107, 22.5071598 ], [ 114.327464500000019, 22.5070944 ], [ 114.3273783, 22.5069545 ], [ 114.3272349, 22.506521 ], [ 114.3267607, 22.5060242 ], [ 114.3263322, 22.5058989 ], [ 114.3258387, 22.5058964 ], [ 114.3256134, 22.5059485 ], [ 114.323996100000016, 22.5058822 ], [ 114.3235324, 22.5057696 ], [ 114.3221501, 22.50534 ], [ 114.321850600000019, 22.5048793 ], [ 114.3214491, 22.5048392 ], [ 114.3202932, 22.5046464 ], [ 114.3200123, 22.5044449 ], [ 114.3200397, 22.5041668 ], [ 114.3202409, 22.5040082 ], [ 114.3202892, 22.5038819 ], [ 114.3201818, 22.50374 ], [ 114.3195788, 22.503619 ], [ 114.3193262, 22.5038309 ], [ 114.3182024, 22.5037951 ], [ 114.317831, 22.5038439 ], [ 114.3175446, 22.5043091 ], [ 114.3174601, 22.50436 ], [ 114.31719, 22.50435 ], [ 114.3169411, 22.5042822 ], [ 114.3163999, 22.5037335 ], [ 114.3160324, 22.5038512 ], [ 114.31609, 22.5042099 ], [ 114.3154855, 22.5042063 ], [ 114.3147364, 22.5041553 ], [ 114.31333, 22.50339 ], [ 114.313287, 22.5028759 ], [ 114.3127901, 22.5027401 ], [ 114.3122939, 22.5029141 ], [ 114.3119737, 22.5028211 ], [ 114.3118671, 22.502659 ], [ 114.3117277, 22.5025852 ], [ 114.3111634, 22.5025952 ], [ 114.3106932, 22.5026564 ], [ 114.3102544, 22.5026348 ], [ 114.309957, 22.5025258 ], [ 114.3096327, 22.502324099999989 ], [ 114.3091437, 22.5018814 ], [ 114.3089428, 22.5012474 ], [ 114.3089752, 22.5011259 ], [ 114.3089181, 22.5011292 ], [ 114.3085993, 22.5015611 ], [ 114.3082235, 22.5015767 ], [ 114.3077077, 22.5014602 ], [ 114.3066818, 22.5013782 ], [ 114.3064551, 22.5009272 ], [ 114.30564, 22.5003001 ], [ 114.3052296, 22.5003047 ], [ 114.3049246, 22.4997259 ], [ 114.304396, 22.4994215 ], [ 114.3043155, 22.4992388 ], [ 114.3042729, 22.498831 ], [ 114.3046999, 22.49836 ], [ 114.3046398, 22.4981978 ], [ 114.3041155, 22.4980759 ], [ 114.303728, 22.4982132 ], [ 114.30368630000001, 22.4983534 ], [ 114.3037399, 22.498483 ], [ 114.3037244, 22.4986803 ], [ 114.3032303, 22.4992653 ], [ 114.303067100000021, 22.4995525 ], [ 114.303107, 22.4997015 ], [ 114.3030131, 22.49987 ], [ 114.302876, 22.4999212 ], [ 114.3017717, 22.5008387 ], [ 114.3016322, 22.5012005 ], [ 114.3012406, 22.501317 ], [ 114.3008973, 22.5011931 ], [ 114.3004333, 22.5010816 ], [ 114.3002818, 22.5011278 ], [ 114.3001146, 22.5014135 ], [ 114.3001221, 22.5015351 ], [ 114.3005352, 22.5018944 ], [ 114.3005459, 22.5022661 ] ] } }
]
}
